tree
version=v4
num_class=3
num_tree_per_iteration=3
label_index=0
max_feature_idx=29
objective=multiclass num_class:3
feature_names=agg_trade_count agg_volume agg_vwap buyer_maker_ratio close count dist_liq_below_5m dist_liq_up_5m high liquidity_below_1d liquidity_below_1h liquidity_below_4h liquidity_below_5m liquidity_up_1d liquidity_up_1h liquidity_up_4h liquidity_up_5m log_ret low nearest_liq_1d nearest_liq_1h nearest_liq_4h nearest_liq_5m open quote_volume sma_ratio taker_buy_quote_volume taker_buy_volume volatility_20 volume
feature_infos=[0:60486] [0:24692.412] [3871.683381276187:109160.27300486306] [0:1] [3891.9899999999998:109214.2] [0:135648] [-0.22720516563089888:0.29106166247127491] [-0.063308617377593732:0.56555129894989453] [3920:109441.39999999999] [3621.8099999999999:90200] [3621.8099999999999:104607.2] [3621.8099999999999:99501] [3621.8099999999999:107076.60000000001] [7457:110000] [5200:108366.8] [5954.4700000000003:110000] [4598:110000] [-0.040870700427044791:0.037775403641045417] [3784.0100000000002:109017.7] [3621.8099999999999:110000] [3621.8099999999999:108366.8] [3621.8099999999999:110000] [3621.8099999999999:110000] [3812.1199999999999:109100] [0:949004653.14987004] [0.90223325106650676:1.1172357529705053] [0:521000449.71104002] [0:14274.99] [0:0.032329278684568488] [0:24692.412]
tree_sizes=3537 3467 3487 3585 3554 3577 3574 3572 3590 3587 3588 3604 3590 3571 3583 3587 3572 3577 3584 3591 3597 3602 3582 3608 3599 3577 3601 3574 3599 3599 3589 3584 3596 3598 3597 3602 3587 3561 3604 3595 3597 3608 3587 3583 3615 3587 3591 3612 3591 3594 3601 3601 3568 3591 3593 3585 3609 3605 3600 3598 3590 3590 3622 3600 3603 3602 3605 3584 3621 3613 3592 3606 3600 3606 3601 3610 3595 3609 3606 3594 3588 3611 3574 3599 3614 3567 3595 3604 3566 3621 3602 3596 3614 3596 3564 3596 3599 3585 3597 3615 3588 3597 3589 3580 3589 3601 3568 3584 3604 3581 3592 3590 3573 3588 3604 3587 3587 3586 3565 3580 3589 3579 3586 3589 3562 3581

Tree=0
num_leaves=31
num_cat=0
split_feature=28 28 28 28 28 28 28 0 0 0 7 9 14 13 19 28 9 2 28 9 11 11 9 9 28 22 0 6 0 11
split_gain=439566 69828.7 57163.5 11248.7 7786.82 7505.4 7026.36 2403.39 2151.39 2001.55 1361.72 1155.32 1696.35 1102.5 1164.24 1083.83 1072.5 1972.79 1015.78 942.435 936.493 920.135 884.952 869.447 862.439 831.493 828.602 827.72 742.003 571.533
threshold=0.000827023980239554 0.00050125420332707438 0.0013269076416109271 0.00032898097348841253 0.0017851237758884741 0.0006447210912065329 0.0010420724802479506 890.50000000000011 622.50000000000011 491.50000000000006 0.037313229788923492 17574.100000000002 19402.450000000004 39956.450000000004 32640.665000000005 0.00093237664442929189 33578.765000000007 30767.555141492969 0.00021395048755677609 24679.000000000004 5041.8100000000004 5041.8100000000004 47909.215000000004 51511.750000000007 0.00040236851738306153 61646.875000000007 319.50000000000006 0.062439781912884712 1676.5000000000002 37423.085000000006
decision_type=2 2 2 2 2 2 2 2 2 2 2 2 2 2 2 2 2 2 2 2 2 2 2 2 2 2 2 2 2 2
left_child=1 3 6 18 11 8 15 25 -3 24 27 12 21 -13 -15 -2 17 20 -1 -19 -8 -4 -11 -10 -5 26 -7 -6 -18 -9
right_child=2 5 4 9 10 7 16 29 23 22 -12 13 -14 14 -16 -17 28 19 -20 -21 -22 -23 -24 -25 -26 -27 -28 -29 -30 -31
leaf_value=-0.44764915779613335 -0.51043497550905226 -0.47934235953591364 -0.56839027442503265 -0.46123364499921476 -0.55599179376945729 -0.48671462015361305 -0.56414771117729179 -0.50987783584278301 -0.49266254873756432 -0.47766654192994151 -0.57243861245155314 -0.52494585968871976 -0.56349759421430534 -0.55626095173972523 -0.54037625279004353 -0.51904934706320749 -0.51902453724323205 -0.5614852781145423 -0.45532015797474445 -0.53968440942278217 -0.52567778940533005 -0.53546215608528336 -0.46705700174907322 -0.47999158436510975 -0.4688798608781905 -0.48181718233857362 -0.49788526427333324 -0.57119197405046063 -0.53207769569609165 -0.50105744420821219
leaf_weight=65897.446137189865 80104.971737921238 100988.4067054987 2577.1577318310738 70095.404735565186 29807.58132815361 21293.326396346092 1649.4024026989937 37305.060835242271 68013.584996819496 67118.54287225008 55595.961638689041 7412.0323511362076 20934.200285851955 17098.584503769875 35452.40973508358 67098.163106501102 25092.296548008919 6157.8643156290054 125047.30365687609 25426.216721773148 38702.950120210648 12001.293012320995 27793.692017912865 16902.844830453396 77822.945360600948 12704.707073450089 75329.981605708599 12803.202329218388 19231.349453032017 36174.772522866726
leaf_count=180498 159060 238207 3325 180570 42892 48342 2212 74324 149556 159666 69028 13427 28238 24549 57658 126297 47238 8455 331003 41563 69771 20226 69656 39738 193336 29590 160923 16088 33192 75901
internal_value=-0.497644 -0.475351 -0.536778 -0.461753 -0.557399 -0.491349 -0.521618 -0.498542 -0.484275 -0.468893 -0.567284 -0.547231 -0.554378 -0.542998 -0.545545 -0.514362 -0.530806 -0.534576 -0.452673 -0.543935 -0.52725 -0.541283 -0.47456 -0.49014 -0.465256 -0.493842 -0.495424 -0.560559 -0.524688 -0.505535
internal_weight=1.25963e+06 802488 457146 433775 193682 368713 263463 182808 185905 242831 98206.7 95475.7 35512.7 59963 52551 147203 116260 71936.4 190945 31584.1 40352.4 14578.5 94912.2 84916.4 147918 109328 96623.3 42610.8 44323.6 73479.8
internal_count=2694529 1931310 763219 1114729 275431 816581 487788 389080 427501 603228 128008 147423 51789 95634 82207 285357 202431 122001 511501 50018 71983 23551 229322 189294 373906 238855 209265 58980 80430 150225
is_linear=0
shrinkage=1


Tree=1
num_leaves=31
num_cat=0
split_feature=28 28 28 28 28 25 6 6 28 28 7 6 25 14 15 10 15 9 0 0 10 0 14 19 14 11 20 14 15 13
split_gain=152245 24071.7 22004.6 3855.28 3560.81 2791.9 2318.48 1766.52 1718.17 1517.04 856.285 833.692 737.391 730.009 754.942 604.272 581.915 567.461 630.145 566.029 547.656 542.605 534.524 524.924 725.139 497.367 660.815 478.584 457.214 450.456
threshold=0.00079769528298338072 0.0012658606927035529 0.00048585187618313308 0.0019062378835394461 0.00032898097348841253 1.0015601864891435 0.013262521206114595 0.020618467664195759 0.00064879341439258692 0.00097485034169496635 0.047868985396915552 0.02423116176656202 1.0010922950528258 61080.700000000004 18935.000000000004 4576.420000000001 7546.1900000000014 51511.750000000007 440.50000000000006 1334.5000000000002 4576.420000000001 1739.5000000000002 6875.5000000000009 9124.010000000002 58890.000000000007 37423.085000000006 32001.405000000002 60830.80000000001 18935.000000000004 69639.85000000002
decision_type=2 2 2 2 2 2 2 2 2 2 2 2 2 2 2 2 2 2 2 2 2 2 2 2 2 2 2 2 2 2
left_child=2 6 4 7 -1 8 10 15 17 16 25 20 29 14 -11 -3 -8 18 -4 -7 -5 -9 -12 -10 -25 26 -2 -18 -17 -6
right_child=1 3 5 11 12 19 9 21 23 13 22 -13 -14 -15 -16 28 27 -19 -20 -21 -22 -23 -24 24 -26 -27 -28 -29 -30 -31
leaf_value=-1.6954404098593727 -1.6601759956141779 -1.5775753178265066 -1.6776620478247088 -1.5703953152051324 -1.6837461072123889 -1.6589002703432676 -1.5921336168484783 -1.6254076821846111 -1.6807661042046258 -1.647838256305417 -1.5399200096936358 -1.6052558085928064 -1.6739800046080233 -1.6478067701720871 -1.6325291759049096 -1.6542012045012486 -1.647122868508557 -1.6822207097987911 -1.6696256162856697 -1.6444488816395082 -1.6222049271703958 -1.6156507180567881 -1.6428168424526279 -1.660469879002517 -1.6708301047313252 -1.6660326561844583 -1.6416059418844697 -1.6572106751720983 -1.6348640647839128 -1.6915389000284793
leaf_weight=123146.16430693865 16404.493439167738 428.05959194898605 39350.009827822447 532.73993280529976 103248.94383409619 21107.615310639143 439.12711974978447 31085.680756211281 4830.6289344727993 10036.746652036905 128.42940646409988 40962.524504303932 16754.965189397335 15985.887323230505 40743.018880158663 3531.6934088170528 42618.157543361187 18349.380551457405 64170.549227833748 9979.2186127901077 11984.631000995636 26309.121325045824 7312.2908507883549 52875.563122332096 24816.850286364555 16901.148638755083 6766.7540872693062 16236.40540894866 22735.924749970436 22603.921797931194
leaf_count=511501 50484 877 145358 986 397515 72461 1168 74366 17256 28792 284 80374 63377 46099 109221 9599 129151 68885 223407 32108 25249 60397 20144 172946 84222 52422 18651 50922 56048 90259
internal_value=-1.6623 -1.63482 -1.67935 -1.6192 -1.68921 -1.66822 -1.64721 -1.62588 -1.67034 -1.64366 -1.65662 -1.60871 -1.68383 -1.63849 -1.63556 -1.6365 -1.64948 -1.67412 -1.67268 -1.65426 -1.62 -1.62094 -1.64104 -1.66477 -1.66378 -1.65951 -1.65475 -1.64991 -1.63746 -1.68515
internal_weight=812377 311143 501234 137570 265754 235480 173572 84090.5 204393 126059 47513.1 53479.9 142608 66765.7 50779.8 26695.7 59293.7 121870 103521 31086.8 12517.4 57394.8 7440.72 82523 77692.4 40072.4 23171.2 58854.6 26267.6 125853
internal_count=2694529 815234 1879295 307896 1062652 816643 507338 201287 712074 365353 141985 106609 551151 184112 138013 66524 181241 437650 368765 104569 26235 134763 20428 274424 257168 121557 69135 180073 65647 487774
is_linear=0
shrinkage=1


Tree=2
num_leaves=31
num_cat=0
split_feature=28 28 28 28 28 28 28 25 25 25 25 7 25 9 12 9 15 28 15 7 7 15 19 7 7 28 13 12 19 6
split_gain=181543 30860.8 19407.6 4679.51 3491.49 3333.69 1605.89 1487.1 1259.09 1131.38 1076.69 753.058 736.78 721.928 751.702 712.471 720.926 609.907 593.983 584.659 486.446 479.477 481.717 467.798 420.45 419.38 398.605 353.425 733.058 347.87
threshold=0.0008527313244674642 0.00050772266247515595 0.0014437409107654535 0.00035088992325155952 0.0006447210912065329 0.0010868770632345055 0.0017851237758884741 0.99858929172651578 0.99824051185111784 0.99819651306872659 0.99841009602791153 0.0093185697320351101 0.99896283958468313 17574.100000000002 31958.650000000005 17574.100000000002 23769.000000000004 0.00027095087389248561 31587.600000000002 0.026281917307432682 0.0088140652491739396 38570.500000000007 45610.305000000008 0.016061364147641016 0.077408955430099236 0.00040518355406649926 31963.750000000004 31653.400000000005 30609.500000000004 0.13729076140470164
decision_type=2 2 2 2 2 2 2 2 2 2 2 2 2 2 2 2 2 2 2 2 2 2 2 2 2 2 2 2 2 2
left_child=1 3 5 17 9 10 15 -6 -7 -3 -2 -9 -5 14 -10 16 24 -1 -15 29 -11 -17 -23 -12 -4 -14 -13 -21 -29 -8
right_child=2 4 6 12 7 8 19 11 13 20 23 26 25 18 -16 21 -18 -19 -20 27 -22 22 -24 -25 -26 -27 -28 28 -30 -31
leaf_value=-1.6346756213074869 -1.5725727623118837 -1.5914957476080247 -1.5625398575389478 -1.6105698710790552 -1.5858259569155693 -1.5584266621589182 -1.5531818482736011 -1.6051934674879003 -1.5679955364468281 -1.614100657147705 -1.5892214521028503 -1.6019297766424159 -1.6245694328371119 -1.594047575164774 -1.5383711563472628 -1.5790169787841133 -1.5376290516788815 -1.6282468206276213 -1.573975965265026 -1.5457651062239564 -1.6071461490686347 -1.5532797178739208 -1.5681906489041659 -1.5814281820644844 -1.5287594503976862 -1.6186154706656211 -1.594010066683943 -1.5261691434290776 -1.5443436703460878 -1.5147250780660535
leaf_weight=82272.769582077861 23035.857548236847 9372.5514812022448 7818.6706275045872 20821.059710323811 26371.55087557435 22272.292836621404 18332.090555369854 34302.674157753587 17079.858858019114 38772.336164370179 34520.800975501537 22326.400770410895 45520.103487998247 4068.1490251421928 2448.2975032776594 3613.9805234670639 7677.5297894179821 66886.35902620852 39233.525563195348 24370.03816357255 71537.833891317248 13217.368771851063 9177.5447330772877 43545.100143119693 1044.1517981737852 84436.485631421208 55092.745881423354 9189.4073713421822 14002.116771504283 607.5351123213768
leaf_count=329203 62661 30226 18082 74604 79984 53210 38346 108120 42163 132761 99457 72383 170691 11332 4977 9240 14832 257750 100919 45021 242687 28844 21964 122780 2057 304308 171286 16352 27182 1107
internal_value=-1.59783 -1.61461 -1.56612 -1.62551 -1.60192 -1.57593 -1.54937 -1.59651 -1.56864 -1.60817 -1.58207 -1.59903 -1.6193 -1.57226 -1.56428 -1.55696 -1.54884 -1.63179 -1.57586 -1.54452 -1.60959 -1.56212 -1.55939 -1.58487 -1.55856 -1.6207 -1.59629 -1.54156 -1.53714 -1.55195
internal_weight=852967 557713 295254 299937 257776 186204 109050 138093 85102.1 119683 101102 111722 150778 62829.8 19528.2 42549.2 16540.4 149159 43301.7 66501.2 110310 26008.9 22394.9 78065.9 8862.82 129957 77419.1 47561.6 23191.5 18939.6
internal_count=2694529 1974003 720526 1136556 837447 497499 223027 431773 212601 405674 284898 351789 549603 159391 47140 95019 34971 586953 112251 128008 375448 60048 50808 222237 20139 474999 243669 88555 43534 39453
is_linear=0
shrinkage=1


Tree=3
num_leaves=31
num_cat=0
split_feature=28 28 28 28 28 28 28 0 0 0 7 28 9 14 13 19 9 0 9 2 10 28 9 9 9 6 19 0 6 9
split_gain=387558 63736.5 48663.7 10173.7 7228.08 6506.51 6109.52 2939.4 2045.71 1194.54 1181.18 1069.75 1001.76 1467.34 969.699 1031.84 957.73 977.63 902.095 1642.23 855.416 814.787 802.844 797.134 743.774 675.275 658.395 636.75 624.14 584.847
threshold=0.000827023980239554 0.00046149101587027321 0.0013269076416109271 0.0006089300712103894 0.00031906248498091979 0.0017851237758884741 0.0010529630938437486 815.50000000000011 628.50000000000011 491.50000000000006 0.030902097987837069 0.00090897449844592234 17574.100000000002 19402.450000000004 39956.450000000004 32640.665000000005 47909.215000000004 211.50000000000003 33578.765000000007 30767.555141492969 7976.1450000000013 0.00020452072738714092 19514.800000000003 28734.005000000001 51511.750000000007 0.065597861594731049 64743.055000000008 1317.5000000000002 0.079700090245198016 51511.750000000007
decision_type=2 2 2 2 2 2 2 2 2 2 2 2 2 2 2 2 2 2 2 2 2 2 2 2 2 2 2 2 2 2
left_child=1 4 6 8 21 12 11 16 29 -6 25 -2 13 20 -14 -16 17 -5 19 22 -4 -1 -8 -21 -10 -7 -9 -20 -13 -3
right_child=2 3 5 7 9 10 18 26 24 -11 -12 28 14 -15 15 -17 -18 -19 27 23 -22 -23 -24 -25 -26 -27 -28 -29 -30 -31
leaf_value=0.048597323391260078 -0.010990146511353646 0.019037131508389246 -0.051607820361086125 0.016002415701148753 0.032586118494927915 -0.052399410334015455 -0.030868614239287807 -0.007956066114237173 0.0075039204392027816 0.024411348929879617 -0.068035714458137983 -0.018316204069424597 -0.025148029002528195 -0.060872860943946477 -0.054341368608758794 -0.039517708149430827 0.016036444961052092 0.0020180827155088744 -0.018068447968180121 -0.052717120823724428 -0.027511526832751893 0.041322780470941789 -0.010215799317536323 -0.036419021434496983 0.019399030406784902 -0.067892165186063239 0.0018105710640421752 -0.030570659407316677 -0.034918829665499994 0.029640508642899629
leaf_weight=57165.918949961662 64291.827302992344 103810.38002178073 7913.5089030861855 14436.722545981407 127766.85565927625 25499.2129791677 33266.625236809254 76899.528974503279 62739.264934003353 68724.948660612106 65252.754693627357 83745.45941311121 7496.1161702871323 21374.278530716896 17420.00633892417 35998.849765598774 19138.141754835844 93051.495755076408 17089.539198577404 13186.69340634346 6889.7970677018166 117836.3614435792 5480.8435462117195 17404.160508990288 16623.45153594017 9712.2687648534775 22248.255415290594 25205.336978405714 6071.0393524467945 14866.898214310408
leaf_count=160068 127774 248968 11477 33892 329902 36345 57345 156638 140837 169951 79766 158227 13427 28238 24549 57658 44912 201793 32239 18970 12074 318670 10826 28636 39947 11897 48111 43529 10242 37621
internal_value=1.37983e-05 0.0211904 -0.0363384 0.0079383 0.0363089 -0.0551327 -0.0223664 0.000682895 0.0162098 0.0297269 -0.0640531 -0.0159139 -0.0459025 -0.0524928 -0.0419886 -0.0443517 0.00573116 0.00389632 -0.031274 -0.0347844 -0.0403929 0.0436991 -0.0279473 -0.0434446 0.00999549 -0.0566727 -0.00576448 -0.0255191 -0.0194384 0.0203654
internal_weight=1.25861e+06 795308 463298 423814 371494 197557 265742 225774 198040 196492 100464 154108 97092.6 36177.6 60915 53418.9 126626 107488 111633 69338.3 14803.3 175002 38747.5 30590.9 79362.7 35211.5 99147.8 42294.9 89816.5 118677
internal_count=2694529 1931310 763219 952719 978591 275431 487788 485346 467373 499853 128008 296243 147423 51789 95634 82207 280597 235685 191545 115777 23551 478738 68171 47606 180784 48242 204749 75768 168469 286589
is_linear=0
shrinkage=0.05


Tree=4
num_leaves=31
num_cat=0
split_feature=28 28 28 28 28 25 6 28 6 15 15 11 22 7 0 0 25 14 10 0 10 14 19 14 15 9 11 20 21 0
split_gain=133510 20670.8 19531.9 3190.03 2870.32 2840.45 2001.65 1925.6 1906.52 1189.09 1125.39 1798.48 819.046 740.539 736.507 650.81 647.027 627.381 613.275 550.697 545.007 497.275 473.934 442.568 439.655 437.139 433.081 586.641 378.154 370.797
threshold=0.00079769528298338072 0.000464761370922557 0.0012476919881554123 0.0022576900954063791 0.00031906248498091979 1.0013864026471799 0.013420881368396297 0.00059385795892099669 0.020618467664195759 7546.1900000000014 18935.000000000004 37423.085000000006 8585.6850000000031 0.047868985396915552 966.50000000000011 545.50000000000011 1.0006339764091887 58890.000000000007 4576.420000000001 2410.5000000000005 4576.420000000001 58245.600000000006 9124.010000000002 6875.5000000000009 67012.450000000012 51511.750000000007 37423.085000000006 32001.405000000002 45740.000000000007 465.50000000000006
decision_type=2 2 2 2 2 2 2 2 2 2 2 2 2 2 2 2 2 2 2 2 2 2 2 2 2 2 2 2 2 2
left_child=1 4 6 8 -1 7 13 25 18 -8 12 -12 -11 26 -7 -9 -6 -17 22 20 -10 -20 -4 -15 -16 29 27 -2 -5 -3
right_child=2 5 3 28 16 14 9 15 19 10 11 -13 -14 23 24 17 -18 -19 21 -21 -22 -23 -24 -25 -26 -27 -28 -29 -30 -31
leaf_value=-0.032808857162069494 0.0015859542861016468 -0.016035349180794006 0.042503105420055164 0.0536528502680272 -0.023815777440051363 -0.00057327369021946384 0.063031324052900725 -0.0093114591210317101 0.057558573835388011 0.022966919723581634 0.024305461118425575 0.011096043596403683 -0.0011737955391542259 0.10614570011745661 0.017020619599081514 0.00192631210796213 -0.015496064204921568 -0.0077257308877894046 0.027307630416692659 0.044701016683139624 0.03455472238300427 0.013750936578257419 0.13406069136001308 0.017651847716247098 -0.0018624581775423051 -0.021548706763801537 -0.0038030643440102822 0.018969249993061058 0.039227481693405557 -0.0093191463689124114
leaf_weight=110793.60783401132 16522.941968649626 37840.729316741228 423.72715394198895 30178.059923842549 97387.596115842462 20782.94865219295 1387.4864154458046 41464.536744117737 2711.7984739691019 4736.764742732048 58504.280415907502 46050.35915492475 13606.0554651618 144.02981448173523 14838.82996571064 47687.828171268106 30747.549642235041 26022.946050420403 23907.708642274141 25003.358928769827 50961.146122545004 9433.486013635993 212.0866222679615 7411.5319368839264 3890.7631938904524 15451.99086175859 16951.953559607267 6871.9893902093172 5348.2741506993771 44977.556942850351
leaf_count=478738 50564 144114 820 54357 390240 72852 3216 146783 5317 13592 158941 136657 42174 296 47680 155260 120997 88443 56815 52731 115217 22737 365 20091 13337 60066 52463 18608 10273 160785
internal_value=-9.25986e-06 -0.0163689 0.025109 0.0384174 -0.0269153 -0.00640733 0.0136562 -0.00868695 0.0342976 0.0170031 0.0164834 0.0184875 0.00506019 0.00497275 0.00590712 -0.00430023 -0.0218194 -0.00148126 0.0243996 0.0385721 0.035717 0.0234719 0.0730437 0.0193388 0.013098 -0.0138283 0.0022825 0.0066921 0.0514812 -0.0123879
internal_weight=812254 491887 320367 148180 238929 252958 172187 213446 112653 124285 122897 104555 18342.8 47902.4 39512.5 115175 128135 73710.8 33977 78676.3 53672.9 33341.2 635.814 7555.56 18729.6 98270.3 40346.9 23394.9 35526.3 82818.3
internal_count=2694529 1879295 815234 318632 989975 889320 496602 755451 254002 354580 351364 295598 55766 142022 133869 390486 511237 243703 80737 173265 120534 79552 1185 20387 61017 364965 121635 69172 64630 304899
is_linear=0
shrinkage=0.05


Tree=5
num_leaves=31
num_cat=0
split_feature=28 28 28 28 28 28 25 28 25 25 25 7 9 12 7 13 9 12 25 15 7 6 7 15 19 0 28 7 28 12
split_gain=158625 27793.3 16359.8 4973.79 2861.92 2721.2 1727.22 1444.4 1056.16 1019.77 1007.44 861.798 564.431 587.902 549.203 549.085 548.459 609.027 519.639 496.572 443.611 438.876 401.874 372.154 390.24 360.174 307.004 295.904 274.742 266.7
threshold=0.00084001070152999195 0.00045537552771496493 0.0014178755247707573 0.00059749268802399729 0.0010868770632345055 0.00031906248498091979 0.99855454358113971 0.0017326155954607851 0.99824051185111784 0.9983694569256748 0.99855454358113971 0.0093185697320351101 17574.100000000002 31958.650000000005 0.017188291996800411 31963.750000000004 17574.100000000002 31104.640000000003 0.99921614511185142 31587.600000000002 0.016061364147641016 0.062439781912884712 0.007825476373842127 38570.500000000007 45610.305000000008 1018.5000000000001 0.00020452072738714092 0.018180063755484133 0.00093237664442929189 31653.400000000005
decision_type=2 2 2 2 2 2 2 2 2 2 2 2 2 2 2 2 2 2 2 2 2 2 2 2 2 2 2 2 2 2
left_child=1 5 4 10 9 26 25 12 -6 -2 -3 -8 13 27 21 -13 17 -10 -7 -18 -11 -9 -12 -14 -25 -5 -1 -4 -22 -16
right_child=2 3 7 6 8 18 11 14 16 20 22 15 23 -15 29 -17 19 -19 -20 -21 28 -23 -24 24 -26 -27 -28 -29 -30 -31
leaf_value=-0.038198301928327245 0.023115593091135457 -0.00074835309627692935 0.027604409097873751 0.004507637255359475 0.035851087225986976 -0.017108322954442912 -0.0086495298533396641 0.031462985422568132 0.026167542137726943 0.0074728314471366845 -0.019243079401492662 -0.0061400190061065112 0.016581391312231866 0.062607233863327269 0.045794048427321411 0.0022103582978631074 0.0029506040181613998 0.050545764851450341 -0.025414556277684644 0.021591365403098577 0.010300735595081496 0.052767387516166553 -0.013003293510626244 0.039059763084993933 0.025901520219809755 0.015514345039287515 -0.032717526392467597 0.043436861843272161 0.017989275526354778 0.052284438393658567
leaf_weight=37907.653745532036 24327.89209599793 13679.30364471674 4298.5716414749622 13996.007913902402 21754.5127851367 23071.01037594676 44426.235489115119 8719.6877717077732 15983.828722149134 37851.392473876476 38833.06254683435 27764.010791376233 3731.0029994994402 3092.7124857008457 31950.051286295056 67665.956130042672 3939.9439267218113 3050.988949149847 102413.30118913949 38327.772750675678 20185.283258333802 3344.595218360424 76910.609469637275 13567.411355704069 9637.3020494431257 15849.243237763643 78380.531675845385 9414.9847176373005 27379.921562075615 31366.702475577593
leaf_count=160068 64886 46347 9701 44010 50307 86650 143541 18480 38657 108267 138476 91764 9417 5567 57330 213042 10876 5924 391749 96400 58182 5968 272009 28667 22576 46976 318670 18957 74264 56801
internal_value=-1.15444e-05 -0.0163871 0.0283846 -0.00619738 0.0193839 -0.0289939 -0.000566831 0.0429524 0.0263863 0.0140843 -0.0135802 -0.00289706 0.0357247 0.0429151 0.0471464 -0.000219067 0.0230275 0.030075 -0.0238874 0.0198538 0.0115121 0.0373692 -0.0150968 0.0312383 0.0335949 0.0103527 -0.0345042 0.0384741 0.0147265 0.0490093
internal_weight=852821 540897 311925 299124 192802 241772 169701 119123 83057 109744 129423 139856 43742 16806.3 75381 95430 61302.5 19034.8 125484 42267.7 85416.6 12064.3 115744 26935.7 23204.7 29845.3 116288 13713.6 47565.2 63316.8
internal_count=2694529 1953302 741227 996165 507763 957137 539333 233464 202164 305599 456832 448347 94885 34225 138579 304806 151857 44581 478399 107276 240713 24448 410485 60660 51243 90986 478738 28658 132446 114131
is_linear=0
shrinkage=0.05


Tree=6
num_leaves=31
num_cat=0
split_feature=28 28 28 28 28 28 28 0 0 28 9 14 0 13 19 0 9 0 11 28 11 14 9 11 9 9 13 7 11 0
split_gain=343098 54009.9 46631 8258.24 7752.07 6551.04 4729.49 2621.71 1671.29 1253.5 1124.63 1575.09 1107.07 969.63 1195 945.041 898.362 960.551 875.329 788.955 745.886 1616.8 1094.62 749.879 614.737 607.308 563.771 563.298 556.406 645.915
threshold=0.00080352094720861759 0.00045842546774206003 0.0012476919881554123 0.00059385795892099669 0.0017326155954607851 0.00031906248498091979 0.00098349761705273362 815.50000000000011 628.50000000000011 0.0023996687828505086 17574.100000000002 19402.450000000004 491.50000000000006 37561.450000000004 32640.665000000005 976.50000000000011 47909.215000000004 251.50000000000003 5041.8100000000004 0.00020452072738714092 37423.085000000006 33408.000000000007 28734.005000000001 5041.8100000000004 51511.750000000007 51511.750000000007 69639.85000000002 0.028424156880397958 53417.500000000007 251.50000000000003
decision_type=2 2 2 2 2 2 2 2 2 2 2 2 2 2 2 2 2 2 2 2 2 2 2 2 2 2 2 2 2 2
left_child=1 5 6 8 10 19 15 16 -3 27 11 18 -7 -12 -15 28 17 -5 -4 -1 21 23 -23 -8 -10 -9 -14 -6 29 -2
right_child=2 3 4 7 9 12 20 25 24 -11 13 -13 26 14 -16 -17 -18 -19 -20 -21 -22 22 -24 -25 -26 -27 -28 -29 -30 -31
leaf_value=0.046898368935477414 0.0049653162092900237 0.020081831534733783 -0.061164569171714769 0.014741496107222737 -0.048564160682658286 0.031319940927545496 -0.057845130468840267 -0.0063310752545130584 0.0078627911794522248 -0.065263451922672203 -0.021862850427129998 -0.055345744501322194 0.020775576176556412 -0.04898743264978693 -0.034430232492107145 -0.016182870772953491 0.016202424455528091 0.0025543844306368069 -0.030887137778885351 0.039660399845403121 -0.02018535348886211 -0.048257271604956756 -0.02975789266333875 -0.020867496335668288 0.019249487809164943 0.0039515639999518739 0.031779756065472314 -0.058172262306279102 0.0051002062952654947 -0.011157858828371489
leaf_weight=55854.991074681282 6997.472197920084 111345.97688350081 2840.6169023513794 19724.078429996967 25082.637196987867 123583.17072880268 1414.6841563284397 76760.618033438921 56079.93900129199 45485.022294312716 9522.4161605834961 24036.008437991142 50817.461246103048 20405.186542958021 45608.278081595898 64954.78575283289 20307.666628777981 89680.074491769075 14952.296387672424 115509.49250683188 45507.365577548742 12341.477663785219 22711.551144748926 44451.285031020641 15029.887577921152 17663.87114199996 15097.19513002038 38932.512115806341 7461.9709977209568 55320.976210087538
leaf_count=160068 15178 272222 3560 46403 35275 323924 1883 157411 127044 53757 17068 31881 125547 28917 73778 123496 48115 195721 24849 318670 83244 17881 38541 80723 36585 38759 39471 49547 16210 108801
internal_value=1.22708e-05 0.0208557 -0.0327654 0.0083597 -0.0493482 0.0349353 -0.0183604 0.0019305 0.0162576 -0.058917 -0.0404206 -0.0469979 0.0285289 -0.0367784 -0.03893 -0.0118426 0.0065443 0.00475155 -0.0357209 0.0420196 -0.0253066 -0.0281866 -0.0362712 -0.022008 0.0102695 -0.00440751 0.023296 -0.0544076 -0.0078025 -0.00934746
internal_weight=1.25548e+06 767454 488027 406592 226865 360862 261162 224136 182456 109500 117365 41828.9 189498 75535.9 66013.5 134735 129712 109404 17792.9 171364 126426 80919 35053 45866 71109.8 94424.5 65914.7 64015.1 69780.4 62318.4
internal_count=2694529 1889940 804589 922260 318632 967680 485957 486409 435851 138579 180053 60290 488942 119763 102695 263685 290239 242124 28409 478738 222272 139028 56422 82606 163629 196170 165018 84822 140189 123979
is_linear=0
shrinkage=0.05


Tree=7
num_leaves=31
num_cat=0
split_feature=28 28 28 28 25 28 28 6 6 14 15 22 0 7 25 28 0 6 14 9 21 0 0 10 25 15 15 19 11 20
split_gain=117488 19384.3 16096.2 2800.32 2630.27 2598.78 1878.64 1793.67 1353.98 1038.11 1025.44 1684.45 678.386 674.889 631.123 620.476 605.176 604.578 567.183 472.497 449.31 445.46 423.474 403.662 399.541 398.16 426.029 397.248 397.139 529.087
threshold=0.00079769528298338072 0.000464761370922557 0.0012476919881554123 0.00031906248498091979 1.0017582562290972 0.0019062378835394461 0.00059385795892099669 0.013420881368396297 0.019937599475139053 60830.80000000001 18935.000000000004 8585.6850000000031 687.50000000000011 0.047868985396915552 1.0006339764091887 0.0009408624792859487 1519.5000000000002 0.024814263829277056 58890.000000000007 51511.750000000007 45415.000000000007 1739.5000000000002 444.50000000000006 4576.420000000001 1.0029449087633198 7546.1900000000014 18935.000000000004 9124.010000000002 37423.085000000006 32001.405000000002
decision_type=2 2 2 2 2 2 2 2 2 2 2 2 2 2 2 2 2 2 2 2 2 2 2 2 2 2 2 2 2 2
left_child=1 3 7 -1 6 8 19 13 25 10 11 -9 27 28 -5 -12 -11 20 -14 22 -7 23 -3 -10 -6 -4 -27 -8 29 -2
right_child=2 4 5 14 24 17 12 9 21 16 15 -13 18 -15 -16 -17 -18 -19 -20 -21 -22 -23 -24 -25 -26 26 -28 -29 -30 -31
leaf_value=-0.032084710331619429 0.0012391336301593977 -0.015499576119338877 0.069841952243359109 -0.02305836205536246 0.00551775769150101 0.039044436343629946 -0.018519927696719247 0.029829335767479523 0.051176430257030107 0.0025454124990392959 0.015297498570760633 -0.001446020572961011 0.0036548279986011265 0.01805656729866751 -0.014752810752679446 0.024736613926159494 0.016523260110847225 0.045907139722045236 -0.0064330918469007251 -0.020711315098503588 0.01816167472195997 0.03811440031837135 -0.0084001044075875664 0.028566038118721073 0.020097746025029114 0.0043192622841151775 0.022331090297878633 -0.0059043699503574208 -0.0039285297723866616 0.017626614515518748
leaf_weight=106666.45289446414 16626.107968345284 36016.58857101202 404.9008637368679 94851.674027994275 19897.794910788536 10816.051086649299 7043.8656421154737 6283.2103299945593 2095.8840044736862 19564.520573228598 27987.620545148849 13675.675793930888 39444.173753783107 7687.542475566268 30140.907769024372 46066.559136450291 12816.148650944233 44950.570958942175 21543.696603044868 16007.817874059081 3380.9441252350807 30197.481186151505 50394.083075240254 33936.742530032992 6151.4472159743309 3794.0261114388704 24371.160963594913 54683.188189417124 16994.256233796477 6998.7639689743519
leaf_count=478738 50564 139713 704 390240 67167 20472 26182 16808 4033 59530 81584 42174 126593 20387 120997 118863 35621 79424 72993 63655 6713 64079 182029 76407 19326 9907 56893 191662 52463 18608
internal_value=-5.99106e-06 -0.015702 0.0230542 -0.0261339 -0.00608096 0.0348418 -0.00782138 0.0126668 0.0297105 0.0157989 0.0184583 0.0083997 -0.00364872 0.00447174 -0.0210555 0.0211692 0.00807779 0.0430662 9.13147e-05 -0.0128209 0.0340713 0.0336351 -0.0113592 0.0298812 0.00896078 0.0206125 0.0199048 -0.00734397 0.00190068 0.00609385
internal_weight=811490 482842 328648 231659 251183 153948 225133 174700 94800.2 126394 94013.1 19958.9 122715 48306.7 124993 74054.2 32380.7 59147.6 60987.9 102418 14197 66230.1 86410.7 36032.6 26049.2 28570.1 28165.2 61727.1 40619.1 23624.9
internal_count=2694529 1879295 815234 989975 889320 318632 802827 496602 212023 354580 259429 58982 417430 142022 511237 200447 95151 106609 199586 385397 27185 144519 321742 80440 86493 67504 66800 217844 121635 69172
is_linear=0
shrinkage=0.05


Tree=8
num_leaves=31
num_cat=0
split_feature=28 28 28 28 28 28 28 25 25 25 25 25 7 7 9 12 7 25 15 6 7 0 13 9 10 15 7 28 15 28
split_gain=139883 21539.5 17902 3245.79 2587.28 2449.42 2408.01 983.088 957.739 952.259 940.438 815.13 661.41 495.553 488.765 579.874 478.831 469.601 395.401 391.688 377 357.719 350.548 282.495 311.996 301.474 274.195 273.067 265.324 257.035
threshold=0.00073411433413790887 0.0011806735382611615 0.00044640379045369219 0.0016023279503154483 0.00089392586804592589 0.00058285227217442441 0.00031262984700720361 0.99832742857322831 0.99855454358113971 0.99858929172651578 0.99934587199486757 0.99785169511768923 0.017778961911389279 0.014393803562042501 17574.100000000002 31958.650000000005 0.019878608651804738 0.99921614511185142 31587.600000000002 0.062439781912884712 0.007825476373842127 956.50000000000011 31963.750000000004 17574.100000000002 30403.385000000006 39770.850000000006 0.0081252625992165716 0.00020452072738714092 30771.000000000004 0.0020530322042392585
decision_type=2 2 2 2 2 2 2 2 2 2 2 2 2 2 2 2 2 2 2 2 2 2 2 2 2 2 2 2 2 2
left_child=2 4 6 7 10 8 27 23 -4 -7 21 -6 19 -13 15 -9 -11 -8 -16 -5 -10 -2 -18 24 -3 -25 -12 -1 -15 -14
right_child=1 3 5 12 11 9 17 14 20 16 26 13 29 28 18 -17 22 -19 -20 -21 -22 -23 -24 25 -26 -27 -28 -29 -30 -31
leaf_value=-0.037535231766252945 0.0065691891602472664 0.039358938366642171 -0.00079700443695771863 0.028020815316426598 0.025627788843539154 0.0064357908985770516 -0.016965659588691607 0.026975752420480142 -0.019384501475165281 -0.0083872657519448151 -0.0044376393818523563 0.0096550918253859169 0.039957472337403425 0.011765455550931222 0.0045561707480201007 0.050134179888386976 -0.0095218263394299466 -0.025141925636021984 0.022606188345093918 0.04506851431072157 -0.013238442236330757 0.016831584605325023 0.0018876291560356907 0.018438362147072812 0.065584142686228808 0.035571261421198569 0.0033444598618902928 -0.032198374393586547 0.019341600058686792 0.045781507105960524
leaf_weight=36297.280853688717 16645.430929377675 7204.5376387834549 12616.830000817776 12886.104972884059 19627.291676014662 19184.751748353243 21417.799193888903 17085.129386052489 37864.615711197257 62177.978498548269 15043.751168236136 34398.425719752908 33430.244923248887 15996.265973880887 3310.4710793942213 3211.0898169577122 9095.111253798008 97533.325185894966 36335.617263153195 4562.2844276875257 73159.823613986373 17334.572660282254 25913.08726207912 3172.32068836689 1345.9763803184032 13469.652207493782 45714.798721969128 70564.496932640672 41635.566097229719 43720.548586964607
leaf_count=160068 50636 14858 43272 26857 48658 60133 82539 37670 138403 208034 45985 93418 63126 43502 8830 5741 30450 385229 85404 7955 264464 48977 82451 7763 2293 29111 139334 297780 108821 72767
internal_value=-1.23763e-05 0.0222406 -0.0184583 0.0348955 0.0112205 -0.00895074 -0.0285636 0.0278127 -0.0138511 -0.00374425 0.00514308 0.0163771 0.0412697 0.0144042 0.0243294 0.0306397 -0.00575381 -0.0236697 0.021099 0.0324783 -0.0153345 0.0118045 -0.00107654 0.0361005 0.0434872 0.0323054 0.00141762 -0.0340111 0.0172388 0.0432579
internal_weight=851955 386130 465825 179734 206396 240012 225813 85134.8 123641 116371 94738.6 111658 94599.2 92030.3 59942.3 20296.2 97186.2 118951 39646.1 17448.4 111024 33980 35008.2 25192.5 8550.51 16642 60758.5 106862 57631.8 77150.8
internal_count=2694529 941706 1752823 362375 579331 827207 925616 191670 446139 381068 284932 294399 170705 245741 137645 43411 320935 467768 94234 34812 402867 99613 112901 54025 17151 36874 185319 457848 152323 135893
is_linear=0
shrinkage=0.05


Tree=9
num_leaves=31
num_cat=0
split_feature=28 28 28 28 28 28 28 0 0 28 9 14 0 0 13 19 9 0 11 28 9 14 9 11 0 20 0 9 9 7
split_gain=304693 45813.8 44885 7236.09 6888.84 5391.8 5080.25 2180.31 1537.88 1127.56 1015.89 1432.72 989.642 923.278 873.403 1103.28 838.015 898.443 785.651 771.465 740.987 1916.72 857.035 746.685 683.023 570.092 638.407 560.262 552.816 512.934
threshold=0.00078104522337321886 0.00044640379045369219 0.0012476919881554123 0.00058645442458950985 0.0017326155954607851 0.00031906248498091979 0.00096574323962213618 815.50000000000011 628.50000000000011 0.0023996687828505086 17574.100000000002 19402.450000000004 997.50000000000011 496.50000000000006 37561.450000000004 32640.665000000005 47909.215000000004 211.50000000000003 5041.8100000000004 0.00021395048755677609 33578.765000000007 33408.000000000007 28734.005000000001 5041.8100000000004 1872.5000000000002 58480.155000000006 291.50000000000006 8093.5000000000009 51511.750000000007 0.028805383798814466
decision_type=2 2 2 2 2 2 2 2 2 2 2 2 2 2 2 2 2 2 2 2 2 2 2 2 2 2 2 2 2 2
left_child=1 5 6 8 10 19 12 16 27 29 11 18 25 -7 -12 -16 17 -5 -4 -1 21 23 -23 -8 -22 26 -2 -3 -10 -6
right_child=2 3 4 7 9 13 20 -9 28 -11 14 -13 -14 -15 15 -17 -18 -19 -20 -21 24 22 -24 -25 -26 -27 -28 -29 -30 -31
leaf_value=0.044921581360547538 0.003773143206094948 0.0070565382594364422 -0.057263334308148478 0.016640727631361072 -0.045394719160303292 0.030426115333459298 -0.054861948998532223 -0.0033032079093181566 0.0081410389715690524 -0.061120621676742162 -0.020203223888184935 -0.051910325207960351 -0.014328843108879536 0.022602801863058304 -0.045965319412049628 -0.032037778383292713 0.016323365780861458 0.0033563347029340039 -0.028706948399070772 0.03788309290115268 -0.014879307391372585 -0.045311193001192782 -0.028918902593113083 -0.01894096039781307 -0.026870286379303013 0.0045521702287047933 -0.00976413985864036 0.020697994551978287 0.018882967807644074 -0.05449794590587257
leaf_weight=61555.856244564056 10261.258116513491 8083.1806146204472 2866.7688154876232 14794.600904375315 25751.203723967075 113810.41715067625 1490.7267272174358 86816.113973945379 55891.119142740965 45841.853892982006 9588.8137279748917 24243.61533421278 65241.19803366065 56403.131524950266 20582.470736086369 45993.397803992033 20208.534346133471 91099.005127817392 15070.363489717245 105921.63248059154 37584.505391925573 13272.082089692354 19973.521017551422 48993.022552639246 17361.838976889849 11004.788977146149 57576.429731070995 109347.82092151046 15243.94118642807 38774.458276748657
leaf_count=180498 22199 18782 3560 35535 35887 303565 1963 181344 127956 53757 17068 31881 124466 143313 28917 73778 48340 200605 24849 298240 70351 19131 33378 88889 29737 23898 113789 272324 37594 48935
internal_value=-1.23869e-06 0.0205279 -0.0296698 0.00911177 -0.046139 0.0341007 -0.0163485 0.00279474 0.0162446 -0.0551247 -0.037759 -0.043984 -0.0097735 0.0278337 -0.0343116 -0.0363436 0.00699293 0.00521232 -0.0332709 0.0404701 -0.0231799 -0.0261407 -0.0354629 -0.0200017 -0.0186682 -0.00600402 -0.00771646 0.019759 0.010443 -0.050865
internal_weight=1.25065e+06 739175 511472 401484 228713 337691 282759 212918 188566 110368 118345 42180.7 144084 170214 76164.7 66575.9 126102 105894 17937.1 167477 138676 83729.4 33245.6 50483.7 54946.3 78842.5 67837.7 117431 71135.1 64525.7
internal_count=2694529 1848096 846433 922480 318632 925616 527801 465824 456656 138579 180053 60290 284352 446878 119763 102695 284480 236140 28409 478738 243449 143361 52509 90852 100088 159886 135988 291106 165550 84822
is_linear=0
shrinkage=0.05


Tree=10
num_leaves=31
num_cat=0
split_feature=28 28 28 28 25 28 28 6 6 15 0 10 6 7 0 10 0 11 11 25 7 9 7 6 0 25 15 22 20 28
split_gain=103972 16339.5 15301.1 2585.29 2468.57 1937.94 1743.34 1552.25 1073.69 974.273 959.02 887.211 841.934 657.039 579.575 562.839 491.723 615.641 488.158 481.102 439.059 467.963 436.149 430.333 413.595 394.933 392.604 378.773 376.168 354.852
threshold=0.00076496756399790412 0.00043458070610811881 0.0011969887899318525 0.0016838672956111067 1.0013864026471799 0.00031906248498091979 0.00058645442458950985 0.013262521206114595 0.020388833368231073 7546.1900000000014 1519.5000000000002 54369.155000000006 0.02423116176656202 0.047868985396915552 976.50000000000011 4576.420000000001 303.50000000000006 37423.085000000006 61679.750000000007 1.0006339764091887 0.0056965545421347498 17755.500000000004 0.054801900725656487 0.012374829666459848 2347.5000000000005 1.0021958454488351 67012.450000000012 6352.3850000000011 11411.675000000001 0.00020938322237649569
decision_type=2 2 2 2 2 2 2 2 2 2 2 2 2 2 2 2 2 2 2 2 2 2 2 2 2 2 2 2 2 2
left_child=1 5 7 8 6 29 18 13 -4 -9 11 -11 15 20 -6 -5 -8 -18 23 -7 21 -2 -14 -3 -17 -12 -16 -15 -22 -1
right_child=2 4 3 12 14 19 16 9 -10 10 25 -13 22 27 26 24 17 -19 -20 -21 28 -23 -24 -25 -26 -27 -28 -29 -30 -31
leaf_value=-0.035411621737308406 0.035431554919091404 -0.016035373253189537 0.017273455571215453 0.06823568224514516 -0.0013110006354954552 -0.023448340823334211 -0.013462160400330579 0.055691740500777888 0.028928122585355778 0.012007830674869394 0.015825026231208288 -0.0017444643887146076 0.036973403782027861 0.095900405315859721 0.015014799063334725 0.01943705919561068 0.00057130314623439775 -0.0077096874510447768 -0.022950356975801917 -0.015087676770886195 -0.014174771922121271 0.0030979936968452836 0.045615288253947776 -0.0095180078998080928 0.033762260503508536 0.026814173729874664 -0.0036953546176193702 0.014637932778716046 0.00060408786120707376 -0.029233567229072208
leaf_weight=35565.20931738615 1742.0960132032633 48396.629768997431 29660.34458515048 861.72558206319809 20676.108331695199 73313.275935694575 14290.087298989296 1329.4121718108654 59212.64233957231 79760.681275829673 24199.519120365381 13749.495680361986 38796.088493213058 146.08432674407959 13530.80219464004 9576.4992541968822 45915.01863065362 43906.411594465375 12900.264795571566 22483.523403659463 4925.7708293646574 3128.8734880983829 23410.157381981611 53136.637681588531 10633.346825733781 12347.562876880169 3536.5758381336927 7793.9575379639864 34201.706549867988 67081.983356326818
leaf_count=170384 4962 188344 70720 1383 73911 312138 53390 2964 130724 228099 64703 43417 70560 272 43311 19780 151852 153980 53067 92684 15547 9574 38476 202966 19475 32680 12361 20924 103527 308354
internal_value=6.63671e-06 -0.0158298 0.0202649 0.0309698 -0.00748976 -0.0266008 -0.00952905 0.0102125 0.0250385 0.0131052 0.0126699 0.00998573 0.0372996 0.00289486 0.00431828 0.0286616 -0.00484719 -0.0034766 -0.0137886 -0.0214861 0.000505871 0.0146621 0.0402256 -0.0126246 0.0269742 0.0195377 0.0111378 0.016133 -0.00125643 -0.0313741
internal_weight=810208 454733 355476 172151 256289 198444 218545 183325 88873 131387 130057 93510.2 83277.8 51938.5 37743.5 21071.6 104112 89821.4 114434 95796.8 43998.4 4870.97 62206.2 101533 20209.8 36547.1 17067.4 7940.04 39127.5 102647
internal_count=2694529 1816742 877787 351118 933182 883560 803599 526669 201444 371863 368899 271516 149674 154806 129583 40638 359222 305832 444377 404822 133610 14536 109036 391310 39255 97383 55672 21196 119074 478738
is_linear=0
shrinkage=0.05


Tree=11
num_leaves=31
num_cat=0
split_feature=28 28 28 28 28 28 28 25 25 25 25 25 7 7 7 25 9 12 0 15 13 0 6 25 28 7 6 6 12 15
split_gain=124052 18343.6 16518.2 2649.39 2361.23 2311.31 2124.41 903.208 863.4 863.075 861.726 733.7 552.296 475.383 460.338 458.82 406.097 486.435 345.321 339.948 331.563 321.099 297.052 283.944 272.66 267.369 252.755 244.658 272.104 244.036
threshold=0.00072906140875033168 0.0011806735382611615 0.00044640379045369219 0.0016023279503154483 0.00031262984700720361 0.00089392586804592589 0.00057551013989036155 0.99934587199486757 0.99832742857322831 0.99832742857322831 0.99855454358113971 0.99733177849241417 0.015885411690529296 0.009426561985179915 0.014393803562042501 0.99921614511185142 17574.100000000002 31958.650000000005 448.50000000000006 31587.600000000002 31963.750000000004 956.50000000000011 0.062439781912884712 1.0005072019760752 0.00020452072738714092 0.0081252625992165716 0.059590159780262782 0.030626896877441981 46001.005000000012 51322.000000000007
decision_type=2 2 2 2 2 2 2 2 2 2 2 2 2 2 2 2 2 2 2 2 2 2 2 2 2 2 2 2 2 2
left_child=2 5 4 8 24 7 10 21 -3 -8 -4 -7 22 -11 -13 -6 17 -10 -12 -18 -15 -2 -5 -20 -1 -9 -16 -17 -29 -14
right_child=1 3 6 12 15 11 9 25 16 13 18 14 29 20 26 27 19 -19 23 -21 -22 -23 -24 -25 -26 -27 -28 28 -30 -31
leaf_value=-0.036903954061545098 0.0062580586936548614 0.03316969271363697 -0.00066831369901401488 0.024639565685726363 -0.016195137024538876 0.025702980867746403 0.0073670684460065156 -0.004528575486614248 0.024623955533679253 -0.010279758779574032 -0.018295513427899261 0.0091783959149710458 0.037366717778097337 -0.0085326720347202751 0.014907597706288201 -0.025466372846106172 0.0040843083678648055 0.04541910376278846 -0.0094889662287772833 0.020746523316274322 -0.00090075491206545791 0.015770160737608618 0.040559426033545731 -0.016462822116120605 -0.031458760887086865 0.0030118640608711948 0.023738536464828611 -0.013350372817701198 -0.027311768046810139 0.043336222424232344
leaf_weight=34724.009295344353 17377.858783900738 25972.152274027467 11762.507240444422 11319.107451528311 20975.106505677104 14500.165586531162 14701.674018457532 15620.758387461305 17554.242917269468 35414.526722639799 44224.605069473386 36286.742517545819 58687.892064452171 20161.189621269703 53085.023419171572 79896.007060006261 3335.8736726492643 3348.6037931740284 34198.725604474545 37172.694646954536 48383.386382237077 18126.245209604502 3953.6611705720425 25463.367055237293 68031.340213954449 47515.201556995511 9562.1590716838837 9453.7792937755585 5532.1779378801584 24172.024303168058
leaf_count=160068 52710 54025 40648 23006 82539 34719 45637 47918 37670 119625 168379 97269 99955 69227 139190 325847 8830 5741 123739 85404 157385 50579 6677 91789 297780 144503 23221 36676 22706 41067
internal_value=-4.50094e-06 0.0203765 -0.0178956 0.0318593 -0.0277811 0.0103317 -0.00867243 0.00473413 0.0255273 -0.00397229 -0.013495 0.0151993 0.0374977 -0.00557588 0.0136598 -0.0228873 0.0222951 0.0279553 -0.0149473 0.0193744 -0.00314555 0.0111144 0.0287607 -0.0124654 -0.0332988 0.00114625 0.0162555 -0.0243668 -0.0185043 0.0391082
internal_weight=850513 397590 452922 185516 218612 212074 234310 98640.1 87383.6 118661 115649 113434 98132.7 103959 98933.9 115857 61411.4 20902.8 103887 40508.6 68544.6 35504.1 15272.8 59662.1 102755 63136 62647.2 94882 14986 82859.9
internal_count=2694529 952484 1742045 362375 925616 590109 816429 295710 191670 391874 424555 294399 170705 346237 259680 467768 137645 43411 383907 94234 226612 103289 29683 215528 457848 192421 162411 385229 59382 141022
is_linear=0
shrinkage=0.05


Tree=12
num_leaves=31
num_cat=0
split_feature=28 28 28 28 28 28 28 0 0 0 28 9 14 0 13 19 28 9 0 11 7 11 0 0 9 9 11 13 9 9
split_gain=271209 44133.9 38131.5 6225.98 5524.35 5354.59 5124.9 1685.53 1328.23 1216.22 1054.55 930.355 1327.5 886.172 797.597 1023.93 747.425 740.493 833.189 731.176 697.709 639.242 684.837 580.425 672.926 531.713 504.048 742.206 489.48 475.978
threshold=0.00075471597314034119 0.0012476919881554123 0.00044640379045369219 0.0017326155954607851 0.00096574323962213618 0.00057908200992610407 0.00031906248498091979 815.50000000000011 622.50000000000011 976.50000000000011 0.0023996687828505086 17574.100000000002 19402.450000000004 496.50000000000006 37561.450000000004 32640.665000000005 0.00020452072738714092 47909.215000000004 199.50000000000003 5041.8100000000004 0.039358534842113206 53417.500000000007 291.50000000000006 1739.5000000000002 33578.765000000007 8093.5000000000009 37423.085000000006 39956.450000000004 47909.215000000004 51511.750000000007
decision_type=2 2 2 2 2 2 2 2 2 2 2 2 2 2 2 2 2 2 2 2 2 2 2 2 2 2 2 2 2 2
left_child=2 4 6 11 9 8 16 17 25 21 -5 12 19 -8 -13 -16 -1 18 -7 -3 23 22 -2 24 -6 -4 27 -11 -15 -10
right_child=1 3 5 10 20 7 13 -9 29 26 -12 14 -14 28 15 -17 -18 -19 -20 -21 -22 -23 -24 -25 -26 -27 -28 -29 -30 -31
leaf_value=0.043916297835999568 0.004780556608104395 -0.054175332693734063 0.0063380699197028191 -0.047772510924433291 -0.020871418813614599 0.017510789056578539 0.029150915150793533 -0.002005775061889396 0.0080176445254732075 -0.010646165443389387 -0.057677922243579732 -0.018673971078145359 -0.048966616309961269 0.018427624253171696 -0.043300534885500841 -0.029920058953439434 0.03668972538963073 0.016317518039932633 0.0039595428347676542 -0.02668447138578647 -0.027729155066945146 0.0070675346442019534 -0.0079184138075747042 -0.025648615159604378 -0.010907541523741118 0.020053560665158551 -0.0087463614879943405 -0.024273618644515341 0.028743061640350998 0.018241543102070334
leaf_weight=52919.029140472412 12541.536870360374 2877.8558033704758 7588.2146854698658 64749.203179448843 47501.215323507786 13042.63076660037 111985.87539857626 77086.062917381525 53099.483637183905 21986.338924348354 45929.575509428978 9642.4071345627308 24350.515191465616 39466.989007413387 20691.925043940544 46267.745939433575 110477.45938625932 19758.50045761466 87039.296511292458 15160.395045012236 36394.122010737658 10625.278928101063 69175.458761006594 29157.578495264053 26342.723682135344 102746.82680413127 36819.073841184378 18314.58384925127 16228.905622661114 14490.605672091246
leaf_count=160068 27423 3560 17733 84822 83371 31839 303565 162377 122458 42552 53757 17068 31881 99853 28917 73778 318670 47740 193347 24849 60565 23563 138029 49375 50138 258826 72523 32306 43460 36116
internal_value=-2.38219e-05 -0.0267483 0.0203633 -0.0433472 -0.0144052 0.00944217 0.0327283 0.00376189 0.0157291 -0.00834035 -0.0518831 -0.0354076 -0.041351 0.0265875 -0.0321188 -0.0340549 0.0390302 0.00747187 0.00572554 -0.0310704 -0.0217782 -0.00446935 -0.00596944 -0.0196755 -0.017317 0.0191103 -0.0129754 -0.0168391 0.0214334 0.0102095
internal_weight=1.24446e+06 538528 705930 229670 308858 374852 331078 196926 177925 169462 110679 118991 42388.8 167682 76602.1 66959.7 163396 119840 100082 18038.3 139396 92342.3 81717 103002 73843.9 110335 77120 40300.9 55695.9 67590.1
internal_count=2694529 898477 1796052 318632 579845 870436 925616 435303 435133 336396 138579 180053 60290 446878 119763 102695 478738 272926 225186 28409 243449 189015 165452 182884 133509 276559 147381 74858 143313 158574
is_linear=0
shrinkage=0.05


Tree=13
num_leaves=31
num_cat=0
split_feature=28 28 28 28 6 6 25 28 28 25 14 15 8 10 0 14 7 9 11 0 19 14 0 0 10 7 9 25 20 19
split_gain=92079.7 15420.6 12952.5 2961.69 2224.98 1407.32 1205.04 1181.5 1146.43 905.459 873.118 917.944 1308.62 822.62 632.406 830.765 600.253 574.697 557.871 556.929 513.36 507.061 471.556 470.292 422.055 404.31 418.033 387.404 346.194 331.008
threshold=0.00076496756399790412 0.00040236851738306153 0.0011969887899318525 0.00057551013989036155 0.022854437267959483 0.013262521206114595 1.0013548646452983 0.0002889893167830338 0.0023996687828505086 1.0015227028959626 60830.80000000001 18935.000000000004 6732.0950000000003 4576.420000000001 2347.5000000000005 58245.600000000006 0.047868985396915552 17574.100000000002 61679.750000000007 2410.5000000000005 9124.010000000002 58890.000000000007 436.50000000000006 1519.5000000000002 4576.420000000001 0.005781721884422151 17755.500000000004 1.0006339764091887 11411.675000000001 9124.010000000002
decision_type=2 2 2 2 2 2 2 2 2 2 2 2 2 2 2 2 2 2 2 2 2 2 2 2 2 2 2 2 2 2
left_child=1 7 5 9 13 16 20 -1 19 18 11 12 -7 29 15 -15 25 -13 22 24 -5 -22 -3 -12 -6 26 -2 -9 -27 -4
right_child=2 3 4 6 8 10 -8 27 -10 -11 23 17 -14 14 -16 -17 -18 -19 -20 -21 21 -23 -24 -25 -26 28 -28 -29 -30 -31
leaf_value=-0.031760355739320241 0.032722070212576594 -0.0164873570673169 0.036918356299934577 -0.018380781358168615 0.044237287279202134 0.039146401036059743 0.0071855463978511601 -0.025042326894360409 0.041001002634433799 -0.00024209878322251673 0.00089151950361700282 0.025797836356535254 0.00086304500364310784 0.019205414481267349 0.02627089640951686 0.00055582755299809551 0.015112025373886673 0.015011818972646508 -0.023126215964969287 0.035141920357197536 -0.0017159138453449595 -0.0092255735748207612 -0.010142559926132966 0.012992805900225597 0.025942463703350606 -0.0139153036371305 0.0027751937420670957 -0.016896127692571556 0.00032435258591870676 0.087663700787114815
leaf_weight=78567.506840631366 1822.9613457173109 53887.975915178657 729.80948899686337 6709.7277369946241 3324.5934900343418 2534.5014481693506 24975.166397795081 67595.370491579175 28246.490626126528 12704.643622368574 21632.390939548612 15424.119555175304 18715.044336050749 26154.460817694664 19381.581944718957 7738.1955778449774 8052.3660458028316 61957.442211419344 15508.873138397932 29993.532548502088 70525.782426908612 32994.033093899488 64140.492981538177 12767.079969793558 60895.178367257118 4875.8851845115423 3230.2867290973663 18613.576614901423 34256.46151445806 574.18700478971004
leaf_count=383608 5079 222851 1236 25793 5775 6001 82329 303705 44236 46852 66341 37842 57061 58852 38425 18655 21196 169718 66032 56883 239918 118531 246391 34900 126195 15490 9828 80732 103213 861
internal_value=2.66677e-05 -0.0151776 0.0187525 -0.00806558 0.0284236 0.00951107 -0.00273123 -0.0273254 0.0321657 -0.0129973 0.0122418 0.014634 0.00542922 0.0200274 0.019067 0.0149474 0.00255686 0.0171617 -0.0142109 0.0295168 -0.00497811 -0.00410941 -0.0130394 0.00538281 0.0268896 0.000268809 0.0135785 -0.0232835 -0.00144991 0.059263
internal_weight=808530 446223 362307 281447 177038 185269 135205 164776 122460 146242 133031 98631.1 21249.5 54578.2 53274.2 33892.7 52238 77381.6 133537 94213.3 110230 103520 118028 34399.5 64219.8 44185.6 5053.25 86208.9 39132.3 1304
internal_count=2694529 1816742 877787 1048697 351118 526669 466571 768045 233089 582126 371863 270622 63062 118029 115932 77507 154806 207560 535274 188853 384242 358449 469242 101241 131970 133610 14907 384437 118703 2097
is_linear=0
shrinkage=0.05


Tree=14
num_leaves=31
num_cat=0
split_feature=28 28 28 28 28 28 28 25 25 25 25 25 7 7 9 12 7 13 15 25 7 0 7 6 25 10 9 10 15 6
split_gain=110380 16822 14405.5 2618.44 2413.77 1878.93 1347.92 971.943 884.152 762.619 724.621 626.358 540.492 538.29 463.387 463.394 366.78 361.809 337.088 329.327 319.99 308.637 292.534 282.167 235.48 228.118 218.034 285.524 214.491 214.278
threshold=0.00070971286911971677 0.0011373120844159121 0.00040518355406649926 0.001567503637278956 0.00054420914605969324 0.00089392586804592589 0.00028518642726975402 0.99934587199486757 0.99819651306872659 0.99785169511768923 0.99882047854131939 0.99868103581424916 0.0089110610144780087 0.017388560961997996 17574.100000000002 31958.650000000005 0.016061364147641016 31963.750000000004 31587.600000000002 0.99923342563350903 0.007825476373842127 1076.5000000000002 0.026939755559318195 0.062439781912884712 0.99563290501723267 6667.9750000000013 17574.100000000002 30403.385000000006 6943.3000000000011 0.010013904606367958
decision_type=2 2 2 2 2 2 2 2 2 2 2 2 2 2 2 2 2 2 2 2 2 2 2 2 2 2 2 2 2 2
left_child=2 5 6 9 10 7 -1 21 -6 26 -4 24 28 23 15 -11 -13 -14 -16 -8 -12 -2 -9 -5 -7 -22 27 -3 -10 -24
right_child=1 3 4 13 8 11 19 22 12 14 20 16 17 -15 18 -17 -18 -19 -20 -21 25 -23 29 -25 -26 -27 -28 -29 -30 -31
leaf_value=-0.033620399543591868 0.0064968895515535273 0.033323153962903133 -0.0054265972422955716 0.022884154350432256 0.0068869428774716848 0.031417927555674137 -0.018207680149919189 -0.0014735399797311806 0.14303736578624637 0.022848998002929527 -0.020248203548436327 0.0068933662670352799 -0.0096056838028524237 0.035685007144318194 0.0037996800368017012 0.041782359201447669 0.014046270707296471 -0.0022649201538063797 0.018644927439002586 -0.02611572016647001 0.013742934832424086 0.015331683184445197 0.016115799417548607 0.036671465376144588 0.017956075118474166 -0.014897600655721344 0.027143820341833092 0.059989789964560225 -0.01177497105888891 0.0031300475138341141
leaf_weight=79612.98102030158 23160.889419943094 6562.9873695671558 16468.779924109578 14310.741486519575 13037.79296861589 3737.0444886386395 15775.715839117765 50896.425197631121 22.386675387620926 20963.566986441612 39793.221654862165 31300.689063593745 24035.442697897553 87040.770108401775 4176.7729567885399 3820.7332988679409 41928.874877512455 55649.190722182393 45263.933726161718 79561.111849159002 702.51643271744251 17246.448612183332 3897.3836046904325 5010.1674407422543 24849.366509050131 67174.819754838943 15629.979032039642 1185.0501361489296 38615.85530051589 17180.810291156173
leaf_count=372114 69798 12822 60202 28467 40752 8386 65313 157834 47 44750 154983 84062 84692 144061 10979 6361 108331 185340 103268 340858 2373 47647 11447 8238 62213 258597 32955 1881 134510 51248
internal_value=9.52585e-06 0.0183052 -0.0177639 0.0285822 -0.010195 0.00851921 -0.0288177 0.00406185 -0.00547063 0.0226683 -0.0151942 0.0134391 -0.00683229 0.0340091 0.0201879 0.0257678 0.0109889 -0.00447913 0.0173908 -0.0248071 -0.0166882 0.0102677 0.000577819 0.0264594 0.0197159 -0.0146012 0.0305436 0.0374018 -0.0116853 0.00553113
internal_weight=848612 418163 430450 203965 255500 214198 174950 112382 131361 97603 124139 101816 118323 106362 74225 24784.3 73229.6 79684.6 49440.7 95336.8 107671 40407.3 71974.6 19320.9 28586.4 67877.3 23378 7748.04 38638.2 21078.2
internal_count=2694529 994748 1699781 393782 921496 600966 778285 337974 445341 213016 476155 262992 404589 180766 165358 51111 192393 270032 114247 406171 415953 117445 220529 36705 70599 260970 47658 14703 134557 62695
is_linear=0
shrinkage=0.05


Tree=15
num_leaves=31
num_cat=0
split_feature=28 28 28 28 28 28 28 0 0 0 7 9 14 13 19 10 11 9 0 11 14 9 9 6 11 0 9 9 9 0
split_gain=241789 39517.4 35301.4 7041.47 5748.57 4939.53 2795.47 1611.52 1583.07 1101.32 1033.2 847.248 1243.44 738.707 950.933 688.98 678.607 648.985 646.269 644.653 1537.67 895.068 748.704 627.15 604.119 638.387 603.41 586.288 564.081 530.203
threshold=0.00075471597314034119 0.0012476919881554123 0.00040518355406649926 0.00057551013989036155 0.0017326155954607851 0.00096574323962213618 0.00028518642726975402 733.50000000000011 628.50000000000011 997.50000000000011 0.041303064857687137 17574.100000000002 19402.450000000004 37561.450000000004 32640.665000000005 7976.1450000000013 5905.0000000000009 51511.750000000007 510.50000000000006 37423.085000000006 31815.000000000004 28734.005000000001 20105.600000000002 0.062439781912884712 53417.500000000007 291.50000000000006 51511.750000000007 51511.750000000007 51511.750000000007 157.50000000000003
decision_type=2 2 2 2 2 2 2 2 2 2 2 2 2 2 2 2 2 2 2 2 2 2 2 2 2 2 2 2 2 2
left_child=2 5 6 8 11 9 -1 16 17 24 23 12 15 -13 -15 -3 -5 29 -8 20 22 -22 -7 -6 25 -2 -10 -18 -9 -4
right_child=1 4 3 7 10 19 18 28 26 -11 -12 13 -14 14 -16 -17 27 -19 -20 -21 21 -23 -24 -25 -26 -27 -28 -29 -30 -31
leaf_value=0.039180985763497878 0.0047435229558002905 -0.038505612482116008 0.025901396054088529 -0.025020038109364234 -0.040696948521416663 -0.019217714168121305 0.030868653402057761 -0.0030456037105744188 0.0084023757040429491 -0.012317038828693259 -0.053847626875052651 -0.017235001121078997 -0.046314474334251649 -0.040905458035004894 -0.028030059691865186 -0.0189891180971518 0.0070645756505129265 0.027606028675831562 0.02320029957394127 -0.015976708485662381 -0.040042825191693221 -0.024615570278557805 0.00059701592877800047 -0.052475554382257629 0.0067855662629637097 -0.0074921273213873893 0.019035037340858707 0.019558533280578997 0.0070059560144265778 0.01684527450482886
leaf_weight=122592.12984147668 12537.088940709829 9300.0101024508476 18952.414578676224 1552.3396271765232 38235.571859776974 43249.486712574959 109057.17536947131 75231.0672326684 60886.435546159744 75121.466428548098 56264.949949175119 9685.6891541779041 24376.888590216637 20745.16645783186 46451.434035807848 8802.1932193040848 96735.156422615051 21271.783227711916 36729.262089908123 50696.540725857019 14748.918921530247 25934.212545126677 5357.9047422707081 16042.958146214485 11034.517634063959 71211.83891916275 17088.436749905348 10399.084189802408 17137.195068359375 109776.6276974678
leaf_count=372114 27423 13370 50296 2953 52354 76111 307997 157515 142919 142909 66836 17068 31881 28917 73778 15039 220867 57266 98174 91754 21366 43463 10755 19389 24456 141608 43585 25843 38703 277820
internal_value=-5.32488e-05 -0.0251777 0.0193931 0.010496 -0.0408842 -0.0135252 0.0336162 0.00367503 0.0165115 -0.00779528 -0.0490998 -0.0332755 -0.0389427 -0.0301443 -0.032005 -0.0290157 0.00780174 0.0195155 0.0289367 -0.0204797 -0.0230364 -0.0302084 -0.0170336 -0.0441783 -0.00421152 -0.00566047 0.0107326 0.00827731 -0.00118073 0.0181786
internal_weight=1.23721e+06 539797 697409 429031 229905 309892 268379 201055 227976 169905 110543 119361 42479.1 76882.3 67196.6 18102.2 108687 150001 145786 139987 89290.5 40683.1 48607.4 54278.5 94783.4 83748.9 77974.9 107134 92368.3 128729
internal_count=2694529 898477 1796052 1017767 318632 579845 778285 445881 571886 336396 138579 180053 60290 119763 102695 28409 249663 385382 406171 243449 151695 64829 86866 71743 193487 169031 186504 246710 196218 328116
is_linear=0
shrinkage=0.05


Tree=16
num_leaves=31
num_cat=0
split_feature=28 28 28 28 28 25 28 25 28 6 6 14 6 15 25 19 11 19 0 9 10 25 0 7 0 18 14 7 0 19
split_gain=81733.5 13343.1 12544.4 2091.04 2044.99 1517.62 1243.9 1189.85 1162.48 908.928 637.66 553.092 552.721 522.818 564.599 496.061 703.769 456.897 450.869 427.47 425.336 381.234 361.243 349.678 335.279 335.102 331.483 416.13 327.791 319.046
threshold=0.00071938063582610893 0.0011663652409770312 0.00040236851738306153 0.0016838672956111067 0.00052402322918579435 1.0021958454488351 0.00092420874316652304 1.0013864026471799 0.0002889893167830338 0.020618467664195759 0.02423116176656202 60830.80000000001 0.089653686821771716 69339.85000000002 1.0010922950528258 9124.010000000002 37423.085000000006 36302.450000000004 465.50000000000006 51511.750000000007 4576.420000000001 1.0005477049003637 1186.5000000000002 0.056139489097160732 1283.5000000000002 6721.545000000001 61080.700000000004 0.051195456231971234 2347.5000000000005 29032.400000000005
decision_type=2 2 2 2 2 2 2 2 2 2 2 2 2 2 2 2 2 2 2 2 2 2 2 2 2 2 2 2 2 2
left_child=2 5 8 9 13 6 15 18 -1 26 20 12 -8 14 -4 -2 -17 -7 -6 -20 -5 -10 25 -12 -9 -11 -3 -28 -22 -24
right_child=1 3 4 10 7 17 11 24 21 22 23 -13 -14 -15 -16 16 -18 -19 19 -21 28 -23 29 -25 -26 -27 27 -29 -30 -31
leaf_value=-0.031099681787533653 -0.012622130736275709 0.017163894106179599 -0.014343776324167551 0.056985253133203365 -0.011180632043673809 0.023849624222120658 0.011782483951816152 0.0014352906470877142 -0.024495384354277495 0.036786629350733922 0.03108440563052128 0.0032927705057093182 0.032076869551895808 -0.023162263210594933 -0.0031443545865163982 0.0066393124722735862 -0.0019571191984347992 0.01135660331359695 -0.003118394034934328 -0.012672595983477484 0.016014476777378481 -0.016713676638758144 0.031866838448889691 0.038622493918245689 0.014316881680925757 0.017656657128334655 0.00086941650016153732 0.029147914642094354 0.028454139893370107 0.023088580689610609
leaf_weight=75487.926167085767 5418.4520168453455 25804.876777946949 75327.212439879775 939.16557231545448 40610.864340543747 15519.283825129271 52468.065361112356 17004.412327572703 62819.021322354674 2544.2940282821655 41956.244010478258 19440.888053178787 3584.1972343623638 13712.91784851253 13230.028926610947 55077.027916178107 41937.090819478035 13849.727254092693 68633.329153001308 14115.021429002285 10000.866917222738 21000.896532595158 19231.529501363635 24292.027493149042 7186.0334372222424 22834.62512665987 7250.5937170833349 1585.3979697227478 11255.887047111988 22415.393510743976
leaf_count=383608 18747 59263 310743 1383 156961 41192 138876 59057 290739 4568 71730 54798 8121 60041 51162 165350 134945 38709 237960 54764 19780 93698 37841 37306 22518 50752 17752 3460 19475 49230
internal_value=5.20317e-05 0.016202 -0.0156352 0.0257689 -0.00864369 0.00742811 0.00568998 -0.00487746 -0.026599 0.020878 0.0313911 0.0105597 0.0130802 -0.0140774 -0.0126706 0.00210095 0.00292326 0.0179582 -0.00686576 -0.00474813 0.0240564 -0.0225457 0.0242767 0.0338485 0.00526191 0.0195745 0.0143018 0.00594329 0.0226015 0.0271422
internal_weight=806533 397406 409128 190111 249820 207295 177926 147550 159308 101667 88444.2 75493.2 56052.3 102270 88557.2 102433 97014.1 29369 123359 82748.4 22195.9 83819.9 67025.8 66248.3 24190.4 25378.9 34640.9 8835.99 21256.8 41646.9
internal_count=2694529 973278 1721251 372540 953206 600738 520837 531260 768045 222866 149674 201795 146997 421946 361905 319042 300295 79901 449685 292724 40638 384437 142391 109036 81575 55320 80475 21212 39255 87071
is_linear=0
shrinkage=0.05


Tree=17
num_leaves=31
num_cat=0
split_feature=28 28 28 28 28 28 28 25 25 25 25 25 7 7 15 9 9 9 12 13 25 7 13 7 0 6 0 10 15 9
split_gain=98277 14350.3 13683.5 2207.08 2079.09 1729.56 1333.42 889.568 814.92 704.629 691.824 557.914 509.91 418.974 398.423 621.462 473.179 377.528 405.476 338.271 329.847 306.443 304.597 280.51 269.484 234.32 229.7 220.973 208.797 480.445
threshold=0.00070971286911971677 0.0011510807466915763 0.00040518355406649926 0.00054420914605969324 0.0016023279503154483 0.00089392586804592589 0.00028159227829546078 0.99934587199486757 0.99819651306872659 0.99824051185111784 0.99891585551631423 0.99785169511768923 0.0089110610144780087 0.015885411690529296 31587.600000000002 17574.100000000002 19514.800000000003 17574.100000000002 31958.650000000005 31963.750000000004 0.9993294260385811 0.0079217275379064832 51367.000000000007 0.0095392593290807137 1076.5000000000002 0.062439781912884712 754.50000000000011 6667.9750000000013 51322.000000000007 18208.900000000005
decision_type=2 2 2 2 2 2 2 2 2 2 2 2 2 2 2 2 2 2 2 2 2 2 2 2 2 2 2 2 2 2
left_child=2 5 6 10 9 7 -1 24 -5 -3 26 -7 -10 25 16 -16 -13 18 -11 -14 -8 -12 -19 -9 -2 -6 -4 -23 29 -15
right_child=1 4 3 8 13 11 20 23 12 17 21 14 19 28 15 -17 -18 22 -20 -21 -22 27 -24 -25 -26 -27 -28 -29 -30 -31
leaf_value=-0.033110293234804397 0.0062098431625839112 0.028030067939322945 -0.010681749578451024 0.0066489603609198511 0.020482899053486967 0.020490145493284564 -0.018209878980455521 -0.004199037019184268 -0.011247066161221205 0.021016710116655051 -0.019661311107715199 0.0081007548899642758 -0.0092007964234329769 0.034332183836951573 0.032702746737332644 0.011956383751950621 -0.014600492632339757 0.011152270289517371 0.038676749975313666 -0.0020763639337650144 -0.025620105402446854 0.014167209853137375 0.019371223246326379 0.0025640255800309228 0.014428545487874454 0.034226582814593898 0.0004321440140192818 -0.014338511780879446 0.036644446833854913 0.024950991705837065
leaf_weight=74100.36194986105 23265.151432424784 28706.11079403758 10418.894572600722 13086.15587221086 11870.924302220345 18889.711916103959 18700.94362719357 22119.783023968339 38238.210543513298 20455.20644518733 38754.606594383717 24684.490221455693 23818.013768330216 42063.700236707926 3851.173154771328 57568.730296850204 2530.7785231471062 18507.505139440298 3864.3211519122124 55447.936254262924 76236.895239576697 687.18456168472767 28837.766063272953 49964.141677543521 17458.511301606894 4198.0481377840042 8395.1776492446661 63723.56227555871 25708.263533890247 20203.019696772099
leaf_count=361238 69798 57172 39958 40752 23006 44494 79902 68593 134557 42390 154232 64713 84692 64941 8056 148421 7576 42451 6232 185340 337145 2304 64564 151936 47647 6677 29938 249723 41067 35014
internal_value=2.8256e-05 0.0170032 -0.0170731 -0.00970397 0.0265448 0.00815098 -0.0280837 0.003826 -0.0051867 0.0214108 -0.0145401 0.0126884 -0.00650481 0.0314975 0.0110258 0.0132572 0.00598974 0.0187593 0.0238229 -0.00421713 -0.0241604 -0.0161482 0.0161584 0.000488702 0.00973326 0.0240735 -0.00572253 -0.0140344 0.0328535 0.0312884
internal_weight=846355 424747 421608 252570 204415 220332 169038 112808 130590 100371 121979 107525 117504 104044 88635.2 61419.9 27215.3 71664.8 24319.5 79266 94937.8 103165 47345.3 72083.9 40723.7 16069 18814.1 64410.7 87975 62266.7
internal_count=2694529 994748 1699781 921496 383514 611234 778285 337974 445341 212809 476155 273260 404589 170705 228766 156477 72289 155637 48622 270032 417047 406259 107015 220529 117445 29683 69896 252027 141022 99955
is_linear=0
shrinkage=0.05


Tree=18
num_leaves=31
num_cat=0
split_feature=28 28 28 28 28 28 28 0 0 0 28 0 11 9 9 13 19 9 8 9 7 22 9 0 0 9 9 0 0 9
split_gain=215940 39885.1 28369.3 5718.63 5337.39 4382.94 3340.74 1582.36 1574.59 877.408 787.989 766.42 745.421 702.221 1142.67 734.337 729.617 660.306 1288.03 705.251 651.642 629.202 624.865 613.053 599.488 574.404 562.471 585.025 556.666 514.127
threshold=0.0008151920709026291 0.00045842546774206003 0.0013699582277300656 0.00062075838022985716 0.0003223324648619915 0.0010529630938437486 0.0019770521136848723 622.50000000000011 890.50000000000011 491.50000000000006 0.00019411249007772078 1186.5000000000002 53417.500000000007 17574.100000000002 16882.500000000004 39956.450000000004 32640.665000000005 33578.765000000007 30789.350000000002 19514.800000000003 0.036112470926143218 61646.875000000007 24679.000000000004 251.50000000000003 327.50000000000006 51511.750000000007 8093.5000000000009 335.50000000000006 1317.5000000000002 8093.5000000000009
decision_type=2 2 2 2 2 2 2 2 2 2 2 2 2 2 2 2 2 2 2 2 2 2 2 2 2 2 2 2 2 2
left_child=1 4 5 7 10 11 13 26 21 29 -1 12 23 14 -4 -15 -17 18 19 -7 -8 24 -20 -2 -5 -9 -3 -28 -19 -6
right_child=2 3 6 8 9 17 20 25 -10 -11 -12 -13 -14 15 -16 16 -18 28 22 -21 -22 -23 -24 -25 -26 -27 27 -29 -30 -31
leaf_value=0.042055415988084058 0.003478457021084617 0.0039878639993026896 -0.032603347840929768 0.0093512928971589259 0.0099136478304615722 -0.022967877756727925 -0.043351556727510593 0.004985105172345676 -0.0052036890456960729 0.0188572296230426 0.034144638875722465 -0.015303703221655579 0.0035797706227874712 -0.018278314171875337 -0.048872771589389373 -0.042023731543596871 -0.03033827081894196 -0.012060399696399006 -0.046139601622635383 -0.004748731429710106 -0.052727008339730624 0.013588641952658131 -0.029815848643658924 -0.011158796091598856 0.00052213263877666635 0.015034823479048793 0.021662839431381111 0.014141544886769539 -0.023056737676309138 0.026956578441464315
leaf_weight=43278.528185784817 7829.5971388816833 9259.2846804857254 21994.053649038076 25009.097004175186 4613.3853262960911 38183.751101404428 30165.314251899719 69785.042460143566 77906.372849225998 61948.242347896099 115460.08771198988 65299.213481754065 11573.937235355377 8080.0604063272476 21190.442642211914 20331.378825634718 38946.662360340357 18989.668823421001 7383.7726532518864 6169.9058731794357 48065.870415508747 14701.020780056715 28455.829634845257 82842.139371335506 83137.029887318611 17856.571610122919 40039.058001846075 72976.764190852642 29215.801543086767 108417.38005691767
leaf_count=139151 16597 21665 32385 58298 11880 63507 39329 158890 158910 162673 350313 118977 24546 13721 26353 27265 58998 34734 9611 11838 56471 35186 44112 156848 179743 44492 104032 181689 48652 303663
internal_value=-8.81946e-05 0.0168235 -0.0260597 0.00639025 0.0296625 -0.0163988 -0.0412052 0.0121603 0.000356867 0.0236398 0.0363014 -0.0110721 -0.00836956 -0.0356096 -0.0405867 -0.0324187 -0.0343462 -0.0233496 -0.0261296 -0.0204335 -0.0491119 0.00388322 -0.0331789 -0.00989485 0.0025639 0.00703269 0.0158355 0.0168062 -0.0187249 0.026261
internal_weight=1.22911e+06 744388 484717 410670 333718 295944 188774 209917 200754 174979 158739 167545 102246 110543 43184.5 67358.1 59278 128399 80193.3 44353.7 78231.2 122847 35839.6 90671.7 108146 87641.6 122275 113016 48205.5 113031
internal_count=2694529 1910585 783944 942905 967680 529422 254522 510768 432137 478216 489464 316968 197991 158722 58738 99984 86263 212454 129068 75345 95800 273227 53723 173445 238041 203382 307386 285721 83386 315543
is_linear=0
shrinkage=0.05


Tree=19
num_leaves=31
num_cat=0
split_feature=28 28 28 6 25 28 28 28 25 28 10 14 11 13 6 0 14 16 12 0 0 25 15 18 19 6 15 7 7 7
split_gain=72789.7 13277.4 10238.7 1837.43 1727.91 1631.28 1097.71 1028.8 965.084 916.776 672.604 635.679 570.908 1755.03 567.425 558.644 719.72 464.553 415.746 410.915 382.586 362.748 349.032 604.129 399.28 337.268 330.288 325.432 321.562 334.803
threshold=0.00068263696510311822 0.0011663652409770312 0.00039940761736539422 0.022854437267959483 1.0013864026471799 0.00092420874316652304 0.0002889893167830338 0.00052402322918579435 1.0025067114641837 0.0016838672956111067 4576.420000000001 60830.80000000001 37423.085000000006 39956.450000000004 0.089653686821771716 2818.5000000000005 59917.450000000004 6728.7350000000015 67170.550000000017 1474.5000000000002 785.50000000000011 1.0004419150089687 18935.000000000004 6721.545000000001 17574.100000000002 0.01036085610993028 66422.525000000009 0.056139489097160732 0.00841190240637151 0.017979856150723707
decision_type=2 2 2 2 2 2 2 2 2 2 2 2 2 2 2 2 2 2 2 2 2 2 2 2 2 2 2 2 2 2
left_child=2 5 6 10 7 8 -1 18 12 22 -3 14 13 -2 17 16 -12 -7 25 -13 -6 -8 23 -5 -24 -4 -22 -11 -9 -30
right_child=1 3 4 9 20 11 21 28 -10 27 15 19 -14 -15 -16 -17 -18 -19 -20 -21 26 -23 24 -25 -26 -27 -28 -29 29 -31
leaf_value=-0.030442036098681569 -0.00088756791372378947 0.050533506650839083 -0.017215695321952319 0.034617438071257021 -0.0043058849019857728 0.044843873239304111 -0.024118968274140506 -0.0030225636253319219 0.016368867007696592 0.028483697029168142 0.016198017827181655 -0.0018014030208051163 -0.0024425023982896565 0.015411081287035323 0.030765793448648916 0.023734790698837032 0.00041657683185053327 0.011985111730112366 -0.025104715286613496 0.011404094679661031 0.010969543974032891 -0.01670367529656697 0.03396095076157412 0.0060728841142829119 0.022418161314950114 -0.010838909679432539 -0.0061808349533064369 0.035566239234531248 -0.012937140086866156 -0.0061211453021341056
leaf_weight=72486.865231215954 51837.523952916265 1427.5344306379557 36696.136584341526 2548.9626025855541 12873.183971598744 1094.3206519037485 55792.831055164337 29568.511564970016 11963.033415496349 44290.617167085409 33768.576349839568 12821.415884956717 53304.683045685291 24240.114443674684 4578.0234853178263 16129.797488942742 9190.8649593144655 63060.329704165459 8679.2587974220514 10898.19016751647 12806.118160784245 23413.758237764239 8969.2537938654423 6795.0918408036232 45486.772894769907 47673.494991376996 3595.4477858841419 25589.687827259302 32918.222076788545 39799.048018947244
leaf_count=383608 166702 2167 155803 4485 48567 2303 266358 111534 34351 74053 73350 37514 174277 67542 10056 30394 21824 163954 39626 28492 42390 107758 15850 15719 96455 198719 13275 38243 124508 144652
internal_value=8.1538e-05 0.0141857 -0.01596 0.0238485 -0.00918216 0.00615949 -0.0259959 -0.0108799 0.00278171 0.0271209 0.01662 0.0113236 0.0015254 0.00430556 0.0137592 0.0158007 0.0128217 0.0125456 -0.0146844 0.00426598 0.00214601 -0.021927 0.0227874 0.0138595 0.0243193 -0.0136125 0.00720995 0.0310773 -0.00741898 -0.00920666
internal_weight=804298 427995 376303 194197 224609 233798 151693 195335 141345 133680 60516.8 92452.3 129382 76077.6 68732.7 59089.2 42959.4 64154.7 93048.9 23719.6 29274.7 79206.6 63800.1 9344.05 54456 84369.6 16401.6 69880.3 102286 72717.3
internal_count=2694529 1057731 1636798 372540 879074 685191 757724 774842 442872 244805 127735 242319 408521 234244 176313 125568 95174 166257 394148 66006 104232 374116 132509 20204 112305 354522 55665 112296 380694 269160
is_linear=0
shrinkage=0.05


Tree=20
num_leaves=31
num_cat=0
split_feature=28 28 28 28 28 25 28 28 25 25 25 7 7 25 7 7 13 25 7 9 12 13 13 7 16 15 19 6 9 12
split_gain=87622.4 12946.8 12338.6 2027.66 1880.01 1459.39 1320.94 1079.71 752.823 658.469 626.31 484.896 467.82 373.789 345.112 333.689 325.957 324.968 298.658 295.45 263.881 252.979 244.637 211.851 208.974 207.116 258.757 205.894 205.764 596.176
threshold=0.00070971286911971677 0.00040518355406649926 0.0011373120844159121 0.00054420914605969324 0.001534544012906683 0.99868103581424916 0.00028159227829546078 0.00088015671859992272 0.99814540247086858 0.99884516999717687 0.99879399561194759 0.0089110610144780087 0.017388560961997996 0.99646385059256992 0.016061364147641016 0.0091174355231565304 31963.750000000004 0.9993294260385811 0.007825476373842127 17574.100000000002 31958.650000000005 31279.500000000004 51367.000000000007 -1.0000000180025095e-35 6728.7350000000015 31587.600000000002 34375.000000000007 0.062439781912884712 31911.415000000005 31653.400000000005
decision_type=2 2 2 2 2 2 2 2 2 2 2 2 2 2 2 2 2 2 2 2 2 2 2 2 2 2 2 2 2 2
left_child=1 6 5 9 10 13 -1 15 -5 -3 -4 -10 27 -2 -9 23 -13 -8 -11 20 -12 -17 -21 -7 -20 -15 -27 -6 29 -14
right_child=2 3 4 8 12 7 17 14 11 18 19 16 28 25 -16 21 -18 -19 24 22 -22 -23 -24 -25 -26 26 -28 -29 -30 -31
leaf_value=-0.032473359190941686 0.022873806092917687 -0.0047431122601912486 0.024745657857561026 0.0068236712785877023 0.019129634200541923 0.016736546840738973 -0.017428278979556688 0.0053841647682692315 -0.010794608367926794 -0.018947094720476568 0.018714447831380206 -0.0088273984352689357 0.028138308411760789 0.0073398191240737825 0.012006730257852627 -0.0022206390793175854 -0.001835907162788162 -0.024877181479081203 0.037012992845529981 0.009064853286226731 0.034290067270323209 0.0050515886031674284 0.016895264514747387 -0.0052619730365227012 -0.013530038612484009 0.021764152304845453 0.011770309417634049 0.030280119095033656 0.026129338067043897 0.037717911164683364
leaf_weight=71065.50651858747 10623.345668703318 16774.173511594534 33196.166320979595 12357.129729732871 16097.257193058729 1152.9091353863478 18257.275321349502 34437.609586909413 38016.844640269876 38008.354726985097 17678.4443975389 23793.858846962452 46569.679281979799 13777.378318369389 45880.46460814774 16697.832662373781 55689.159458056092 73938.748633831739 205.15292394161224 16388.594027325511 3213.6248436272144 42137.180872693658 25485.951525092125 21572.194717347622 65015.205166637897 9160.2772113531828 22110.227661862969 5573.3295762836933 24006.984050452709 24938.665896236897
leaf_count=361238 24777 62542 66668 38286 30921 3384 79902 91431 135075 154324 36615 85246 73183 37972 116499 52928 186734 337145 665 37534 5095 125732 56895 67250 258624 22141 58852 8777 40675 37419
internal_value=5.07452e-05 -0.0164006 0.0158307 -0.00924562 0.0243804 0.00745387 -0.0273507 0.00505229 -0.00491567 -0.0139311 0.0191913 -0.00615026 0.0286298 0.0144371 0.0091672 0.00100004 -0.00392886 -0.0234021 -0.0154241 0.0162537 0.0211103 0.00298767 0.0138306 -0.00414593 -0.0133711 0.0124475 0.0146979 0.0219974 0.0301346 0.0314792
internal_weight=843820 413121 430698 249860 213149 217549 163262 161878 129857 120003 95962.8 117500 117186 55671.2 80318.1 81560.1 79483 92196 103229 62766.6 20892.1 58835 41874.5 22725.1 65220.4 45047.9 31270.5 21670.6 95515.3 71508.3
internal_count=2694529 1699781 994748 921496 393782 600966 778285 457224 445341 476155 202807 407055 190975 143742 207930 249294 271980 417047 413613 136139 41710 178660 94429 70634 259289 118965 80993 39698 151277 110602
is_linear=0
shrinkage=0.05


Tree=21
num_leaves=31
num_cat=0
split_feature=28 28 28 28 28 28 28 0 0 0 7 9 15 13 19 11 0 9 7 9 11 0 9 6 9 0 9 28 0 11
split_gain=193174 32413.1 30272.1 5756.29 4536.19 4350.25 2613.17 1374.36 1339.98 994.489 772.836 768.55 1179.16 721.492 793.987 635.021 612.528 610.997 579.532 534.489 528.434 576.743 528.318 514.855 509.713 497.259 493.968 470.667 464.286 575.233
threshold=0.00075471597314034119 0.0012860900268170012 0.00040518355406649926 0.00057551013989036155 0.00098349761705273362 0.001843579068020452 0.00028518642726975402 628.50000000000011 733.50000000000011 976.50000000000011 0.036112470926143218 17574.100000000002 31587.600000000002 37561.450000000004 32640.665000000005 5905.0000000000009 510.50000000000006 51511.750000000007 0.039358534842113206 51511.750000000007 53417.500000000007 251.50000000000003 51511.750000000007 0.062439781912884712 17574.100000000002 157.50000000000003 51511.750000000007 0.00017651387569161446 2410.5000000000005 53673.250000000007
decision_type=2 2 2 2 2 2 2 2 2 2 2 2 2 2 2 2 2 2 2 2 2 2 2 2 2 2 2 2 2 2
left_child=2 4 6 7 9 11 27 17 15 20 23 12 -3 -13 -15 -5 -8 25 28 -17 21 -2 -9 -7 -11 -4 -10 -1 29 -6
right_child=1 5 3 8 18 10 16 22 26 24 -12 13 -14 14 -16 19 -18 -19 -20 -21 -22 -23 -24 -25 -26 -27 -28 -29 -30 -31
leaf_value=0.041878721853750356 0.006053091546402393 -0.030228128140535798 0.024017987757976887 -0.02468924017170215 -0.017376563626122093 -0.036329156670008231 0.028515382029707971 0.0073214020799996019 -0.0029168206093395412 -0.022968225076733993 -0.049406801705375335 -0.015224436278257215 -0.047007082184860077 -0.037941465108885568 -0.026300806364318325 0.0063336980080818603 0.020923934691490637 0.025707671421936917 -0.024439544286540438 0.018333659990580481 0.0064651208809206944 -0.0066255585885377655 0.017357227931727972 -0.048880966048334508 -0.0099534336403160964 0.015142227226834525 0.0065045909245890245 0.034760355991046925 -0.02484075650072012 -0.0055242115003869899
leaf_weight=32170.883166700602 10156.638597637415 28153.799948453903 18490.240518420935 1555.3546014726162 76106.072420656681 26681.478943318129 104794.58232116699 60285.600780040026 75275.784481853247 8351.0457822084427 55152.047260224819 9366.560214817524 16671.194067835808 21572.151165276766 45642.340703070164 96149.873488157988 35597.584248811007 20719.221081644297 38112.077258765697 10270.584407061338 11048.900481849909 76751.263661295176 16759.457998305559 11775.420154750347 75872.09489223361 107663.88179898262 17066.868671864271 83477.662571847439 16857.199471771717 11828.050537616014
leaf_count=107228 22436 41860 50296 2953 131930 36779 307997 142919 157515 14464 66180 16235 20790 29707 71005 220867 98174 57266 62104 25843 24494 151873 43585 14250 144306 277820 38703 264886 27446 22618
internal_value=-0.000126929 -0.0224526 0.0175983 0.00940421 -0.0124909 -0.0375137 0.0311751 0.014913 0.00324647 -0.00725988 -0.0456131 -0.0312687 -0.0364685 -0.0282251 -0.0300368 0.00702825 0.0265905 0.0177501 -0.0191597 0.00749181 -0.00383443 -0.00514385 0.00950448 -0.0401725 -0.0112439 0.0164431 -0.00117555 0.0367405 -0.0172395 -0.0157823
internal_weight=1.22038e+06 540098 680278 424237 325083 215015 256041 223918 200318 182180 93608.9 121406 44825 76581.1 67214.5 107976 140392 146873 142903 106420 97956.8 86907.9 77045.1 38456.9 84223.1 126154 92342.7 115649 104791 87934.1
internal_count=2694529 898477 1796052 1017767 601671 296806 778285 571886 445881 357573 117209 179597 62650 116947 100712 249663 406171 385382 244098 246710 198803 174309 186504 51029 158770 328116 196218 372114 181994 154548
is_linear=0
shrinkage=0.05


Tree=22
num_leaves=31
num_cat=0
split_feature=28 28 28 6 25 25 28 28 28 28 10 19 11 0 14 6 0 15 10 25 19 9 15 6 10 2 19 11 28 0
split_gain=65003.5 11515.3 9689.47 1626.95 1615.01 1436.89 1219.27 1079.39 991.594 808.755 602.397 537.026 789.038 507.819 701.39 495.822 475.62 437.23 383.24 357.852 355.956 339.331 510.582 333.505 331.465 311.992 276.857 275.55 267.449 256.868
threshold=0.00068263696510311822 0.0011663652409770312 0.00039940761736539422 0.022854437267959483 1.0015601864891435 1.0025067114641837 0.00092420874316652304 0.0002889893167830338 0.00052402322918579435 0.0023996687828505086 4576.420000000001 9124.010000000002 37423.085000000006 2347.5000000000005 59917.450000000004 0.026649231876613593 3151.5000000000005 71081.10000000002 5952.5000000000009 1.0005477049003637 36302.450000000004 51511.750000000007 38570.500000000007 0.01036085610993028 4576.420000000001 56591.788060788625 9124.010000000002 60361.200000000004 0.00018295972369697172 785.50000000000011
decision_type=2 2 2 2 2 2 2 2 2 2 2 2 2 2 2 2 2 2 2 2 2 2 2 2 2 2 2 2 2 2
left_child=2 5 7 10 8 6 11 28 17 16 26 18 -13 14 -12 -8 24 23 -2 -9 -7 22 -10 -4 -5 -17 -3 29 -1 -6
right_child=1 3 4 9 27 20 15 19 21 -11 13 12 -14 -15 -16 25 -18 -19 -20 -21 -22 -23 -24 -25 -26 -27 -28 -29 -30 -31
leaf_value=-0.034566856458669443 0.027904027188299936 0.027800067558114955 -0.016399921286457557 0.036068187995526073 -0.0009892947299376606 0.02253811569199898 0.0057667084192490944 -0.0231868575220332 -0.0093591769456307719 0.032334550093893237 0.014567916135725426 0.0056827471333613733 -0.0024058587185979969 0.020801693310801592 -0.0022444439022443635 0.016019845035983454 0.029781257955285995 -0.024795131773984347 -0.015649340762481371 -0.01533830223457815 0.010730358381938419 -0.013924248671797227 -0.0018385494437152469 -0.010101886034507443 0.020755167822559734 0.0041664169964123173 0.071554576274511825 -0.010526363394943946 -0.027784625697762633 0.010449785842915511
leaf_weight=20675.73973223567 548.83810952305794 822.48954136669636 37284.578252017498 3695.5941958129406 8268.2486865520477 13493.906549856067 44723.427269726992 57640.300534784794 46437.985108286142 30640.505153208971 30892.356498733163 69481.667372956872 53262.468558400869 21334.364945068955 7762.3532078415155 28332.052950710058 21328.781673640013 8413.7931212037802 6336.2618642300367 19415.164907455444 12111.340136870742 14581.499677285552 43905.797473624349 48185.510894313455 80774.640714764595 6904.0648573935032 645.09160155057907 2960.393154785037 48946.98224785924 12074.173568502069
leaf_count=118255 1478 1294 161447 5937 30769 34591 120270 283287 175619 44236 66679 209827 174277 40195 18694 69582 37435 39142 22939 90829 32995 59668 157809 203491 157197 19232 873 11337 265353 39792
internal_value=0.000113849 0.0132505 -0.0153132 0.0221387 -0.00872713 0.00577181 0.00440581 -0.0252864 -0.0101868 0.0251813 0.0153837 0.00141065 0.00217285 0.0146094 0.0111918 0.00926152 0.0231097 -0.0139199 -0.0121775 -0.0212093 0.016953 -0.00684659 -0.00570426 -0.0128493 0.0214251 0.0136973 0.0470328 0.00372619 -0.0297987 0.00580033
internal_weight=801880 433090 368790 197896 222112 235194 209589 146678 198809 136440 61456.7 129629 122744 59989.1 38654.7 79959.5 105799 93883.9 6885.1 77055.5 25605.2 104925 90343.8 85470.1 84470.2 35236.1 1467.58 23302.8 69622.7 20342.4
internal_count=2694529 1057731 1636798 372540 879074 685191 617605 757724 797176 244805 127735 408521 384104 125568 85373 209084 200569 404080 24417 374116 67586 393096 333428 364938 163134 88814 2167 81898 383608 70561
is_linear=0
shrinkage=0.05


Tree=23
num_leaves=31
num_cat=0
split_feature=28 28 28 28 28 25 28 28 25 25 25 7 7 7 25 7 25 0 7 16 7 10 19 6 7 21 13 0 7 6
split_gain=78216.7 12265.4 10649.4 1854.05 1631.53 1316.78 1307.39 950.545 701.881 630.032 582.094 407.76 336.953 332.25 331.224 319.972 319.481 309.509 290.429 283.867 276.455 241.839 226.967 226.441 220.375 218.617 215.78 201.538 200.142 199.938
threshold=0.00070971286911971677 0.00040518355406649926 0.0011373120844159121 0.00054420914605969324 0.0016023279503154483 0.99868103581424916 0.00028159227829546078 0.0009009511851004406 0.99855454358113971 0.99855454358113971 0.99785169511768923 0.0089110610144780087 0.031857159886123372 0.027283224714873575 0.99646385059256992 0.0093185697320351101 0.9993294260385811 448.50000000000006 0.014393803562042501 6728.7350000000015 0.03048087971676924 6667.9750000000013 101211.05000000002 0.13729076140470164 -1.0000000180025095e-35 107721.65000000001 31279.500000000004 1040.5000000000002 0.0063818057642117667 0.10657347247740136
decision_type=2 2 2 2 2 2 2 2 2 2 2 2 2 2 2 2 2 2 2 2 2 2 2 2 2 2 2 2 2 2
left_child=1 6 5 9 10 14 28 15 27 -3 -4 -10 22 23 -2 24 -8 21 -9 -13 -19 -11 -12 25 -7 -6 -17 -5 -1 -30
right_child=2 3 4 8 13 7 16 18 11 17 12 19 -14 -15 -16 26 -18 20 -20 -21 -22 -23 -24 -25 -26 -27 -28 -29 29 -31
leaf_value=-0.034352780716330751 0.021453551262057016 -0.0017329740389608493 0.024726465918013647 -0.00068526793692668753 0.022017955932494292 0.016664559894377873 -0.01668118398448535 0.0049381187187010553 -0.010576950605181721 0.0090746792893746046 0.014037172371211949 0.034037342457164325 0.02036718772836708 0.028866734985517735 0.01171314354795199 -0.0014829331874886467 -0.024157399393148746 -0.013533797958702951 0.011440908689976574 -0.0043347153334562022 -0.0042916639612234986 -0.017781321494517294 -0.022206663339590565 0.045465635775786994 -0.0045546137314826938 0.088897332508723462 0.0049508400865361166 0.0094697590992652708 -0.029052405301652214 0.088272747376551677
leaf_weight=36874.162761256099 10799.588416516781 10664.320188090205 26444.284592986107 10476.3031450212 34190.478653371334 1288.9837830811739 17842.450815930963 27767.115902274847 35986.525276884437 852.68296082317829 51078.135832697153 485.17649354040623 30420.992707371712 73303.586589097977 45496.730582848191 18119.319536939263 71763.182846561074 47188.751419275999 44992.643965169787 73048.086297020316 9765.8676599413157 49588.917436078191 435.63399988412857 1084.188870549202 24129.263649791479 122.62931686639786 46418.653614342213 9155.7075246572495 31259.076552972198 36.354477226734161
leaf_count=196944 24777 39235 50416 34564 59333 3704 79902 72458 129415 2947 109702 1405 61894 109651 118965 56925 337145 187379 112386 252168 36900 209694 1065 1557 74875 164 136876 27789 164153 141
internal_value=7.56263e-05 -0.0157467 0.0147694 -0.00879522 0.0226176 0.00699046 -0.0266386 0.00471003 -0.00465524 -0.0133241 0.0182764 -0.00621583 0.0161947 0.0269458 0.0135817 0.00127309 -0.0226687 -0.0144751 0.00895927 -0.00408153 -0.0119491 -0.0173273 0.0137307 0.0229678 -0.00347857 0.022257 0.00314453 0.00405069 -0.0318569 -0.0289161
internal_weight=841080 404988 436092 247212 217080 219012 157775 162716 129152 118061 108379 109520 81934.8 108701 56296.3 89956.2 89605.6 107396 72759.8 73533.3 56954.6 50441.6 51513.8 35397.3 25418.2 34313.1 64538 19632 68169.6 31295.4
internal_count=2694529 1699781 994748 921496 393782 600966 778285 457224 445341 476155 223077 382988 172661 170705 143742 272380 417047 436920 184844 253573 224279 212641 110767 61054 78579 59497 193801 62353 361238 164294
is_linear=0
shrinkage=0.05


Tree=24
num_leaves=31
num_cat=0
split_feature=28 28 28 28 28 28 28 0 0 0 28 7 9 11 9 14 10 13 19 11 13 9 0 6 0 9 28 10 13 9
split_gain=172904 32305.7 25620.2 4789.18 4337.05 4141.04 2423.95 1381.34 947.917 918.76 855.622 827.395 759.453 752.64 652.328 1054.73 695.166 633.462 720.334 621.671 1140.91 588.063 565.345 527.586 490.635 479.557 469.963 442 391.444 390.724
threshold=0.00072906140875033168 0.0012860900268170012 0.00040236851738306153 0.00093237664442929189 0.00053743418994790326 0.0017851237758884741 0.00028518642726975402 622.50000000000011 448.50000000000006 651.50000000000011 0.0010751805384475791 0.041303064857687137 47909.215000000004 5905.0000000000009 17574.100000000002 19402.450000000004 7976.1450000000013 37561.450000000004 32640.665000000005 37423.085000000006 55711.070000000007 51511.750000000007 419.50000000000006 0.062439781912884712 183.50000000000003 8093.5000000000009 0.00019411249007772078 5952.5000000000009 39956.450000000004 8093.5000000000009
decision_type=2 2 2 2 2 2 2 2 2 2 2 2 2 2 2 2 2 2 2 2 2 2 2 2 2 2 2 2 2 2
left_child=2 3 6 9 8 14 26 13 25 27 -5 23 -10 -6 15 16 -3 -16 -19 20 -11 28 29 -7 -15 -4 -1 -2 -9 -8
right_child=1 5 4 10 7 11 22 21 12 19 -12 -13 -14 24 17 -17 -18 18 -20 -21 -22 -23 -24 -25 -26 -27 -28 -29 -30 -31
leaf_value=0.039922090146106148 -0.026627110996637685 -0.034295321585043829 0.0062667976897784472 -0.01330779934406412 -0.025056004358202086 -0.034997271126715419 0.0090222591718595226 0.003508630656357654 0.0094307131500133094 -0.0082440042416167206 -0.020251226681410106 -0.047474802435869823 0.019212437813066321 0.018352482238051217 -0.013767992191843301 -0.040943293232489492 -0.014224603084127114 -0.035869730605465576 -0.024383884183892236 -0.0038314765974400006 -0.02722371870510408 0.0088122570803176713 0.021500411839400397 -0.046342526818603666 0.0083760954209524414 0.020672807082253209 0.033181510423648634 0.00085203871510125062 -0.0029520845689082185 0.028804631830128505
leaf_weight=40461.048482179642 1503.5883204340935 9061.6126370728016 6267.6698360741138 87756.887323260307 1574.7827922105789 34144.4914675951 2575.8583890497684 39637.963770955801 69964.947518080473 52331.571498245001 89739.045293956995 51823.522571086884 27698.971945017576 14335.072333246469 8892.7017647624016 23947.532534390688 8234.8122469782829 19980.304306089878 43088.287953078747 55795.943618029356 9329.5202912688255 21583.961592704058 50891.09932795167 14641.183580935001 87846.746041119099 73772.837103813887 71651.798137634993 54714.195664644241 57389.404247999191 80558.540422260761
leaf_count=139151 2619 12866 15587 158076 2986 47127 7073 87429 173336 101105 149277 62880 74212 36689 15460 31386 13973 27713 67400 112755 15766 50968 145221 18001 208956 201832 232963 116080 122005 243637
internal_value=-0.000167942 -0.0203718 0.0174964 -0.0110424 0.00968738 -0.0356943 0.0301891 0.00503355 0.0155109 -0.00513952 -0.0168183 -0.0430754 0.012205 0.00924702 -0.0291345 -0.034148 -0.0247397 -0.0262611 -0.0280226 -0.00765545 -0.0111157 0.00134776 0.0256509 -0.0384021 0.00977568 0.0195447 0.0356142 0.000117088 -0.00031273 0.0281917
internal_weight=1.2112e+06 564985 646211 351171 400072 213814 246138 222368 177704 173675 177496 100609 97663.9 103757 113205 41244 17296.4 71961.3 63068.6 117457 61661.1 118611 134025 48785.7 102182 80040.5 112113 56217.8 97027.4 83134.4
internal_count=2694529 952484 1742045 655678 974000 296806 768045 509033 464967 348325 307353 128008 247548 248631 168798 58225 26839 110573 95113 229626 116871 260402 395931 65128 245645 217419 372114 118699 209434 250710
is_linear=0
shrinkage=0.05


Tree=25
num_leaves=31
num_cat=0
split_feature=28 28 28 28 25 25 28 6 6 28 28 9 10 0 15 7 0 25 11 18 6 0 15 0 12 14 0 13 12 11
split_gain=58120.1 10752 8474.26 1975.66 1419.35 1219.08 1062.73 916.355 851.002 729.993 646.947 466.905 464.782 536.368 457.554 446.933 408.414 402.345 380.637 379.355 366.609 364.99 355.439 351.023 344.73 317.423 384.118 344.479 294.892 286.158
threshold=0.00066549044692206774 0.0010751805384475791 0.00039940761736539422 0.0016419030941401543 1.0012972144600476 1.0025067114641837 0.00026724171732840917 0.0126673830826302 0.020618467664195759 0.00050125420332707438 0.000827023980239554 47909.215000000004 4576.420000000001 2818.5000000000005 7546.1900000000014 0.0050049571456298077 1186.5000000000002 1.0006339764091887 43785.000000000007 6721.545000000001 0.010126392171501327 675.50000000000011 69458.000000000015 785.50000000000011 62578.100000000006 59917.450000000004 2347.5000000000005 19178.000000000004 56126.535000000011 52695.590000000004
decision_type=2 2 2 2 2 2 2 2 2 2 2 2 2 2 2 2 2 2 2 2 2 2 2 2 2 2 2 2 2 2
left_child=2 5 6 8 9 7 -1 11 25 24 21 15 -5 18 -12 -2 19 -8 -14 -10 -11 -9 23 -6 -4 27 -27 -3 -13 -18
right_child=1 3 4 12 22 -7 17 10 16 20 14 28 13 -15 -16 -17 29 -19 -20 -21 -22 -23 -24 -25 -26 26 -28 -29 -30 -31
leaf_value=-0.030003017331154149 0.016138556010674928 0.0025788251151272323 -0.012842862574305766 0.038335811987307747 -0.0025814420639987982 0.015366854092004278 -0.022888501848247412 -0.003139170415269771 0.031322241698199478 -0.011688694171886716 0.047365803796779918 0.035807306156802846 0.022193526044133782 0.028245379887587414 0.0079578680777435511 -0.0014115777296004547 0.022974406834121396 -0.014553977701559119 0.0090486032154569237 0.012635458378262108 -0.0055324643793591708 0.0046664487601726272 -0.012851041429051142 0.0089771585591139434 -0.022566489019356067 -0.0031148126908028817 0.015597903707224876 0.015066092987302514 -0.012305501937202713 0.012736612048457
leaf_weight=55091.962847754359 3933.2802704423666 6913.2485632896423 61910.997605919838 5998.7735446095467 12712.441753745079 21541.913135632873 68328.871028497815 25783.273568958044 2975.3482649326324 37821.668370202184 744.1861831843853 327.37250182032585 46319.219666063786 41288.246317237616 71989.623258396983 46680.04584698379 42681.037504509091 18374.15965847671 6250.4103911817074 31148.238923892379 67063.698327541351 35730.824813693762 3863.1843639165163 13590.852066725492 10688.835441783071 8141.2618031352758 4135.436898380518 27461.901187539101 11723.93289886415 8124.7704415172338
leaf_count=318502 11905 16572 271190 8316 48860 57839 350408 89326 5125 147189 1551 1001 77376 62727 196812 144227 85334 88814 11696 68820 257732 111843 15543 45444 51051 20946 8942 61575 39209 18654
internal_value=0.000147713 0.0120301 -0.0151502 0.0195398 -0.008716 0.00407408 -0.0245727 0.00283867 0.0155154 -0.0104202 0.00516903 -0.00215371 0.0248428 0.0239804 0.00836108 -4.77157e-05 0.0184956 -0.0211222 0.0206306 0.0142648 -0.0077524 0.00139477 0.00131089 0.00339086 -0.0142745 0.01009 0.00318861 0.0125548 -0.0109985 0.0213372
internal_weight=799339 449892 349447 231438 207652 218454 141795 196913 131581 177485 134248 62664.6 99856.6 93857.9 72733.8 50613.3 84929.4 86703 52569.6 34123.6 104885 61514.1 30166.5 26303.3 72599.8 46651.8 12276.7 34375.1 12051.3 50805.8
internal_count=2694529 1099796 1594733 446083 837009 653713 757724 595874 285968 727162 399532 196342 160115 151799 198363 156132 177933 439222 89072 73945 404921 201169 109847 94304 322241 108035 29888 78147 40210 103988
is_linear=0
shrinkage=0.05


Tree=26
num_leaves=31
num_cat=0
split_feature=28 28 28 28 28 28 28 25 25 25 25 7 25 6 7 6 25 6 0 7 0 11 7 7 7 9 22 6 27 9
split_gain=69982.3 10443.6 10379.8 1432.62 1421.18 1358.77 1294.41 747.283 623.803 561.589 504.078 426.894 419.785 371.246 359.537 329.494 314.35 310.721 268.925 250.246 242.332 237.869 230.82 212.366 204.22 197.048 213.072 186.179 185.506 184.176
threshold=0.00068263696510311822 0.0011373120844159121 0.00040518355406649926 0.0008527313244674642 0.0015013380100063775 0.00051415629007239762 0.00028159227829546078 0.99870962182793643 0.99951558369314519 0.99803774499027909 1.0001265114374676 0.017778961911389279 0.99912600798844131 0.010828617793221957 0.019436421078778101 0.010013904606367958 0.9993294260385811 0.05692166820880367 1007.5000000000001 0.0095392593290807137 1040.5000000000002 5905.0000000000009 0.036112470926143218 0.0080194636026156407 0.0063818057642117667 17574.100000000002 32203.500000000004 0.10657347247740136 53.772500000000008 31911.415000000005
decision_type=2 2 2 2 2 2 2 2 2 2 2 2 2 2 2 2 2 2 2 2 2 2 2 2 2 2 2 2 2 2
left_child=2 3 6 8 10 12 24 20 18 -5 22 -6 -4 -11 21 -16 28 -15 -2 -10 -7 -9 -3 -14 -1 -12 -27 -26 -8 -13
right_child=1 4 5 9 11 7 16 14 19 13 25 29 23 17 15 -17 -18 -19 -20 -21 -22 -23 -24 -25 27 26 -28 -29 -30 -31
leaf_value=-0.033824045029011422 0.003036157337658964 0.017247136348552641 -0.0070204063065156573 0.016299495706155877 0.018600657320702894 -0.0018259388242257112 -0.020137547317675111 0.02792333333936603 -0.005729398423739443 0.014104327322030609 0.017239238401292899 0.027128482882154005 -0.018801429912319086 0.0050865938112161892 0.0034932106234550685 -0.0066133432366423236 -0.023435872517888128 0.013007536774674203 0.010961231714868975 0.00083873302522341649 0.0087197327228430328 -0.0097864617002846373 0.024409330052984408 -0.01327209082468863 -0.028355860603042404 0.00026398569680437597 0.011976643881829717 0.082378796978895816 -0.009609087642962047 0.022257112573127905
leaf_weight=35272.81224809587 25047.795155763626 30616.256975531578 18559.345376759768 24811.122092008591 24934.082781076431 13362.581536099315 10465.990412592888 420.61105959117413 21314.975324124098 19755.854017332196 14772.438529670238 76614.858782917261 28600.71613009274 69715.902525126934 11494.131973639131 27028.265516355634 69643.387634843588 15054.612834215164 18693.189626827836 45369.514803320169 9196.90404728055 72522.63498942554 17783.132915616035 44203.77061124146 30035.344400301576 4585.7294214069843 25334.692126750946 38.005970671772957 6970.0432716757059 25983.557711362839
leaf_count=196944 77598 63495 73332 57494 44474 45766 49031 1222 68223 52022 28770 114508 122068 180768 40312 94413 337145 36460 51050 140334 28591 268621 33667 184188 164153 11044 54942 141 30871 42882
internal_value=0.000101811 0.0131896 -0.0158464 0.00596578 0.0210401 -0.00903106 -0.0259242 -0.00582574 0.00178293 0.009537 0.0163431 0.0244687 -0.0137331 0.00793181 -0.00750537 -0.0035978 -0.0219327 0.00649329 0.00642302 -0.0012607 0.00247325 -0.00956902 0.0198787 -0.0154443 -0.0312431 0.0125143 0.0101815 -0.0282159 -0.0159288 0.0258948
internal_weight=838202 460388 377815 239763 220625 225389 152426 134025 110425 129337 93092.2 127532 91363.8 104526 111466 38522.4 87079.4 84770.5 43741 66684.5 22559.5 72943.2 48399.4 72804.5 65346.2 44692.9 29920.4 30073.4 17436 102598
internal_count=2694529 1057731 1636798 663949 393782 858513 778285 478925 337205 326744 191918 201864 379588 269250 404568 134725 417047 217228 128648 208557 74357 269843 97162 306256 361238 94756 65986 164294 79902 157390
is_linear=0
shrinkage=0.05


Tree=27
num_leaves=31
num_cat=0
split_feature=28 28 28 28 28 28 28 0 0 0 28 9 7 13 7 9 9 8 9 23 0 0 9 9 0 11 13 9 6 11
split_gain=154896 32127.8 21065 4750.26 4409 3278.22 2476.92 1277.59 1275.14 798.49 739.619 734.499 705.05 641.31 636.549 604.601 601.835 1279.51 689.779 578.898 542.041 525.729 518.725 516.289 511.854 632.744 498.685 484.197 455.308 420.965
threshold=0.000827023980239554 0.00045842546774206003 0.0014178755247707573 0.00031906248498091979 0.00062075838022985716 0.0010751805384475791 0.0021441879685302136 473.50000000000006 890.50000000000011 399.50000000000006 0.00019411249007772078 51511.750000000007 0.044155538615989677 69639.85000000002 0.027667369675716421 8093.5000000000009 31911.415000000005 30789.350000000002 19514.800000000003 61803.100000000006 1116.5000000000002 211.50000000000003 24679.000000000004 17574.100000000002 1392.5000000000002 53417.500000000007 37561.450000000004 8093.5000000000009 0.079700090245198016 8814.3000000000011
decision_type=2 2 2 2 2 2 2 2 2 2 2 2 2 2 2 2 2 2 2 2 2 2 2 2 2 2 2 2 2 2
left_child=1 3 5 10 7 12 14 15 19 27 -1 -9 24 -11 28 -3 17 18 -7 21 -18 -6 -19 -16 25 -2 -25 -5 -4 -12
right_child=2 4 6 9 8 16 -8 11 -10 13 29 -13 -14 -15 23 -17 20 22 -20 -21 -22 -23 -24 26 -26 -27 -28 -29 -30 -31
leaf_value=0.038960000185207955 -0.0079975495721990066 0.0025038429348066861 -0.026021566759501232 0.0077556905719283285 0.01154199048777804 -0.020154025395529667 -0.044630623207287903 0.0052899576678117708 -0.0047563555976257608 0.014999311622413625 0.016074001986239726 0.015040405620537226 -0.016662680689986751 0.025431166393863964 -0.041088765650336916 0.016677328863869235 -0.0079148883582165052 -0.041616714690584811 -0.002043293718229062 0.012759859214220088 -0.019435952537124188 0.00079858621532341145 -0.027111577082624672 -0.013648631293240003 -0.0130299758762333 0.0039614901298254956 -0.033608194813081263 0.025019970122059244 -0.040031562826804784 0.031569585703999592
leaf_weight=39050.944406509399 83541.764431715012 8388.081660091877 43484.649741351604 4276.2415129542351 12840.136383503675 38915.082229971886 60548.773097366095 100563.28741845489 83165.047174811363 66530.730958253145 4587.0584324598312 23905.854473650455 31963.259756803513 18923.191177368164 24595.48645401001 73050.692872494459 14035.357061862946 8080.5441761910915 6078.7288284301758 14089.990219980478 37448.535471886396 100635.21690368652 25981.327945530415 3459.3509735167027 41984.547978013754 12748.339230179787 32812.576295793056 80799.783243358135 6691.620403110981 98518.85449975729
leaf_count=139151 158471 19965 65563 11449 31070 63620 75336 236446 168656 181857 14219 62084 56223 55272 31916 192273 25549 10554 11522 34138 61803 218998 39571 5824 75729 26713 46012 240364 8813 325368
internal_value=-0.000210572 0.0142363 -0.0225161 0.02635 0.00514502 -0.014541 -0.0364954 0.0103484 6.06955e-05 0.0207232 0.0330998 0.00716265 -0.00997004 0.0173094 -0.0320595 0.0152175 -0.0205021 -0.0232418 -0.0177072 0.00320113 -0.0162951 0.00201424 -0.0305527 -0.0354966 -0.00842298 -0.00641423 -0.0317046 0.0241522 -0.02789 0.0308802
internal_weight=1.2017e+06 729325 472370 312687 416638 300777 171592 205908 210730 170530 142157 124469 170238 85453.9 111044 81438.8 130540 79055.7 44993.8 127565 51483.9 113475 34061.9 60867.4 138275 96290.1 36271.9 85076 50176.3 103106
internal_count=2694529 1931310 763219 967680 963630 529755 233464 510768 452862 488942 478738 298530 317136 237129 158128 212238 212619 125267 75142 284206 87352 250068 50125 83752 260913 185184 51836 251813 74376 339587
is_linear=0
shrinkage=0.05


Tree=28
num_leaves=31
num_cat=0
split_feature=28 28 28 6 25 25 28 6 28 28 6 11 8 13 0 0 19 15 19 9 7 15 18 11 10 25 28 7 28 21
split_gain=52001.3 9414.6 7974.66 1411.42 1327.27 1210.79 1048.56 935.048 807.768 709.437 655.639 546.297 441.594 502.654 436.581 434.991 431.706 428.61 401.978 367.671 362.737 360.185 495.295 383.825 343.224 342.549 334.051 296.725 286.029 274.063
threshold=0.00066549044692206774 0.0011373120844159121 0.00039940761736539422 0.022854437267959483 1.0010922950528258 1.0021958454488351 0.00029258724384997376 0.011322102649103749 0.00087326496648052994 0.001534544012906683 0.010126392171501327 39793.890000000007 5966.4650000000011 19178.000000000004 2347.5000000000005 926.50000000000011 69639.85000000002 7546.1900000000014 9124.010000000002 78505.000000000015 0.0489305177163167 18935.000000000004 6721.545000000001 52695.590000000004 41365.05000000001 1.0009653579811111 0.0004890500899665611 0.06273785029367511 0.00018295972369697172 67186.000000000015
decision_type=2 2 2 2 2 2 2 2 2 2 2 2 2 2 2 2 2 2 2 2 2 2 2 2 2 2 2 2 2 2
left_child=2 5 6 11 10 7 28 16 18 21 29 12 -3 -14 -13 -6 20 -10 -9 26 -2 22 -5 -23 -7 -8 -12 -11 -1 -4
right_child=1 3 4 9 15 24 25 8 17 27 19 14 13 -15 -16 -17 -18 -19 -20 -21 -22 23 -24 -25 -26 -27 -28 -29 -30 -31
leaf_value=-0.033599640122602796 -0.002648474227852071 0.045601023433577435 -0.012987889663510249 0.028979778812174641 -0.0039886738873483518 0.017554204198799644 -0.020910899885146782 -0.013452799621436621 0.045185929194849178 0.022636944096385139 -0.011448367677913815 5.2497004626570241e-05 0.0048260834044962231 0.017854801808573541 0.014726636259767806 0.0070081989572407261 -0.016166951850377153 0.0086144454988659035 0.0025452428428742735 -0.030478429055216097 0.009437644667493696 0.020712133461958299 0.00072219390326921581 0.0077033547180302923 0.0068985136856373561 -0.010144296588129164 -0.0052653770603841516 0.029004433156227236 -0.026315867981601706 -0.023402191315610235
leaf_weight=18842.817929819226 44771.376345947385 1222.6516352295876 58863.825432538986 2062.8183794915676 24491.811214610934 20032.874157547951 62545.295608490705 4140.5955622643232 810.3353383988142 62720.8551042974 32509.946446225047 12103.994999036193 9346.0190099179745 35608.133043751121 8720.644806355238 14209.884417563677 5136.7833151966333 70724.75052087009 75948.327608123422 1740.0186220109463 7207.5003854334354 42816.290139779449 6246.605570062995 6535.7611828297377 12134.746262386441 8377.1163331866264 66591.522341147065 25831.151595532894 47343.263783931732 7076.7667724490166
leaf_count=118255 140013 1795 246465 3484 96346 51640 323218 15171 1590 101663 145950 28490 20472 69974 16573 48402 17524 185762 241084 8112 19572 85019 14314 15103 33658 39890 258832 36895 276361 32902
internal_value=0.000182618 0.0112776 -0.0145244 0.0189301 -0.00829302 0.00450483 -0.0238632 0.00311333 0.00516722 0.0216839 -0.0102288 0.0129206 0.0159525 0.0151461 0.00619752 4.89862e-05 -0.00233912 0.00902872 0.00171814 -0.00769374 -0.000972588 0.0173678 0.00773715 0.0189894 0.0135345 -0.0196392 -0.00729369 0.0244944 -0.0283895 -0.0141056
internal_weight=796714 454122 342592 213215 205484 240907 137108 208740 151624 146213 166782 67001.4 46176.8 44954.2 20824.6 38701.7 57115.7 71535.1 80088.9 100841 51978.9 57661.5 8309.42 49352.1 32167.6 70922.4 99101.5 88552 66186.1 65940.6
internal_count=2694529 1099796 1594733 393782 837009 706014 757724 620716 443607 256478 692261 137304 92241 90446 45063 144748 177109 187352 256255 412894 159585 117920 17798 100122 85298 363108 404782 138558 394616 279367
is_linear=0
shrinkage=0.05


Tree=29
num_leaves=31
num_cat=0
split_feature=28 28 28 28 28 28 28 25 7 25 25 7 25 25 6 6 9 12 25 6 9 18 15 6 9 7 13 16 7 9
split_gain=62616.3 9803.72 9097.69 1388.5 1258.85 1257.65 1145.66 701.724 583.706 510.782 496.161 439.518 434.887 416.811 332.578 299.032 282.331 322.18 274.275 265.247 352.865 328.789 291.985 334.503 317.547 254.585 246.849 239.673 236.769 208.987
threshold=0.00068263696510311822 0.00039649984288031684 0.0011373120844159121 0.00051415629007239762 0.0016023279503154483 0.0008527313244674642 0.00028159227829546078 0.9979193538560599 0.0093185697320351101 0.99868103581424916 0.99785169511768923 0.0089110610144780087 0.99896283958468313 0.99951558369314519 0.0066188495348510129 0.01036085610993028 17574.100000000002 31958.650000000005 0.99923342563350903 0.046519670343950284 31911.415000000005 37550.05000000001 51322.000000000007 0.022596075031587629 31911.415000000005 0.016238503784724388 51367.000000000007 106414.30000000002 0.0080194636026156407 8093.5000000000009
decision_type=2 2 2 2 2 2 2 2 2 2 2 2 2 2 2 2 2 2 2 2 2 2 2 2 2 2 2 2 2 2
left_child=1 6 5 12 10 8 29 -5 -2 -7 -4 27 -3 -10 -13 -11 17 -12 -8 22 21 -21 24 -24 -6 -17 -18 -9 -14 -1
right_child=2 3 4 7 19 9 18 11 13 15 16 14 28 -15 -16 25 26 -19 -20 20 -22 -23 23 -25 -26 -27 -28 -29 -30 -31
leaf_value=0.010523130256396025 -0.0044196882795120062 -0.0057281864728427438 0.021699208651416856 0.0082250246567340032 0.020279823564938723 0.013952729936177626 -0.014914382258716039 -0.01087911517467343 0.0079021337667503702 0.013297326564395731 0.015671802190716285 0.0026076450118104957 -0.018251872262550987 0.00070066258669955017 -0.0058217197095453178 0.0024707467128844635 0.0076842383409468284 0.030198579632006724 -0.022881023470851494 0.025617410633991762 0.017362018916841995 0.036310069103479205 0.033297268985084762 0.020197015140724823 0.0053123267085331567 0.008222523784384872 0.014521503010622772 0.070111338713274823 -0.012710784682644327 -0.03084014610744449
leaf_weight=306.87618879973888 28918.488356620073 15472.889896079898 27281.722760647535 8667.2369700968266 40279.654768079519 36498.506467506289 12950.983107894659 41281.128051102161 35676.901495203376 15627.766230002046 24068.243925839663 14089.497357860208 31648.852172657847 45997.699838772416 69042.076912999153 34034.648606747389 21608.691451102495 4536.1638894081116 65164.216669514775 29916.915552347898 9307.6735953986645 9463.4429985284805 9120.3670839071274 10463.001109838486 3885.4745584726334 44252.400662004948 33927.819909125566 91.549088090658188 49323.624731600285 62323.293507397175
leaf_count=1534 91673 61333 50416 26954 63585 85882 60520 155003 103340 40900 46969 50174 138799 142192 246499 89287 47314 6765 325723 42127 14902 12907 14132 16137 6915 110675 71613 295 210260 359704
internal_value=0.000128766 -0.015209 0.0123485 -0.00884004 0.0196062 0.00560716 -0.0255995 -0.0055312 0.00168493 0.00893328 0.0158397 -0.00648883 -0.0134089 0.00384639 -0.00439307 0.00698255 0.0139398 0.0179755 -0.0215602 0.0233387 0.0261176 0.0281869 0.0212163 0.0262981 0.018963 0.00572199 0.0118612 -0.0106999 -0.0148766 -0.0306375
internal_weight=835228 370362 464866 229617 223859 241006 140745 133171 110593 130413 111423 124504 96445.4 81674.6 83131.6 93914.8 84140.9 28604.4 78115.2 112437 48688 39380.4 63748.5 19583.4 44165.1 78287 55536.5 41372.7 80972.5 62630.2
internal_count=2694529 1636798 1057731 889317 393782 663949 747481 478925 337205 326744 223077 451971 410392 245532 296673 240862 172661 53734 386243 170705 69936 55034 100769 30269 70500 199962 118927 155298 349059 361238
is_linear=0
shrinkage=0.05


Tree=30
num_leaves=31
num_cat=0
split_feature=28 28 28 28 28 28 28 0 0 0 9 9 9 15 13 19 0 7 11 18 9 9 9 11 13 11 11 0 0 9
split_gain=138906 27156.1 22080.3 4383.73 3582.38 3320.83 2309.98 1182.88 978.449 868.858 719.984 906.137 664.954 1147.77 718.808 692.701 631.393 597.687 593.485 1320.89 835.14 730.609 557.216 550.312 520.952 517.381 476.901 474.171 455.901 447.905
threshold=0.00072906140875033168 0.0013269076416109271 0.00040236851738306153 0.00098349761705273362 0.00057551013989036155 0.0019770521136848723 0.00026724171732840917 628.50000000000011 639.50000000000011 777.50000000000011 17574.100000000002 16882.500000000004 17574.100000000002 31587.600000000002 39956.450000000004 32640.665000000005 419.50000000000006 0.036112470926143218 37423.085000000006 30555.050000000003 24679.000000000004 19035.500000000004 51511.750000000007 5041.8100000000004 39956.450000000004 5905.0000000000009 5041.8100000000004 2410.5000000000005 147.50000000000003 51511.750000000007
decision_type=2 2 2 2 2 2 2 2 2 2 2 2 2 2 2 2 2 2 2 2 2 2 2 2 2 2 2 2 2 2
left_child=2 3 6 8 7 12 -1 22 23 25 11 -10 13 26 -14 -16 -8 -7 19 21 -21 -5 28 -2 -12 -6 -3 -20 -4 -27
right_child=1 5 4 18 9 17 16 -9 10 -11 24 -13 14 -15 15 -17 -18 -19 27 20 -22 -23 -24 -25 -26 29 -28 -29 -30 -31
leaf_value=0.034376623113745508 -0.052392704730229424 -0.043627332461741532 0.022015766893182229 -0.015910961121352485 -0.024115958310476762 -0.035970632178162917 0.026657961831335727 0.0078603639308893192 -0.0092456913068529774 -0.00092401639928428028 -0.00035919407316623936 -0.033246990443212512 -0.012243164588229903 -0.04275617722384694 -0.03434300621877627 -0.023506565176993569 0.019797657583747616 -0.045133580375994693 -0.0099843848862463617 -0.04041931755167192 -0.022105197733224155 0.00062965169050244608 0.023208740215971704 0.00013673204948056115 -0.0081099694996874423 0.005553400992270789 -0.024185405584394016 -0.021157776870413002 0.013108544974890838 0.016561349650360782
leaf_weight=89352.694905042648 502.60298883914948 3611.3670600652695 16563.068215101957 46612.225574582815 1382.7676885724068 29152.708282262087 91791.942302167416 76544.128578513861 11909.913298606873 71547.983800828457 27668.821315616369 5870.9541386663914 9256.0553265213966 18053.795298218727 22114.134406447411 44269.148503243923 52849.495328962803 45687.976244002581 43657.617735296488 7394.6791060268879 39347.212470918894 7792.113221257925 20371.699363917112 62438.527788460255 100150.73147797585 90484.483409821987 24916.710096418858 12134.357123553753 108281.7530246377 10291.953280985355
leaf_count=318502 675 4542 46865 79270 2578 39329 292137 188727 22584 152713 55540 9279 15837 22882 30490 68060 157406 56471 78562 9830 63030 15069 58673 130634 192868 210209 37820 19712 287861 26374
internal_value=-0.000253813 -0.0183088 0.0158817 -0.0102421 0.00867837 -0.0332697 0.0280559 0.0128902 -0.00549176 0.00330146 -0.00774355 -0.0171705 -0.0281906 -0.0328902 -0.0252964 -0.0271165 0.0241513 -0.0415643 -0.0165545 -0.0188381 -0.0250025 -0.0135419 0.0155414 -0.000282731 -0.00643218 0.0062608 -0.0266466 -0.0124145 0.0142903 0.00667761
internal_weight=1.192e+06 562542 629462 365480 395468 197062 233994 221761 208542 173707 145600 17780.9 122221 46581.9 75639.3 66383.3 144641 74840.7 156938 101146 46741.9 54404.3 145217 62941.1 127820 102159 28528.1 55792 124845 100776
internal_count=2694529 952484 1742045 677053 974000 275431 768045 582126 411580 391874 280271 31863 179631 65244 114387 98550 449543 95800 265473 167199 72860 94339 393399 131309 248408 239161 42362 98274 334726 236583
is_linear=0
shrinkage=0.05


Tree=31
num_leaves=31
num_cat=0
split_feature=28 28 28 6 25 25 28 6 28 28 6 10 9 15 0 4 25 15 0 20 7 9 0 9 28 7 12 21 15 18
split_gain=46535.7 8411.05 7384.34 1265.73 1217.6 1117.42 1032.27 871.564 631.607 630.8 614.944 514.512 452.101 429.767 427.926 555.096 393.745 393.022 414.717 384.024 364.351 347.464 324.623 318.872 291.376 269.29 257.894 257.868 362.034 253.742
threshold=0.00066134480924729289 0.0011373120844159121 0.00039940761736539422 0.022854437267959483 1.0010922950528258 1.0021958454488351 0.00026724171732840917 0.013262521206114595 0.000827023980239554 0.0016838672956111067 0.010126392171501327 4576.420000000001 47909.215000000004 7546.1900000000014 1648.5000000000002 56599.465000000004 1.0006339764091887 69458.000000000015 719.50000000000011 11411.675000000001 0.007825476373842127 78505.000000000015 1186.5000000000002 39971.500000000007 0.00049207982440342517 0.0088140652491739396 56126.535000000011 67186.000000000015 38570.500000000007 6721.545000000001
decision_type=2 2 2 2 2 2 2 2 2 2 2 2 2 2 2 2 2 2 2 2 2 2 2 2 2 2 2 2 2 2
left_child=2 5 6 11 10 7 -1 12 20 22 27 -3 19 -10 15 -13 -8 18 -6 -2 -9 24 29 25 -12 -7 -14 28 -4 -5
right_child=1 3 4 9 17 23 16 8 13 -11 21 14 26 -15 -16 -17 -18 -19 -20 -21 -22 -23 -24 -25 -26 -27 -28 -29 -30 -31
leaf_value=-0.028779798377835081 -0.009512024478497659 0.04034874441396831 -0.016117970500194714 0.027008325726120233 -0.0037465040663453618 0.023676025069663893 -0.021512334724407906 0.0089680877530115052 0.042137043764009119 0.023496155051757159 -0.010767110283700853 0.0095074349208106573 0.030949725322088669 0.0075423335008355007 0.015191777599277791 -0.011489807563150066 -0.0130665254780791 -0.013348505978416206 0.0074536274271761313 0.0019560775831633835 -0.00079561368293134367 -0.029989700744159173 0.01960520001684251 0.0044912555096751098 -0.0049847048726433139 0.012206038198831912 -0.01118857134046918 -0.022834772373780388 -0.0081283166344481607 0.011170184570706353
leaf_weight=50695.396508127451 8601.5771649628878 1567.196978405118 31812.781432822347 2810.0928148627281 15990.34062628448 7361.9107719063759 64433.953186362982 11955.402919813991 907.74604162573814 75235.77370724082 33166.359888762236 27925.0701700598 373.56383334100246 81495.417716622353 34702.668162703514 3547.4922681003809 17560.776414424181 4742.0732704699039 17107.585456371307 48237.241277322173 47589.89824180305 1667.3787825852633 45041.187732189894 8600.1910026520491 63491.718594640493 16783.062400862575 12963.569990009069 6829.2394005805254 25578.809809178114 25268.192216649652
leaf_count=318502 28952 2219 137754 4601 64104 18729 350408 39350 1763 112296 150915 59977 1120 215617 66037 9071 88814 19933 58306 144677 155491 8022 86992 24043 248563 43243 43393 32610 106438 52589
internal_value=0.000217517 0.0105066 -0.0140223 0.0176962 -0.00796415 0.00416183 -0.0231712 0.00283477 0.00508825 0.020282 -0.00984465 0.0120333 -0.00172345 0.00792343 0.0113627 0.00714069 -0.0197035 0.000113798 0.0020426 0.000220578 0.00116473 -0.00735921 0.0169748 0.0127586 -0.00696883 0.0157033 -0.0100083 -0.01365 -0.0125571 0.0127553
internal_weight=794044 460967 333076 216098 200386 244870 132690 212124 141948 148355 162546 67742.4 70176 82403.2 66175.2 31472.6 81994.7 37840 33097.9 56838.8 59545.3 98325.5 73119.5 32745.2 96658.1 24145 13337.1 64220.8 57391.6 28078.3
internal_count=2694529 1110160 1584369 393782 826645 716378 757724 630363 412221 256478 684302 137304 218142 217380 135085 69048 439222 142343 122410 173629 194841 407500 144182 86015 399478 61972 44513 276802 244192 57190
is_linear=0
shrinkage=0.05


Tree=32
num_leaves=31
num_cat=0
split_feature=28 28 28 28 28 28 28 25 7 7 25 25 25 7 15 9 9 6 9 20 25 19 13 11 7 0 25 23 9 13
split_gain=56052.5 9277.86 7968.49 1266.71 1158.31 1132.29 1067.66 675.152 559.382 527.219 449.363 403.367 385.488 341.303 332.377 649.232 477.542 307.283 303.14 398.502 288.341 237.864 234.039 228.472 211.988 209.295 206.415 202.207 429.14 382.006
threshold=0.00068263696510311822 0.00039649984288031684 0.0011510807466915763 0.0005109883467276688 0.00085913850708798593 0.00027095087389248561 0.0017326155954607851 0.99870962182793643 0.0093185697320351101 0.031857159886123372 0.9979193538560599 0.99896283958468313 0.99855454358113971 0.019436421078778101 31587.600000000002 17574.100000000002 19514.800000000003 0.010013904606367958 17574.100000000002 37902.745000000003 0.99921614511185142 101211.05000000002 31279.500000000004 5905.0000000000009 0.0080194636026156407 1040.5000000000002 0.99858929172651578 31700.510000000006 31911.415000000005 49813.750000000007
decision_type=2 2 2 2 2 2 2 2 2 2 2 2 2 2 2 2 2 2 2 2 2 2 2 2 2 2 2 2 2 2
left_child=1 5 4 11 8 -1 9 25 -2 21 -6 -3 -10 23 16 -16 -12 -15 19 -11 -7 26 -14 -9 -13 -5 -4 -8 -29 -30
right_child=2 3 6 7 10 20 27 13 12 18 14 24 22 17 15 -17 -18 -19 -20 -21 -22 -23 -24 -25 -26 -27 -28 28 29 -31
leaf_value=-0.030496565606414769 -0.0042005418973606037 -0.005375152077031182 0.01706605980605496 -0.0014707296538042499 0.014769957144968426 -0.014317475156491476 0.019664174096760623 0.026943612925898631 0.0098481069316288892 0.021616169721649162 0.0050066673469358067 -0.017636241664170417 -0.0029077750656536041 0.0036520747055051855 0.027410328572863268 0.0078791290413801236 -0.01531912101373565 -0.0060445447576680756 0.01649436110973759 0.043486354888498974 -0.022473456777569567 -0.019484282492477058 0.0037807383601397835 -0.0091397403981585829 -0.012273055204609803 0.0082601660680227031 0.011280373082762245 0.027897274733554037 0.0028975512629712424 0.021633965397723023
leaf_weight=54474.541192933917 29644.665084823966 14861.977965503931 21895.925033181906 13487.816298171878 24003.244124054909 12865.948361098766 38686.491749644279 441.35004591941833 19992.017674520612 15954.464087843895 30275.357615217566 30240.423077970743 18169.888288423419 11692.553655728698 4528.5911105573177 70383.348486527801 3194.6483090817928 27122.234609916806 33933.924349695444 2395.6412228941917 68703.631194189191 568.12299439311028 46677.853347808123 72836.553366005421 47156.162334442139 9360.7246141135693 52090.79716283083 34039.766422182322 3165.6152136027813 19344.402460038662
leaf_count=329203 93993 59566 41663 46576 53785 61887 57296 1252 54973 26761 77737 135603 58678 41244 9012 176669 9431 96143 66017 3414 356391 1289 139939 275216 204741 28976 105791 46428 5345 29510
internal_value=0.000156007 -0.0145881 0.0115768 -0.00840465 0.00539499 -0.0249147 0.0184487 -0.00531765 0.00171205 0.0154446 0.00857993 -0.0129198 0.00377802 -0.00691441 0.00720903 0.00905983 0.00306661 -0.00312354 0.019294 0.0244714 -0.021187 0.0127451 0.00190666 -0.00892241 -0.0143686 0.00251588 0.0129926 0.0224497 0.0243553 0.018999
internal_weight=832189 363244 468945 227200 246870 136044 222075 134941 114484 126839 132385 92258.6 84839.8 112093 108382 74911.9 33470 38814.8 52284 18350.1 81569.6 74554.8 64847.7 73277.9 77396.6 22848.5 73986.7 95236.3 56549.8 22510
internal_count=2694529 1636798 1057731 889317 674217 747481 383514 489407 347583 244935 326634 399910 253590 413855 272849 185681 87168 137387 96192 30175 418278 148743 198617 276468 340344 75552 147454 138579 81283 34855
is_linear=0
shrinkage=0.05


Tree=33
num_leaves=31
num_cat=0
split_feature=28 28 28 28 28 28 28 0 0 28 13 0 7 9 9 8 11 6 0 7 9 9 9 6 9 0 13 21 7 11
split_gain=124608 24745.4 20490.9 3912.7 3435.06 3293.18 2345.25 1093.13 958.494 720.581 713.85 755.52 653.502 625.282 597.003 1356.62 733.145 594.94 588.986 570.294 560.728 550.687 535.008 534.837 530.175 479.957 437.892 418.741 417.936 394.578
threshold=0.00079180236308576749 0.00044640379045369219 0.0014178755247707573 0.00031582127731102227 0.0010420724802479506 0.00059385795892099669 0.0021441879685302136 590.50000000000011 444.50000000000006 0.00019411249007772078 69639.85000000002 375.50000000000006 0.044971053902048405 51511.750000000007 31911.415000000005 30789.350000000002 5041.8100000000004 0.076888717181986935 1116.5000000000002 0.027667369675716421 8093.5000000000009 51511.750000000007 24679.000000000004 0.079700090245198016 7202.6650000000009 1474.5000000000002 39956.450000000004 48531.500000000007 0.036112470926143218 8814.3000000000011
decision_type=2 2 2 2 2 2 2 2 2 2 2 2 2 2 2 2 2 2 2 2 2 2 2 2 2 2 2 2 2 2
left_child=1 3 4 9 12 8 17 24 20 -1 11 -5 23 -10 15 16 -6 19 -16 -4 -3 26 -17 25 -7 -2 -9 -25 -8 -11
right_child=2 5 6 10 14 7 28 21 13 29 -12 -13 -14 -15 18 22 -18 -19 -20 -21 -22 -23 -24 27 -26 -27 -28 -29 -30 -31
leaf_value=0.037231118317135818 -0.0036837415030205375 0.0019248863977277394 -0.023306634136619566 0.021823317224001625 -0.043107264938400232 -0.0068329804913818534 -0.035897696710052579 0.0010554616989088604 0.0058125446075062738 0.013934762027971965 0.026745368918208487 0.014064279079694804 -0.013954589137352728 0.015055657635842988 -0.005956035686428285 -0.038432267350229699 -0.013719847947795251 -0.037612556935596737 -0.016973684992177968 -0.031199196409808855 0.016542454774015277 0.0056710738691311824 -0.024246864818882649 -0.024744677541436028 0.0073001685078895734 -0.010366681530031551 -0.0054019714493736036 -0.0002099658366022209 -0.044686076379095718 0.029639441550461238
leaf_weight=36321.589666008949 106826.69409784675 7323.6174343824387 42691.636095613241 61524.554149627686 2218.2627621293068 7318.5329242646694 21122.419897973537 42776.751020044088 93435.441612392664 4185.4026030004025 27618.641573309898 64021.121309310198 32105.590106874704 22752.459647029638 17000.181572377682 8602.9819703698158 49059.585059821606 17429.392622739077 42343.821593612432 49339.592411190271 62967.686894536018 22508.86242416501 29232.861711680889 6397.3563506007195 71111.646657675505 35893.150139600039 67967.036366045475 2388.3657247424126 37625.107598334551 90088.657299458981
leaf_count=139151 209863 17831 64990 189339 2841 15613 28466 91350 226798 13624 85935 182104 57429 61323 31137 11431 83644 23216 70357 69922 171963 51334 44988 10539 166795 65673 139811 4729 46870 315463
internal_value=-0.000297208 0.0136067 -0.0192494 0.0248892 -0.0120474 0.00556595 -0.0334674 0.00129799 0.0104107 0.0312475 0.0194677 0.0178667 -0.00747469 0.00762257 -0.0177029 -0.0202904 -0.0149911 -0.0291422 -0.0138175 -0.027538 0.0150195 -0.00145856 -0.0274723 -0.00610154 0.00598137 -0.00536446 -0.00290767 -0.018075 -0.0415263 0.0289422
internal_weight=1.1822e+06 681922 500277 283760 332069 398162 168208 211683 186479 130596 153164 125546 183611 116188 148458 89113.7 51277.8 109461 59344 92031.2 70291.3 133253 37835.8 151506 78430.2 142720 110744 8785.72 58747.5 94274.1
internal_count=2694529 1868434 826095 925616 592631 942818 233464 464903 477915 468238 457378 371443 348233 288121 244398 142904 86485 158128 101494 134912 189794 282495 56419 290804 182408 275536 231161 15268 75336 329087
is_linear=0
shrinkage=0.05


Tree=34
num_leaves=31
num_cat=0
split_feature=28 28 28 25 11 13 6 9 0 28 0 28 11 14 15 28 10 6 11 0 25 0 0 14 12 13 19 10 6 25
split_gain=41644.5 7445.07 6933.04 1206.39 1097.74 2288.73 1076.79 1030.63 1055.53 889.191 708.842 650.156 610.963 704.519 675.673 540.388 449.837 432.692 389.351 385.763 373.942 370.349 365.662 495.023 349.863 319.822 302.179 300.416 269.168 247.178
threshold=0.00066134480924729289 0.0011663652409770312 0.0003877098281998322 1.0010922950528258 37423.085000000006 39956.450000000004 0.022854437267959483 20105.600000000002 777.50000000000011 0.00024839727732282348 1569.5000000000002 0.00050444509212370489 32432.540000000005 38641.700000000004 38763.840000000004 0.0023996687828505086 4576.420000000001 0.010703259534963249 62326.000000000007 719.50000000000011 1.0005477049003637 1739.5000000000002 2921.5000000000005 59917.450000000004 62578.100000000006 42545.755000000012 17574.100000000002 4576.420000000001 0.010126392171501327 1.0041044937467958
decision_type=2 2 2 2 2 2 2 2 2 2 2 2 2 2 2 2 2 2 2 2 2 2 2 2 2 2 2 2 2 2
left_child=2 4 9 11 5 7 16 8 -2 -1 17 24 14 -14 -7 21 -3 -6 19 -5 -11 27 23 -18 -4 -19 -23 -8 -13 -12
right_child=1 6 3 18 10 12 15 -9 -10 20 29 28 13 -15 -16 -17 22 25 -20 -21 -22 26 -24 -25 -26 -27 -28 -29 -30 -31
leaf_value=-0.029029103499963294 -1.4246888031399657e-05 0.037903466091351257 -0.011745961454792599 -0.0036416623014209285 -0.0088672458106397681 0.034422113288335901 0.028168486900631048 -0.0091100769388773404 0.01159798766242541 -0.021826617539280682 0.0054983984932429272 -0.010488925542736727 -0.014679982122298475 0.012130607569412671 0.015902528656713624 0.024892199325493632 0.011213842677176192 0.016467158903834534 -0.014373049904028027 0.0069338142527001281 -0.013813472757174306 0.028338158289953144 0.017215187125849435 -0.0014503152320962812 -0.02143080837637262 -0.0010348311113822799 0.018776345218281688 0.013866687220797503 -0.00487199219242734 0.021329420572635149
leaf_weight=40185.128412440419 50160.092029243708 1571.3540087938309 64234.909479692578 16644.795787706971 19264.418259143829 6244.7968152165413 3937.7711090445518 16693.361340776086 32088.615896090865 61081.010274901986 23177.563426882029 33310.218967542052 2737.8768793344498 23328.503037691116 23305.321319565177 32785.487895607948 36646.178356394172 2746.9005430489779 4149.3449568599463 17892.491826832294 19115.610060840845 10182.885970383883 16488.873514860868 9774.5227455347776 10908.702365219593 52450.948108822107 43818.718151152134 54366.28588733077 59296.567361310124 2759.1805603951216
leaf_count=265643 155567 2167 297956 67695 64307 14105 5882 52718 84421 348571 63306 134562 7909 60552 55670 44236 74488 6977 17849 61345 101923 15050 28687 22393 56111 165340 77078 102559 232714 6748
internal_value=0.000252782 0.00987359 -0.0134219 -0.00786077 0.00413467 0.00677892 0.0168554 0.00221717 0.00451617 -0.0229585 6.39911e-05 -0.00969633 0.0148943 0.00931456 0.0198163 0.0192446 0.0114792 -0.00241554 9.84771e-05 0.0018371 -0.0199166 0.0175959 0.0108191 0.00854723 -0.0131519 -0.000163851 0.0205794 0.0148326 -0.00689238 0.00718252
internal_weight=791348 464530 326819 206437 254958 154559 209572 98942.1 82248.7 120382 100399 167750 55616.5 26066.4 29550.1 145091 64480.9 74462.3 38686.6 34537.3 80196.6 112306 62909.6 46420.7 75143.6 55197.8 54001.6 58304.1 92606.8 25936.7
internal_count=2694529 1110160 1584369 868232 737620 430942 372540 292706 239988 716137 306678 721343 138236 68461 69775 244805 127735 236624 146889 129040 450494 200569 125568 96881 354067 172317 92128 108441 367276 70054
is_linear=0
shrinkage=0.05


Tree=35
num_leaves=31
num_cat=0
split_feature=28 28 28 28 25 28 28 28 7 25 25 6 6 7 7 11 25 25 0 7 25 25 11 10 21 20 9 20 7 9
split_gain=50212.4 8311.91 7470.28 1252.62 1112.64 1082.18 926.034 761.829 638.226 454.103 410.067 379.786 348.258 344.295 279.671 278.042 263.767 259.672 260.809 235.829 235.583 212.937 212.914 308.216 209.726 193.848 193.19 317.558 181.072 176.367
threshold=0.0006447210912065329 0.0010868770632345055 0.00038167300657397559 0.0015013380100063775 0.99855454358113971 0.0008527313244674642 0.00026724171732840917 0.0005109883467276688 0.0093185697320351101 0.99722096695951012 0.99868103581424916 0.010828617793221957 0.05692166820880367 0.017388560961997996 0.031857159886123372 91701.450000000026 0.9993294260385811 1.0003920946615545 510.50000000000006 0.0085144492123766496 0.99778023562549223 0.99646385059256992 26557.500000000004 30453.000000000004 95718.750000000015 10180.170000000002 8093.5000000000009 9557.5000000000018 0.0063818057642117667 49670.040000000008
decision_type=2 2 2 2 2 2 2 2 2 2 2 2 2 2 2 2 2 2 2 2 2 2 2 2 2 2 2 2 2 2
left_child=2 5 6 9 20 8 26 19 -2 -3 -10 22 21 -5 -11 -14 -8 18 -9 -6 -4 -13 25 -24 -12 -7 27 -1 -28 -21
right_child=1 3 4 13 7 11 16 17 10 14 24 12 15 -15 -16 -17 -18 -19 -20 29 -22 -23 23 -25 -26 -27 28 -29 -30 -31
leaf_value=-0.0036302645572048372 -0.0047955732819370015 0.019667427419761407 0.008696392888844745 0.014678250400873755 -0.016725686604229649 0.018167617118091558 -0.014874739201281684 -0.008641387071250629 0.0083123433980071965 0.0093369379300004551 0.0014011849451520215 0.015826697359457343 0.01371293284072544 0.021176587425598917 0.014973821674731963 -0.025851824031820337 -0.022673580494990596 -0.010272720026897192 -0.0014689771125480412 -0.010207702461289228 -0.0022670920659656995 0.0037675775509069427 0.038031498861509236 0.014034751362505163 -0.016549519738897733 0.0014143363806114846 -0.032976607222161662 0.19430715663360104 -0.026935816648394773 -0.017343478341905538
leaf_weight=195.99887451529503 37258.224191576242 20032.280681759119 7173.4341157227755 25132.470005333424 38399.092610314488 2450.1124750226736 13377.531503424048 24379.701848015189 25707.907669827342 60574.076338768005 74506.443892866373 3864.8575001358986 15421.694503888488 107857.4276958704 34558.165383070707 457.21600435674191 57196.608791530132 40710.275140181184 26398.665135428309 43934.60951179266 15460.079208940268 69285.309060707688 1470.8602389991283 14825.390327334404 1663.485970005393 5847.4063609093428 27721.938358649611 22.599605530500412 22452.385377451777 10784.753677517176
leaf_count=1047 121254 36752 23653 43122 176811 6389 67286 97251 72112 128343 232777 8395 36038 158742 68669 1307 308989 153749 96190 193014 56651 177297 3365 36744 5630 15363 177463 77 139915 50134
internal_value=0.000182507 0.0101425 -0.0150185 0.0166428 -0.00925539 0.00376066 -0.024892 -0.0105382 0.000804147 0.0128254 0.00285205 0.00738104 0.00586171 0.0199485 0.0113846 0.0125737 -0.0211953 -0.00729772 -0.00491259 -0.013722 0.00120766 0.00440472 0.012881 0.0162006 0.00100916 0.00636129 -0.0300691 0.0168333 -0.0302734 -0.0116141
internal_weight=829121 500913 328208 248154 207241 252759 120967 184607 139136 115165 101878 113623 89029.1 132990 95132.2 15878.9 70574.1 91488.6 50778.4 93118.5 22633.5 73150.2 24593.8 16296.3 76169.9 8297.52 50392.9 218.598 50174.3 54719.4
internal_count=2694529 1152299 1542230 435628 847453 716671 694777 767149 431773 233764 310519 284898 223037 201864 197012 37345 376275 347190 193441 419959 80304 185692 61861 40109 238407 21752 318502 1124 317378 243148
is_linear=0
shrinkage=0.05


Tree=36
num_leaves=31
num_cat=0
split_feature=28 28 28 28 28 28 28 0 0 28 13 0 20 0 7 7 9 9 8 11 9 0 9 13 9 6 6 11 19 13
split_gain=111924 25408.8 16513.5 3779.64 3641.64 2472.76 2121.58 1238.95 892.552 748.225 662.826 694.472 605.433 642.242 593.944 563.49 540.619 531.5 1165.51 646.128 520.36 486.653 472.561 512.08 454.912 428.852 422.639 413.985 401.911 389.131
threshold=0.00083351237385592214 0.00044640379045369219 0.0014437409107654535 0.00031906248498091979 0.00059385795892099669 0.0010751805384475791 0.0022576900954063791 815.50000000000011 473.50000000000006 0.00019411249007772078 69639.85000000002 375.50000000000006 58480.155000000006 211.50000000000003 0.027283224714873575 0.044155538615989677 51511.750000000007 31911.415000000005 30789.350000000002 5041.8100000000004 8093.5000000000009 1116.5000000000002 17574.100000000002 37561.450000000004 24679.000000000004 0.05692166820880367 0.079700090245198016 8814.3000000000011 64743.055000000008 39956.450000000004
decision_type=2 2 2 2 2 2 2 2 2 2 2 2 2 2 2 2 2 2 2 2 2 2 2 2 2 2 2 2 2 2
left_child=1 3 5 9 8 15 14 12 20 -1 11 -5 13 -6 26 25 -10 18 19 -7 -3 -19 -16 -24 -20 -2 -4 -11 29 -9
right_child=2 4 6 10 7 17 -8 28 16 27 -12 -13 -14 -15 22 -17 -18 21 24 -21 -22 -23 23 -25 -26 -27 -28 -29 -30 -31
leaf_value=0.036410483433009483 -0.0060281555410309426 0.001444518975757924 -0.02258295057398545 0.020783477546475745 0.011678109005115308 -0.041703696534575493 -0.04106518946815943 -0.00091573513383866171 0.0051764514708243572 0.01269033745654128 0.025626714561416887 0.013208576308889467 0.011133437682871323 0.00078451306942524184 -0.037114840162066461 -0.01457610714076253 0.014074613431818034 -0.0059078748106159221 -0.037007963362223728 -0.01367225192843699 0.015314115128376278 -0.016625706678403535 -0.0098177878918046749 -0.030132015612856868 -0.023770065930440135 -0.014482491579264699 -0.036297361099473832 0.028571659212388335 0.0022732503347983467 -0.0078094726866622197
leaf_weight=34951.334167510271 116875.95583403111 7490.5860417485237 41321.384571820498 58897.541703820229 15638.19343483448 2154.0897142887115 49934.180919021368 34415.891571372747 86887.334017783403 4298.4949178993702 26464.190013438463 62226.071958631277 22998.695157051086 100360.1413346231 25330.895413160324 31174.162139624357 21243.379190444946 14499.344636619091 8508.2271478772163 45024.877154499292 69588.461186856031 39293.811563044786 3423.9014575779438 33023.205053031445 27355.669492423534 17208.461386442184 6501.5367071032524 90443.606326431036 24326.163670897484 50518.502012431622
leaf_count=139151 221247 18288 62923 184137 38556 2772 64630 71174 210793 14219 83892 178849 55915 220752 33864 54488 57628 26329 11383 76010 191206 64748 5807 47048 41814 30265 8755 325368 52682 99836
internal_value=-0.000340139 0.0121103 -0.0195095 0.0239305 0.00454922 -0.0126373 -0.0325228 0.000590812 0.00985513 0.0301578 0.0184582 0.0168919 0.00372247 0.00225312 -0.0286309 -0.00852098 0.00692459 -0.0176086 -0.0201166 -0.0149521 0.0139663 -0.0137368 -0.0318693 -0.0282237 -0.0269106 -0.00711319 -0.0244474 0.0278511 -0.00339317 -0.00501609
internal_weight=1.17238e+06 710749 461630 277281 433467 302095 159535 248258 185210 129693 147588 121124 138997 115998 109601 165259 108131 136836 83042.9 47179 77079 53793.2 61778 36447.1 35863.9 134084 47822.9 94742.1 109261 84934.4
internal_count=2694529 1942446 752083 925616 1016830 529056 223027 538915 477915 478738 446878 362986 315223 259308 158397 306000 268421 223056 131979 78782 209494 91077 86719 52855 53197 251512 71678 339587 223692 171010
is_linear=0
shrinkage=0.05


Tree=37
num_leaves=31
num_cat=0
split_feature=28 28 28 28 25 14 13 9 28 25 11 0 9 6 25 9 0 9 6 7 25 10 0 15 10 20 21 12 19 4
split_gain=37280.1 6601.67 6517.87 1283.03 1131.47 915.09 1020.26 1305.49 874.968 869.512 697.81 706.78 691.801 598.699 541.718 490.226 446.779 407.635 387.779 371.488 367.44 348.121 417.863 345.487 644.277 425.245 337.763 282.812 282.517 226.342
threshold=0.00066134480924729289 0.0010751805384475791 0.0003877098281998322 0.0016419030941401543 1.0016759612338564 58890.000000000007 39956.450000000004 30234.500000000004 0.00024839727732282348 1.0014490625118198 61679.750000000007 436.50000000000006 20105.600000000002 0.019937599475139053 0.99984576077460396 8093.5000000000009 1392.5000000000002 42545.025000000009 0.094233548263830291 0.049973593135832738 1.0005477049003637 4576.420000000001 3151.5000000000005 18935.000000000004 7836.5000000000009 37902.745000000003 43785.000000000007 6234.96 56036.885000000002 6725.7700000000013
decision_type=2 2 2 2 2 2 2 2 2 2 2 2 2 2 2 2 2 2 2 2 2 2 2 2 2 2 2 2 2 2
left_child=2 5 8 13 10 6 9 18 -1 12 11 15 -2 -3 -13 -4 19 -9 -8 -7 -10 -5 26 24 -15 -25 -23 -11 -21 -22
right_child=1 3 4 21 -6 16 7 17 20 27 -12 14 -14 23 -16 -17 -18 -19 -20 28 29 22 -24 25 -26 -27 -28 -29 -30 -31
leaf_value=-0.028443995398422579 0.0011077367596993941 0.0071953027676084462 0.00078623547664376399 0.030444789031730403 0.0044896409932363686 -0.0064607714354599378 0.015607604935464698 0.0011517561188470859 -0.021159904846918088 0.04891781573568664 -0.017549545021789719 -0.008491361218840152 -0.012101633866261412 0.01875267860914763 -0.0010959226309328796 -0.012983511246645983 0.0041249332062082951 0.013522539745504856 0.037956962410478523 0.0217456160827291 0.16518925843602872 0.017671403639860798 0.02249199303345353 0.019379360673023576 -0.0033474024598963933 0.011975695088200566 0.0082822882161711093 0.0096889434219942921 -0.0035501211408574328 -0.013291694117781937
leaf_weight=38508.075850814581 55657.714644894004 46467.096462607384 7238.5483207255602 6397.8842231333256 18062.720768541098 38492.777735292912 29804.104484915733 33358.819561243057 59303.266540840268 470.4773795902729 19567.723487272859 50701.513770386577 12059.547882378101 6056.6654162108898 48399.851385846734 60387.083552375436 20254.36754642427 8319.9507720917463 2076.0548636615276 2165.0366276800632 17.780082002282143 48883.818964987993 38438.278614610434 36448.611745625734 7239.8467050492764 41452.025401070714 11912.890565127134 19579.12855386734 2251.8724006712437 18684.198608964682
leaf_count=265643 170408 103832 29431 8316 64149 128749 74545 98577 348571 928 95193 203676 39439 10877 192951 282832 56714 22814 4090 5939 50 76188 54775 68308 17005 85946 20836 54760 7114 101873
internal_value=0.00028627 0.00928964 -0.0128395 0.0149953 -0.00745861 0.00310602 0.00510352 0.00944684 -0.0222771 0.0014633 -0.00861708 -0.00756874 -0.00124468 0.0118147 -0.00487952 -0.0115096 -0.00199575 0.00362122 0.017063 -0.00488485 -0.0192328 0.0191403 0.0184115 0.0141683 0.00671936 0.0154398 0.0158316 0.0106095 0.00884909 -0.013122
internal_weight=788658 467787 320871 243297 204357 224490 161326 73558.9 116513 87766.9 186295 166727 67717.3 137664 99101.4 67625.6 63164.1 41678.8 31880.2 42909.7 78005.2 105633 99235 91197.1 13296.5 77900.6 60796.7 20049.6 4416.91 18702
internal_count=2694529 1110160 1584369 446083 868232 664077 465561 200026 716137 265535 804083 708890 209847 285968 396627 312263 198516 121391 78635 141802 450494 160115 151799 182136 27882 154254 97024 55688 13053 101923
is_linear=0
shrinkage=0.05


Tree=38
num_leaves=31
num_cat=0
split_feature=28 28 28 28 25 28 28 28 7 0 7 25 25 9 20 7 6 25 7 19 25 9 13 7 21 18 9 13 6 6
split_gain=45037.4 7326.99 7080.05 1172.48 1045.24 916.625 909.315 609.805 591.16 506.531 445.157 402.098 380.061 274.035 347.368 263.957 247.238 246.332 225.388 223.232 205.592 199.993 230.547 195.395 183.903 178.035 383.728 345.264 226.434 176.43
threshold=0.0006447210912065329 0.0011373120844159121 0.00038167300657397559 0.0008527313244674642 0.99910587658190597 0.00027095087389248561 0.0017326155954607851 0.0005109883467276688 0.0093185697320351101 754.50000000000011 0.031857159886123372 0.99868103581424916 0.99950229718678862 17574.100000000002 37902.745000000003 0.025290798250257204 0.010013904606367958 0.9993294260385811 0.014544487347876884 101211.05000000002 0.99947421956052895 47909.215000000004 31279.500000000004 0.0085144492123766496 50723.750000000007 31683.535000000003 31911.415000000005 49813.750000000007 0.046519670343950284 0.0097905758226739473
decision_type=2 2 2 2 2 2 2 2 2 2 2 2 2 2 2 2 2 2 2 2 2 2 2 2 2 2 2 2 2 2
left_child=2 3 5 8 9 20 10 23 -2 -4 19 -5 -10 14 -12 24 -13 -7 -18 29 -1 22 -9 -6 -11 28 -27 -28 -8 -3
right_child=1 6 4 11 7 17 25 21 12 15 13 16 -14 -15 -16 -17 18 -19 -20 -21 -22 -23 -24 -25 -26 26 27 -29 -30 -31
leaf_value=-0.021064449526579009 -0.0046345091688475958 0.017876138874214267 -0.0068926132027633249 0.011716009013658249 -0.016674216556474317 -0.014172341342431772 0.013953134964786389 -0.0097511715200256643 0.0062321229130150669 0.0045507679340683806 0.019058608290773611 0.011484504167232975 7.256532041903387e-05 0.014263856392749609 0.039005904025198587 0.012672037357356834 0.0012080651673246076 -0.021875596288870522 0.0066254773319064921 -0.019200617052795705 -0.030586394616616854 -0.012384049002611922 -0.003594988997132763 -0.011678295948109114 -0.0069458165909411229 0.0248348488642402 0.0013285810813324806 0.018980659901505215 0.021598405513133669 0.0103837987986099
leaf_weight=6518.506104812026 37136.019507825375 8857.1748987138271 25156.893466457725 37520.022700756788 33860.807380780578 12844.585271626711 23022.059085160494 26930.562198236585 44081.110928624868 9009.1130489856005 16797.047988891602 15086.700719341636 57987.265696406364 35914.703732430935 2508.4758819639683 5850.4879534840584 31491.100136935711 54042.164380535483 49188.169811740518 607.34800353646278 43490.408821120858 17097.401398196816 34938.558424130082 46377.222101569176 5666.2837709784508 34741.06301510334 3220.6946347951889 19801.207928866148 16717.781101822853 69607.570343255997
leaf_count=41910 121254 17697 102123 85882 159901 65810 34996 106071 128648 31385 27643 38439 181871 68514 3473 19356 81491 299764 120932 1386 287293 68870 127938 210776 21033 46206 5345 29510 22522 136490
internal_value=0.000209429 0.00953535 -0.0144058 0.00397668 -0.00880372 -0.0242247 0.0160699 -0.0107167 0.000767358 -0.00213686 0.0134015 0.0073285 0.00273274 0.0168463 0.0216505 0.00369188 0.00560953 -0.0203963 0.00451093 0.0109958 -0.0293452 -0.00759744 -0.00627467 -0.0137866 0.000111848 0.0197452 0.0215174 0.0165112 0.0171694 0.0112295
internal_weight=826069 504286 321783 272490 204887 116896 231795 159205 139204 45682.8 134292 133286 102068 55220.2 19305.5 20525.9 95766 66886.7 80679.3 79072.1 50008.9 78966.5 61869.1 80238 14675.4 97502.8 57763 23021.9 39739.8 78464.7
internal_count=2694529 1152299 1542230 758517 847453 694777 393782 673556 431773 173897 255203 326744 310519 99630 31116 71774 240862 365574 202423 155573 329203 302879 234009 370677 52418 138579 81061 34855 57518 154187
is_linear=0
shrinkage=0.05


Tree=39
num_leaves=31
num_cat=0
split_feature=28 28 28 28 28 28 28 0 0 9 0 0 9 9 13 19 0 7 9 11 0 11 11 18 14 9 9 6 28 9
split_gain=100528 21409.1 17627.7 3202.78 3028.5 2693.66 2141.79 1031.86 747.036 628.144 680.47 624.97 614.985 1105.55 674.892 644.353 607.707 595.916 594.628 547.711 618.369 534.479 519.101 465.25 569.687 438.374 421.216 403.813 399.698 354.026
threshold=0.00072906140875033168 0.0013269076416109271 0.00040236851738306153 0.00096574323962213618 0.0019770521136848723 0.00052402322918579435 0.00026724171732840917 792.50000000000011 976.50000000000011 51511.750000000007 187.50000000000003 391.50000000000006 17574.100000000002 16882.500000000004 39956.450000000004 32640.665000000005 491.50000000000006 0.036112470926143218 47909.215000000004 5041.8100000000004 1676.5000000000002 53417.500000000007 5041.8100000000004 58515.750000000007 31815.000000000004 8093.5000000000009 17574.100000000002 0.060964552725426321 0.00017651387569161446 8093.5000000000009
decision_type=2 2 2 2 2 2 2 2 2 2 2 2 2 2 2 2 2 2 2 2 2 2 2 2 2 2 2 2 2 2
left_child=2 3 6 8 12 11 28 9 23 10 -7 29 13 22 -14 -16 25 27 -13 -5 21 -21 -3 24 -2 -8 -10 -6 -1 -4
right_child=1 4 5 19 17 7 16 -9 26 -11 -12 18 14 -15 15 -17 -18 -19 -20 20 -22 -23 -24 -25 -26 -27 -28 -29 -30 -31
leaf_value=0.036740765929221819 0.00066969825124631155 -0.039424268476892371 0.0041719692758918235 -0.039807622596328578 -0.027574834044340382 0.015052624608271623 0.003119709519519699 -0.00031303258075124953 -0.018357747562463968 0.015787606135620295 0.0040673182135379619 0.0076605986603715849 -0.0089539512938505775 -0.037176835907174376 -0.030488252259250129 -0.019923929412157353 0.01575626079337402 -0.041115910882518834 0.016405954962103144 -0.012424632905437272 -0.017783985490783968 -0.00095944394135529106 -0.018484482268934316 0.0065905362762628253 -0.007130993896000172 0.023869079893467707 -0.0066145708528263184 -0.040362177607198034 0.029190974394420519 0.017991656245022327
leaf_weight=25770.02623860538 51755.443777352571 3466.975456058979 5098.9792393147945 1984.4792219400406 18868.498599797487 16034.519939303398 2613.8377180993557 87256.591645509005 8449.0970981121063 16327.853819310665 116659.64745083451 69866.888854533434 9207.6008888483047 21659.106685876846 21555.874870508909 43685.65098553896 36072.374151140451 43268.093099117279 26928.645794123411 101140.59955483675 53953.443664193153 11300.801407366991 20228.097183078527 15112.622071594 42727.451499015093 97377.429998993874 79363.307363063097 9176.5189809501171 54831.636678352952 50845.194440424442
leaf_count=107228 107667 4542 13227 2613 27341 42377 7812 190088 14605 43682 275907 181984 15837 28907 30490 68060 111339 56471 77239 174122 88238 21677 31795 33598 83330 330392 151203 11988 211274 149496
internal_value=-0.000382232 -0.0157155 0.0137161 -0.00862925 -0.0292781 0.00735027 0.0251458 0.00400509 -0.00430828 0.00653347 0.00539476 0.0125251 -0.024422 -0.0290118 -0.021626 -0.0234144 0.0213197 -0.0374361 0.0100936 -0.0136952 -0.0133837 -0.0112723 -0.0215483 -0.00155507 -0.00285796 0.0233267 -0.00774447 -0.0317589 0.0316048 0.0167321
internal_weight=1.16259e+06 556904 605684 365787 191116 389018 216665 236279 197408 149022 132694 152740 119803 45354.2 74449.1 65241.5 136064 71313.1 96795.5 168379 166395 112441 23695.1 109596 94482.9 99991.3 87812.4 28045 80601.7 55944.2
internal_count=2694529 952484 1742045 677053 275431 974000 768045 552054 390403 361966 318284 421946 179631 65244 114387 98550 449543 95800 259223 286650 284037 195799 36337 224595 190997 338204 165808 39329 318502 162723
is_linear=0
shrinkage=0.05


Tree=40
num_leaves=31
num_cat=0
split_feature=28 28 28 25 11 13 9 21 6 28 0 28 11 14 15 28 11 8 12 6 0 0 19 10 11 13 25 0 13 0
split_gain=33400.6 6158.59 5838.81 1159.2 1013.08 2027.81 966.155 987.108 907.148 716.475 643.159 620.992 507.775 682.383 583.542 433.446 402.018 401.25 393.948 381.106 379.325 335.215 332.872 325.53 321.172 408.768 311.564 304.305 288.112 284.796
threshold=0.00064879341439258692 0.0011663652409770312 0.00035719209033190628 1.0010499708589669 37423.085000000006 39956.450000000004 20105.600000000002 12955.000000000002 0.022854437267959483 0.00049512784084084849 1497.5000000000002 0.00021395048755677609 32432.540000000005 38641.700000000004 38763.840000000004 0.0023996687828505086 62326.000000000007 5966.4650000000011 62578.100000000006 0.010703259534963249 719.50000000000011 1142.5000000000002 17574.100000000002 4576.420000000001 39793.890000000007 19178.000000000004 1.0005477049003637 2410.5000000000005 42545.755000000012 335.50000000000006
decision_type=2 2 2 2 2 2 2 2 2 2 2 2 2 2 2 2 2 2 2 2 2 2 2 2 2 2 2 2 2 2
left_child=2 4 11 9 5 6 7 -2 17 18 19 -1 14 -14 -7 21 20 -3 29 -6 -5 23 -23 -10 25 -19 -13 -26 -21 -4
right_child=1 8 3 16 10 12 -8 -9 15 -11 -12 26 13 -15 -16 -17 -18 24 -20 28 -22 22 -24 -25 27 -27 -28 -29 -30 -31
leaf_value=-0.029859901136817996 -0.0024328010934702438 0.037717536584036836 -0.01578182940356835 -0.0037359627890825712 -0.008758302888809695 0.031076220485474683 -0.0089690006853231051 0.0084568148788506589 0.025131187202302552 -0.0066781879459485013 0.0059616085793914282 -0.022349144177416444 -0.014653422797542446 0.011172421266983201 0.014258453447304326 0.022027909323819532 -0.014809817051361569 0.0023786653453290794 -0.02144208611869633 0.014881360945594125 0.0065227026439132006 0.023666434446857065 0.015710359443698665 0.0098681119558627784 -0.0010666707965133995 0.01425387827356186 -0.014182153937012099 0.011386640280578082 -0.0015088483997908401 -0.0092564007822300096
leaf_weight=24431.732195436954 35577.941968500614 1277.9763357043266 26766.169228583574 18198.653819605708 19769.754750803113 6548.1159658432007 17454.777210041881 50136.123540535569 3925.3238919079304 89167.650803565979 29042.461200281978 53952.149482652545 2859.0392698943615 24272.114190399647 24295.037973448634 33604.859297424555 4312.5837809294462 9129.4374578297138 12159.884961172938 2824.3026815950871 17848.454191341996 16655.818343907595 62401.671335458755 31747.165087223053 11631.669052049518 35136.969566240907 14903.742406278849 8483.011397510767 52925.896648421884 44552.495558798313
leaf_count=180498 111695 1760 140969 76881 67042 14414 55874 138740 5701 364597 78276 340649 8280 62485 57015 44236 19588 19020 66993 7038 62459 24912 110056 59900 26361 65346 87713 15248 168574 212209
internal_value=0.000319015 0.00855512 -0.0125799 -0.00801135 0.00347088 0.00595787 0.0017533 0.00393679 0.014868 -0.00979475 -0.000361864 -0.0230114 0.0134402 0.00845093 0.0178289 0.0170339 -0.000382508 0.00997489 -0.0131237 -0.00279366 0.00134354 0.0155711 0.0173865 0.0115476 0.00942419 0.0118048 -0.0205814 0.00418529 -0.000678521 -0.0117054
internal_weight=785993 479699 306294 213006 265706 161143 103169 85714.1 213994 172646 104562 93287.6 57974.3 27131.2 30843.2 148335 40359.7 65659.1 83478.5 75520 36047.1 114730 79057.5 35672.5 64381.1 44266.4 68855.9 20114.7 55750.2 71318.7
internal_count=2694529 1141973 1552556 943696 769433 448503 306309 250435 372540 784768 320930 608860 142194 70765 71429 244805 158928 127735 420171 242654 139340 200569 134968 65601 125975 84366 428362 41609 175612 353178
is_linear=0
shrinkage=0.05


Tree=41
num_leaves=31
num_cat=0
split_feature=28 28 28 28 25 28 28 7 28 0 9 15 19 12 25 25 15 9 9 25 11 7 6 13 7 21 6 7 16 7
split_gain=40402.6 6696.2 6472.79 1024.34 980.972 907.031 826.327 549.198 536.263 513.239 415.657 386.617 483.038 372.7 369.412 352.463 285.349 544.026 421.627 255.011 243.108 242.846 235.073 201.488 199.952 214.893 182.636 213.142 182.641 180.464
threshold=0.0006447210912065329 0.00038167300657397559 0.0011373120844159121 0.0008527313244674642 0.99919833689448512 0.00026724171732840917 0.0017326155954607851 0.0093185697320351101 0.0005109883467276688 754.50000000000011 17574.100000000002 39054.290000000008 43890.67500000001 31958.650000000005 0.99803774499027909 0.99868103581424916 31587.600000000002 17574.100000000002 19514.800000000003 0.9993294260385811 28645.150000000005 0.025290798250257204 0.043787515431454725 31963.750000000004 0.0063818057642117667 6603.0750000000007 0.0069047743752023568 0.0075283943138253874 6728.7350000000015 0.0085144492123766496
decision_type=2 2 2 2 2 2 2 2 2 2 2 2 2 2 2 2 2 2 2 2 2 2 2 2 2 2 2 2 2 2
left_child=1 5 3 7 9 24 10 -2 29 -3 13 -12 -13 22 -5 -9 18 -18 -16 -7 -15 -11 -4 -17 25 -1 27 -10 -28 -6
right_child=2 4 6 14 8 19 -8 15 26 21 11 12 -14 20 16 23 17 -19 -20 -21 -22 -23 -24 -25 -26 -27 28 -29 -30 -31
leaf_value=0.22647169373475445 -0.0044741382076440434 -0.0066844670327673222 0.011636687765398286 0.012210004218256973 -0.016174519258450901 -0.013488994156275653 0.018563184010127267 0.0076677864342429335 -0.011351495648064543 0.00015495854590290856 0.0030411712340566812 0.015763383432120824 0.0076413664599993426 0.021283653840216132 0.0035628042333294505 -0.0031948408205524949 0.024362901103857335 0.0062289269453538595 -0.015542280855572903 -0.021337724539314984 0.041786293844812486 0.011903483780643055 0.019831882671910363 0.0025258449865880671 -0.025311185487043416 -0.031998877834259525 0.027248700932594922 0.0022024728666133952 -0.0087369037025541944 -0.011252491519367091
leaf_weight=8.0441016554832441 37014.105338588357 28866.831399410963 26541.788258880377 26062.954625159502 32260.686757802963 12806.784441366792 98474.86888563633 25947.449032604694 4248.7383731007576 15384.966617003083 14473.372245818377 39307.767351925373 34262.32296487689 5978.9268482327461 30189.009667247534 21390.568965360522 4394.5368555635214 70283.998796671629 3193.2846122980118 53926.821073487401 1906.9922131597996 6159.4531087577343 13053.951223403215 54886.167982235551 20847.162241503596 25418.279048383236 354.60952524840832 9140.6106989681721 62190.664931938052 44051.746388554573
leaf_count=21 121254 119279 49363 57494 155461 67286 138579 72112 17446 55292 31656 71828 69932 8408 76909 70834 8577 174344 9420 308989 2588 20333 21428 167573 140778 177703 1041 34712 240428 203461
internal_value=0.000235272 -0.0138094 0.00897347 0.00374836 -0.00837142 -0.0235616 0.0150775 0.000744391 -0.0103732 -0.002326 0.0125448 0.0105113 0.0119809 0.0163154 0.00686689 0.00263396 0.00557819 0.00729604 0.00173525 -0.0198315 0.0262417 0.00351381 0.0143385 0.000921572 -0.028941 -0.0319171 -0.00739832 -0.0020985 -0.00853288 -0.0133333
internal_weight=823027 315665 507362 273362 202658 113007 234000 139238 152247 50411.3 135525 88043.5 73570.1 47481.7 134124 102224 108061 74678.5 33382.3 66733.6 7885.92 21544.4 39595.7 76276.7 46273.5 25426.3 75934.6 13389.3 62545.3 76312.4
internal_count=2694529 1542230 1152299 758517 847453 694777 393782 431773 652549 194904 255203 173416 141760 81787 326744 310519 269250 182921 86329 376275 10996 75625 70791 238407 318502 177724 293627 52158 241469 358922
is_linear=0
shrinkage=0.05


Tree=42
num_leaves=31
num_cat=0
split_feature=28 28 28 28 28 28 28 0 0 28 11 13 0 9 8 9 19 0 13 7 6 19 9 7 6 11 9 0 9 6
split_gain=90412.7 21765.3 14214 3519.97 3006.13 2441.55 1529.77 1128.14 735.36 719.743 694.41 656.827 649.763 582.351 1264.22 726.522 565.797 533.516 518.862 504.956 479.431 465.951 461.539 434.881 411.753 386.706 372.351 445.075 357.054 355.374
threshold=0.00084001070152999195 0.00044640379045369219 0.001534544012906683 0.00031582127731102227 0.00058645442458950985 0.0010868770632345055 0.0022576900954063791 590.50000000000011 669.50000000000011 0.00019411249007772078 5905.0000000000009 69639.85000000002 375.50000000000006 31911.415000000005 30789.350000000002 19514.800000000003 65080.755000000012 1676.5000000000002 39956.450000000004 0.044971053902048405 0.076888717181986935 9124.010000000002 24679.000000000004 0.041303064857687137 0.05692166820880367 8814.3000000000011 51511.750000000007 179.50000000000003 8093.5000000000009 0.021321464366898142
decision_type=2 2 2 2 2 2 2 2 2 2 2 2 2 2 2 2 2 2 2 2 2 2 2 2 2 2 2 2 2 2
left_child=1 3 5 9 8 19 20 10 26 -1 -6 12 28 14 15 -7 18 -15 -9 24 23 -12 -16 -4 -2 -11 27 -3 -5 -14
right_child=2 4 6 11 7 13 -8 16 -10 25 21 -13 29 17 22 -17 -18 -19 -20 -21 -22 -23 -24 -25 -26 -27 -28 -29 -30 -31
leaf_value=0.03487833982782873 -0.0055183680230731927 0.018025284198304608 -0.022738936583788644 0.0036387402747593313 -0.023479601141674706 -0.016277254208637206 -0.038622793949738554 0.00053630965560396739 0.004571970279048195 0.01081158772980313 0.014490842381918632 0.024118208762752391 0.013985015419917382 -0.0079978941109511408 -0.034933586326010291 0.0012104732748805347 0.0040585975811340191 -0.017569799529373882 -0.0057833349111000906 -0.013673030726421165 -0.035670971088890106 0.0041840134635105627 -0.022660343456608681 -0.030740902239004615 -0.01372709345454718 0.026861487290894777 0.018725822278268012 0.0088353294509535083 0.020133962337785222 0.0052450577949711393
leaf_weight=32302.377533465624 117661.61608910561 15655.755280792713 44248.974290728569 3489.67926004529 2097.7923591732979 45068.325120747089 48078.387534201145 53615.775440186262 60082.056090205908 3931.5128538459539 12732.854648977518 26044.23045489192 46174.890519559383 29208.184211552143 10221.165923297405 6840.5770423710346 32419.467338055372 29022.942022711039 82388.620049148798 30853.000415593386 14878.754221737385 79002.673286587 30570.07082849741 27551.073438823223 17555.931173741817 82643.808287799358 15083.742645055056 83141.185987770557 54764.610486149788 15546.709943950176
leaf_count=139151 221389 44979 66908 10082 3840 73326 64630 113419 146829 13624 31726 85935 137783 51325 13924 12867 72666 46590 167004 53564 20278 182375 46621 39159 30646 315463 44415 220433 179257 44321
internal_value=-0.000423387 0.0108162 -0.017867 0.0221212 0.00395118 -0.0120844 -0.0314698 0.000570638 0.0090475 0.0285091 0.00496415 0.0169207 0.0153583 -0.0166873 -0.0191488 -0.0139727 -0.0018771 -0.0127686 -0.003292 -0.00790114 -0.0275022 0.0056146 -0.0257357 -0.0258094 -0.00658415 0.0261326 0.0114087 0.0102916 0.0191458 0.0117836
internal_weight=1.15288e+06 701118 451759 264898 436220 317002 134757 262257 173963 118878 93833.3 146020 119976 150931 92700.1 51908.9 168424 58231.1 136004 166071 86678.8 91735.5 40791.2 71800 135218 86575.3 113881 98796.9 58254.3 61721.6
internal_count=2694529 1953302 741227 925616 1027686 550252 190975 571030 456656 468238 217941 457378 371443 244653 146738 86193 353089 97915 280423 305599 126345 214101 60545 106067 252035 329087 309827 265412 189339 182104
is_linear=0
shrinkage=0.05


Tree=43
num_leaves=31
num_cat=0
split_feature=28 28 28 25 7 6 7 6 6 28 0 14 0 22 0 11 10 15 9 11 0 28 10 13 25 0 0 21 11 14
split_gain=29923.2 5500.28 5486.81 1082.08 932.692 879.797 807.482 817.57 669.492 614.564 589.728 571.27 482.4 458.925 445.946 386.434 375.108 564.621 354.456 349.831 325.453 322.843 309.783 453.034 307.205 305.72 281.151 304.568 279.925 250.838
threshold=0.00064879341439258692 0.0011373120844159121 0.00035719209033190628 1.0010922950528258 0.007825476373842127 0.022854437267959483 0.0489305177163167 0.011322102649103749 0.010126392171501327 0.00021395048755677609 908.50000000000011 58890.000000000007 291.50000000000006 6352.3850000000011 3151.5000000000005 39793.890000000007 4576.420000000001 18935.000000000004 78505.000000000015 62326.000000000007 926.50000000000011 0.0004890500899665611 4576.420000000001 19178.000000000004 1.0005477049003637 2347.5000000000005 335.50000000000006 67186.000000000015 7249.3250000000007 6358.670000000001
decision_type=2 2 2 2 2 2 2 2 2 2 2 2 2 2 2 2 2 2 2 2 2 2 2 2 2 2 2 2 2 2
left_child=2 4 9 8 11 15 7 29 26 -1 -9 12 28 -8 16 22 -7 -18 21 20 -5 -10 -3 -24 -11 -17 -4 -28 -2 -6
right_child=1 5 3 19 6 14 13 10 18 24 -12 -13 -14 -15 -16 25 17 -19 -20 -21 -22 -23 23 -25 -26 -27 27 -29 -30 -31
leaf_value=-0.0293291107267321 0.022519558537513588 0.032882783987054562 -0.017876071337035709 -0.0018798626749308865 0.069030027924545129 0.025122191105240773 0.047307001226796978 -0.0012964628237789827 -0.0096699537722664264 -0.021693692654263051 0.005510002524243357 0.00069937129935571021 0.015274231623443164 0.0074534016193921922 0.020341805612472758 -0.0015533745521439119 0.0053193756626998103 0.01512570565545888 -0.029248826243579985 -0.013887327289681728 0.0083943198920000111 -0.0039098348466813232 0.0010395468808455804 0.013312002013558259 -0.013480871355243403 0.010481252858185734 -0.0094716819562096991 -0.021132928622435734 -0.0077601535280208776 -0.0058778036145514315
leaf_weight=23339.227340519428 950.57179875671864 1651.9118352234364 21013.76473814249 22389.951785326004 112.04257555305958 7437.5830250680447 736.59263168275356 61805.326429396868 41691.303721964359 52271.545813545585 65602.047285377979 13510.442729607224 29181.244523659348 37354.133215531707 41081.373657613993 12413.59419593215 17578.006743580103 88990.299413770437 1712.7449911236763 4048.6982265263796 11754.385438278317 58402.058772996068 9404.4513411223888 37524.752004504204 14557.345721542835 9179.396764755249 43328.090967819095 6430.293517947197 3873.6415660530329 44031.134608194232
leaf_count=180498 2905 2219 109939 91703 295 10023 1405 191543 210466 340649 175467 43578 80635 99174 60358 28490 31812 154285 9191 18556 39677 237381 20048 69974 87713 16573 193022 33761 13716 139473
internal_value=0.000350763 0.00806905 -0.012022 -0.00760616 0.00307223 0.0137734 0.00163865 0.000176432 -0.00929153 -0.0223441 0.00220819 0.0093972 0.0128529 0.00822408 0.0158753 0.00912807 0.0142659 0.0135082 -0.00669499 9.28021e-06 0.00165708 -0.00630906 0.0116017 0.0108526 -0.0199047 0.00356267 -0.0130267 -0.0109787 -0.00179378 -0.00568768
internal_weight=783358 482419 300939 210771 257157 225261 209641 171551 172578 90168.1 127407 47515.9 34005.5 38090.7 155087 70174.1 114006 106568 101806 38193 34144.3 100093 48581.1 46929.2 66828.9 21593 70772.1 49758.4 4824.21 44143.2
internal_count=2694529 1141973 1552556 943696 748191 393782 607357 506778 793760 608860 367010 140834 97256 100579 256478 137304 196120 186097 457038 149936 131380 447847 92241 90022 428362 45063 336722 226783 16621 139768
is_linear=0
shrinkage=0.05


Tree=44
num_leaves=31
num_cat=0
split_feature=28 28 28 25 25 28 28 28 28 25 7 7 9 6 0 6 12 6 21 14 12 7 25 6 20 7 21 15 11 9
split_gain=36289.3 6271.74 5805.45 1003.35 929.009 906.019 700.679 640.351 580.838 426.502 385.035 303.151 293.659 287.233 284.478 270.384 295.376 264.254 255.821 254.51 340.079 242.295 238.401 229.724 291.392 241.203 267.335 228.834 415.415 343.065
threshold=0.00062459138074230658 0.0010868770632345055 0.00035088992325155952 0.99876622475259536 0.99848494527833653 0.001567503637278956 0.00045537552771496493 0.0008527313244674642 0.00023187760796618596 0.99785169511768923 0.030902097987837069 0.007825476373842127 7202.6650000000009 0.010126392171501327 986.50000000000011 0.030626896877441981 46001.005000000012 0.0069047743752023568 23420.000000000004 18234.880000000001 18909.830000000005 0.072420584252906692 0.99646385059256992 0.046519670343950284 48240.150000000009 0.017188291996800411 41794.000000000007 31587.600000000002 28734.005000000001 19514.800000000003
decision_type=2 2 2 2 2 2 2 2 2 2 2 2 2 2 2 2 2 2 2 2 2 2 2 2 2 2 2 2 2 2
left_child=2 4 8 14 22 9 15 10 -1 -3 12 -8 -6 -12 -4 -5 -17 -13 19 21 -21 -10 -2 25 -25 -7 -27 29 -29 -9
right_child=1 5 3 6 7 23 11 27 18 -11 13 17 -14 -15 -16 16 -18 -19 -20 20 -22 -23 -24 24 -26 26 -28 28 -30 -31
leaf_value=-0.030037163967824167 0.015203079985150792 0.015965785887172731 -0.0041237087343774913 -0.016066681279662768 0.010242722332295796 0.008865191286903178 -0.011914847739143267 0.0026464860356715456 -0.021313365560253077 0.0092442911362913636 0.01273863159399375 -0.00036253503700960652 -0.0031314314093481548 0.0012522135478596598 0.0063643384484446943 -0.0014128402414652947 -0.018265402823246228 -0.0077924570355197191 -0.024015777575693384 0.020251826322316268 -0.013477139848154802 0.12843647977685424 0.0069315423166100331 0.020749152425497523 0.010014034782122655 0.013808539131295219 0.020887636407691468 0.016813921003742242 0.0046781612303525245 -0.016310314680812118
leaf_weight=30353.330306872725 10713.352501004934 30952.79065567255 18196.871456816792 54904.609734788537 4297.6498452574015 13280.396352112293 35625.829452618957 24331.719676971436 14303.339980527759 99364.885934412479 7089.7555377036333 14939.228279158473 91283.976434096694 23425.913540869951 10028.738631412387 7138.4024759680033 4089.667177900672 60154.31889115274 37615.357650235295 847.24004052579403 6337.5063428282738 27.062792047858238 46611.993698000908 46149.010806918144 7324.5376844704151 37384.796168804169 20732.392756223679 8165.2892069518566 51700.891157910228 2646.1972388476133
leaf_count=222994 23946 55311 72464 283336 13531 23121 152596 62846 88183 199551 21379 60471 299473 71084 34624 34269 21327 242762 232427 4830 38402 117 121463 61984 11034 54364 30263 18483 129997 7897
internal_value=0.000260165 0.00813548 -0.0137883 -0.00915153 0.00282749 0.0137571 -0.0105487 0.0013065 -0.0244147 0.0108408 -0.000968949 -0.0081164 -0.00253009 0.00392087 -0.000397239 -0.0146209 -0.00755115 -0.00631434 -0.0215285 -0.01718 -0.00949975 -0.0210306 0.00847738 0.0168006 0.0192787 0.0149447 0.0163339 0.00461043 0.00633339 0.00078706
internal_weight=820017 525456 294562 205078 270267 255189 176852 212941 89483.8 130318 126097 110719 95581.6 30515.7 28225.6 66132.7 11228.1 75093.5 59130.5 21515.1 7184.75 14330.4 57325.3 124871 53473.5 71397.6 58117.2 86844.1 59866.2 26977.9
internal_count=2694529 1205727 1488802 901849 770099 435628 794761 624690 586953 254862 405467 455829 313004 92463 107088 338932 55596 303233 363959 131532 43232 88300 145409 180766 73018 107748 84627 219223 148480 70743
is_linear=0
shrinkage=0.05


Tree=45
num_leaves=31
num_cat=0
split_feature=28 28 28 28 28 28 28 0 0 9 13 0 9 8 9 9 0 7 9 6 9 0 11 21 9 28 6 9 13 2
split_gain=81326.3 19791.7 13625.5 3895.32 2309.97 2037.16 1515.64 1072.38 883.51 642.143 702.417 576.156 575.049 1241.34 693.76 523.27 518.328 512.316 485.509 479.134 457.672 455.779 466.438 425.37 413.576 406.644 392.602 381.046 360.614 336.442
threshold=0.00083351237385592214 0.00040236851738306153 0.001534544012906683 0.00057908200992610407 0.0010751805384475791 0.00026724171732840917 0.0023996687828505086 946.50000000000011 530.50000000000011 47909.215000000004 39956.450000000004 491.50000000000006 31911.415000000005 30789.350000000002 19514.800000000003 8093.5000000000009 1621.5000000000002 0.028050066188602354 24679.000000000004 0.082777913941273346 47909.215000000004 251.50000000000003 37423.085000000006 51669.000000000007 8093.5000000000009 0.00017651387569161446 0.079700090245198016 17574.100000000002 37561.450000000004 64015.907926774868
decision_type=2 2 2 2 2 2 2 2 2 2 2 2 2 2 2 2 2 2 2 2 2 2 2 2 2 2 2 2 2 2
left_child=1 5 4 8 19 25 17 9 15 10 -5 24 13 14 -6 -3 -14 26 -15 21 -10 -2 -23 -21 -7 -1 -4 -19 -29 -26
right_child=2 3 6 7 12 11 -8 -9 20 -11 -12 -13 16 18 -16 -17 -18 27 -20 23 -22 22 -24 -25 29 -27 -28 28 -30 -31
leaf_value=0.035330742364761879 0.0059227121067073315 0.00092536075157421635 -0.020521881660812508 0.0047777485884227646 -0.015273220574837635 0.0017645791258712057 -0.03854907527905297 -0.0036588936590462914 0.0043222193136374367 0.0099209148640631347 -0.0021905053645347307 0.01409312539640206 -0.0071057440283438912 -0.033928097590437058 0.0014540870214089694 0.013752091140600588 -0.016351822892062811 -0.034976743869234848 -0.02144740292549048 -0.023495456802549431 0.011811062075293912 -0.0094626544409962387 -0.0037812597592922557 0.0016502029899894762 0.020935365433793408 0.02741886919061581 -0.034523232295721927 -0.0090920681277888386 -0.028127460064911021 0.029645571855928438
leaf_weight=23738.469338223338 7030.5802761018276 8589.7347864806652 34065.936776727438 82463.780577868223 46777.230524778366 2559.5848726630211 39485.114595174789 89997.9590061903 73305.328196227551 28516.465875923634 64413.86796194315 34957.85996286571 29520.349640280008 10345.539312809706 7145.5338833034039 106964.78784063458 31153.892800778151 22710.789070278406 31572.128691703081 7605.3918154537678 28269.251070290804 87064.482683509588 61747.769101291895 2159.3332899212837 80354.36838760972 51415.7272990942 5869.3280301690102 2730.6831484436989 28001.268544435501 12860.868666991591
leaf_count=107228 14673 21870 52380 189955 76479 7812 53757 183036 182746 70046 138660 111339 52123 14248 13446 309573 50324 31386 48488 12120 78515 157205 117794 4208 283120 211274 8106 4609 40737 47272
internal_value=-0.000461347 0.0103795 -0.0168639 0.00484161 -0.0113069 0.0233582 -0.0303366 0.000778127 0.00980831 0.00305484 0.00172179 0.0195873 -0.0156623 -0.0180737 -0.0130566 0.0127986 -0.0118533 -0.026864 -0.0245277 -0.0071907 0.00640644 -0.0065175 -0.00710523 -0.0179348 0.0215927 0.0299179 -0.0225797 -0.0300655 -0.0264361 0.0221371
internal_weight=1.14339e+06 688408 454985 482521 322122 205887 132863 265392 217129 175394 146878 130733 156515 95840.4 53922.8 115555 60674.2 93378 41917.7 165608 101575 155843 148812 9764.73 95774.8 75154.2 39935.3 53442.7 30732 93215.2
internal_count=2694529 1942446 752083 1174401 561108 768045 190975 581697 592704 398661 328615 449543 255108 152661 89925 331443 102447 137218 62736 306000 261261 289672 274999 16328 338204 318502 60486 76732 45346 330392
is_linear=0
shrinkage=0.05


Tree=46
num_leaves=31
num_cat=0
split_feature=28 28 28 25 28 7 0 6 28 15 0 28 6 14 21 0 8 11 20 7 14 25 19 12 11 7 16 19 6 7
split_gain=26799.1 5146.48 4919.66 1030.71 995.377 838.34 772.658 699.553 607.224 572.062 626.531 530.561 464.87 460.519 403.808 385.348 372.104 362.42 357.338 307.474 376.914 303.05 292.332 269.107 263.056 262.198 256.684 253.717 241.408 215.068
threshold=0.00064879341439258692 0.00035719209033190628 0.0010751805384475791 1.0004298306949184 0.0016419030941401543 0.0071677736681021341 754.50000000000011 0.011581070268325595 0.00021395048755677609 7546.1900000000014 669.50000000000011 0.00050125420332707438 0.019937599475139053 58890.000000000007 5812.2350000000015 291.50000000000006 69139.500000000015 60361.200000000004 11411.675000000001 0.06458440090244276 6358.670000000001 1.0005477049003637 9124.010000000002 62578.100000000006 7249.3250000000007 0.00841190240637151 7149.380000000001 5043.5700000000006 0.024525439701767283 0.0087162635244119793
decision_type=2 2 2 2 2 2 2 2 2 2 2 2 2 2 2 2 2 2 2 2 2 2 2 2 2 2 2 2 2 2
left_child=1 8 5 11 12 13 16 14 -1 -9 -11 23 -4 15 -7 24 -5 -8 -16 20 -6 -10 26 -3 -2 -24 -14 -17 -22 -13
right_child=2 3 4 6 19 7 17 9 21 10 -12 29 22 -15 18 27 -18 -19 -20 -21 28 -23 25 -25 -26 -27 -28 -29 -30 -31
leaf_value=-0.028798238674265078 0.024321691989758674 -0.011798110879165777 0.0056973373869932129 -0.005076919748474934 0.036411131270483225 0.051746893765211771 0.0070019399032083852 0.037156742299007679 -0.021044721392122167 -0.0023513634413305003 0.0048180063333867311 -0.0023746098579343062 0.018980634896691974 0.00057425573059455054 -0.015996047245659298 0.096982635537016262 -0.022870723098200447 -0.0094953982283945641 -0.0027529627961991104 0.02029460719895803 0.0092011937154540448 -0.012785765288607438 0.019192187566158654 -0.020956184419330691 -0.0079266138573173429 0.011257415414621823 -0.011497391665821761 0.014658991680687516 0.015572822093950278 -0.0086120754481414999
leaf_weight=22299.914935559034 783.94955562055111 55796.336364552379 47411.773960471153 48580.427792370319 1899.4552662074566 324.36838874220848 21670.986600801349 1207.7865471243858 50675.042949602008 44120.298885121942 98520.146295756102 19662.407831966877 971.1836901307106 11258.393743216991 5725.9130944013596 93.963315173983574 3127.2297201007605 3933.3152429759502 46141.068223446608 31142.100572347641 20330.025581896305 14225.090388521552 12006.920807480812 9368.3528548777103 3270.6473009735346 78337.47703486681 2393.0143261551857 23710.667296007276 55310.32997071743 46507.768597602844
leaf_count=180498 2383 284881 103832 220316 2390 741 76880 2624 340649 141395 271237 82529 1552 36627 20140 159 17005 17444 143183 41634 34437 87713 23282 54266 11687 151764 5538 65714 81654 190375
internal_value=0.000380475 -0.0114793 0.00761549 -0.00721605 0.0125016 0.00242505 -0.00263569 0.00109148 -0.0216803 0.00289058 0.00260044 -0.00991234 0.00973182 0.00910828 -0.00386715 0.012557 -0.00615307 0.00446763 -0.00421495 0.0160981 0.0144127 -0.0192345 0.0117731 -0.0131147 -0.00169146 0.012312 -0.00269893 0.0149839 0.0138603 -0.00675862
internal_weight=780806 295847 484959 208647 249802 235157 77312 196040 87200 143848 142640 131335 141120 39117.6 52191.3 27859.2 51707.7 25604.3 51867 108682 77539.8 64900.1 93708.6 65164.7 4054.6 90344.4 3364.2 23804.6 75640.4 66170.2
internal_count=2694529 1552556 1141973 943696 446083 695890 331645 579320 608860 415256 412632 612051 285968 116570 164064 79943 237321 94324 163323 160115 118481 428362 182136 339147 14070 175046 7090 65873 116091 272904
is_linear=0
shrinkage=0.05


Tree=47
num_leaves=31
num_cat=0
split_feature=28 28 28 28 25 7 28 28 7 0 25 6 7 9 28 14 9 13 12 19 21 0 14 12 7 7 6 14 7 6
split_gain=32565 5563.21 5498.7 957.81 955.829 680.447 590.812 578.493 558.438 441.966 365.866 343.413 288.516 356.687 274.551 268.298 264.369 421.807 382.768 309.528 261.445 259.794 256.973 321.865 256.23 234.026 226.386 224.973 224.058 230.613
threshold=0.00062459138074230658 0.0011510807466915763 0.00035088992325155952 0.00085913850708798593 0.99919833689448512 0.030902097987837069 0.00045537552771496493 0.00022720568607038539 0.0093185697320351101 754.50000000000011 1.0003421724881949 0.010828617793221957 0.019655968332960572 51511.750000000007 0.0017326155954607851 31815.000000000004 19514.800000000003 41769.255000000012 31958.650000000005 45076.205000000009 23420.000000000004 807.50000000000011 18234.880000000001 19020.250000000004 0.025290798250257204 0.072420584252906692 0.030626896877441981 36335.900000000009 0.007825476373842127 0.0069047743752023568
decision_type=2 2 2 2 2 2 2 2 2 2 2 2 2 2 2 2 2 2 2 2 2 2 2 2 2 2 2 2 2 2
left_child=2 3 7 8 9 14 26 -1 -2 -4 21 -5 -13 -14 -3 -16 18 -18 -7 -19 22 -10 25 -24 -11 -9 -6 -17 -8 -30
right_child=1 5 4 11 6 16 28 20 10 24 -12 12 13 -15 15 27 17 19 -20 -21 -22 -23 23 -25 -26 -27 -28 -29 29 -31
leaf_value=-0.029771835133172914 -0.0044482256163242617 0.0089318375105433816 -0.0065564235431071205 0.011050780231368941 -0.016096386940534942 0.016571227671451649 -0.011683680872204378 -0.020755013670379976 0.0014527777890667381 -0.00041313391391471386 -0.0013821380821395553 0.00221360260900464 0.0085530385532587693 -0.0062261657993439128 0.0085720209589976414 0.028385996942440563 -0.00010949467919195236 0.017630193719513697 0.027152568591556792 0.010026714722873155 -0.023509566717441407 0.0074297906743000051 0.015407184321871921 -0.013487310867768396 0.012228387807675305 0.11832726363133989 -0.0077384149843619842 0.015259743566100291 -0.00038261335280562712 -0.0080073868193326261
leaf_weight=27425.260270416737 42399.863466948271 76090.041169643402 28970.803991019726 28564.083703011274 47443.016848221421 46753.940589189529 31943.705245703459 14325.52223969996 36579.105452805758 14336.075604990125 43292.641349136829 52209.669600903988 51508.225538477302 4433.9199026525021 13048.482077091932 3972.6771671772003 5002.7297296524048 38833.789908200502 10458.400213986635 20424.677290946245 37397.240270242095 36144.761406555772 1146.3775548785925 6051.2155514508486 5564.1661500483751 30.309467956423759 9770.450347661972 18306.224386870861 12229.854992866516 52432.112388655543
leaf_count=211587 141077 145718 125614 68237 252237 67290 138747 91259 118675 53263 135874 129073 118173 11151 21068 5419 9761 58546 13082 35704 239605 99953 6610 37773 18719 119 49381 26926 49891 213997
internal_value=0.000282005 0.00766756 -0.0132088 0.00310851 -0.00870708 0.013445 -0.0106425 -0.0237727 0.000462381 -0.00261559 0.00225703 0.00617465 0.00488681 0.00738165 0.010623 0.0142657 0.0160334 0.0138325 0.0185055 0.0150095 -0.0209817 0.00442344 -0.0165956 -0.00888522 0.00312147 -0.0204614 -0.0146691 0.0176004 -0.00825773 -0.00656527
internal_weight=817089 528023 289066 295132 202690 232891 153819 86375.9 158416 48871 116017 136716 108152 55942.1 111417 35327.4 121474 64261.2 57212.3 59258.5 58950.7 72723.9 21553.4 7197.59 19900.2 14355.8 57213.5 22278.9 96605.7 64662
internal_count=2694529 1205727 1488802 822213 901849 383514 704253 586953 495579 197596 354502 326634 258397 129324 199131 53413 184383 104011 80372 94250 375366 218628 135761 44383 71982 91378 301618 32345 402635 263888
is_linear=0
shrinkage=0.05


Tree=48
num_leaves=31
num_cat=0
split_feature=28 28 28 28 28 28 28 0 0 28 9 4 0 9 19 7 6 11 15 0 9 2 11 7 9 13 11 0 7 10
split_gain=73269.5 19880.5 11044.8 3260.54 2864.92 1494.58 1493.11 1005.83 776.774 712.639 640.354 623.363 603.679 580.915 525.47 464.807 454.109 437.594 428.943 425.503 423.714 818.06 490.052 401.858 387.013 800.551 385.63 374.551 362.165 355.556
threshold=0.00088015671859992272 0.00044640379045369219 0.001534544012906683 0.00031582127731102227 0.0006447210912065329 0.0022576900954063791 0.0011663652409770312 444.50000000000006 956.50000000000011 0.00019411249007772078 51511.750000000007 64648.920000000006 383.50000000000006 8093.5000000000009 65080.755000000012 0.040669053847602214 0.076888717181986935 5905.0000000000009 6943.3000000000011 1771.5000000000002 31911.415000000005 30564.251894630503 5041.8100000000004 0.041303064857687137 33578.765000000007 39956.450000000004 8814.3000000000011 1544.5000000000002 0.037968947738528568 6667.9750000000013
decision_type=2 2 2 2 2 2 2 2 2 2 2 2 2 2 2 2 2 2 2 2 2 2 2 2 2 2 2 2 2 2
left_child=1 3 6 9 7 16 15 13 14 -1 -9 12 29 -3 17 18 23 -6 -2 -20 21 22 -8 -4 25 -10 -11 -22 -7 -5
right_child=2 4 5 11 8 28 20 10 24 26 -12 -13 -14 -15 -16 -17 -18 -19 19 -21 27 -23 -24 -25 -26 -27 -28 -29 -30 -31
leaf_value=0.03343613528346303 -0.0458394254462208 -0.0003719914588728623 -0.020697774821317419 -0.027196605663066031 -0.021860853150894879 -0.030691284847550866 -0.036940144751654573 0.0029464534463574015 -0.0028179879727931127 0.0087856582441573766 0.011180898259023049 0.023490129773604807 0.010511463483442732 0.012766362644276686 0.0099153299574024738 -0.013550789796133507 -0.033407662422921459 0.0006155004865733883 -0.0055525105036762796 -0.012322197140377491 -0.0067200978252140086 -0.024467543962661924 -0.012247717421453157 -0.028478928085792683 -0.001503109861699811 -0.017064325540212769 0.02515515983171019 -0.016209631494216597 -0.039875765721904752 0.017893582784564252
leaf_weight=29757.27754996717 719.05586186051369 9496.4651064276695 43517.068398028612 440.4120842218399 2204.9197400212288 16966.699882239103 2127.7838851213455 127789.75705122948 26322.163363128901 3771.5784474760294 28960.31410291791 20309.902191847563 60883.724220499396 73768.801161795855 15738.063768744469 38875.888921946287 14409.895362108946 121151.59434893727 100536.48698458076 30179.386970549822 17879.354380846024 31895.83011123538 36097.90527549386 26819.094494760036 45506.131970435381 15768.28733086586 78093.670204818249 24851.200171887875 29215.730564057827 60011.226936116815
leaf_count=139151 923 23222 66908 1106 3940 24563 2854 307331 52272 13624 79221 69869 184075 206840 37411 66219 20278 261278 185701 51957 31228 47614 60007 39159 92182 27876 315463 39862 40067 202328
internal_value=-0.000498042 0.0091403 -0.0172561 0.0204189 0.00301971 -0.029265 -0.0117034 0.00682688 -0.00101123 0.0268097 0.00446781 0.0153828 0.0140257 0.0112679 0.00131145 -0.00874793 -0.0253214 0.00021375 -0.00732733 -0.00711548 -0.0161637 -0.0185554 -0.0136222 -0.0236647 -0.0046994 -0.00815507 0.024401 -0.012239 -0.0365015 0.0175651
internal_weight=1.13407e+06 719974 414091 253268 466706 130928 283163 240015 226691 111623 156750 141645 121335 83265.3 139095 170311 84746.1 123357 131435 130716 112852 70121.5 38225.7 70336.2 87596.6 42090.5 81865.2 42730.6 46182.4 60451.6
internal_count=2694529 2017189 677340 925616 1091573 190975 486365 616614 474959 468238 386552 457378 387509 230062 302629 304800 126345 265218 238581 237658 181565 110475 62861 106067 172330 80148 329087 71090 64630 203434
is_linear=0
shrinkage=0.05


Tree=49
num_leaves=31
num_cat=0
split_feature=28 28 28 25 25 11 13 9 0 6 28 28 13 6 7 8 11 8 10 25 25 8 21 22 10 12 0 7 9 15
split_gain=24002.7 4749.93 4486.68 949.677 947.798 728.645 2049.61 819.7 681.267 649.537 599.026 475.035 450.873 414.035 372.614 352.734 344.804 336.953 314.766 298.006 296.129 291.086 491.42 250.134 240.784 230.726 219.397 215.58 241.496 216.789
threshold=0.0006447210912065329 0.00035719209033190628 0.0011969887899318525 1.0004051335316542 1.0021958454488351 37423.085000000006 39956.450000000004 20105.600000000002 754.50000000000011 0.02423116176656202 0.00021395048755677609 0.00049207982440342517 42545.755000000012 0.011192973782358791 0.054801900725656487 69139.500000000015 61679.750000000007 5966.4650000000011 41365.05000000001 1.0005477049003637 0.99522587877155333 6732.0950000000003 20025.600000000002 45162.825000000004 37535.450000000004 62578.100000000006 1594.5000000000002 0.0076235871456321229 7202.6650000000009 38570.500000000007
decision_type=2 2 2 2 2 2 2 2 2 2 2 2 2 2 2 2 2 2 2 2 2 2 2 2 2 2 2 2 2 2
left_child=1 10 4 11 5 6 7 -2 15 17 -1 25 -8 -7 21 -5 -10 -4 -6 -12 -19 -11 -23 -15 -22 -3 -20 28 -13 -29
right_child=2 3 9 8 18 13 12 -9 16 14 19 27 -14 23 -16 -17 -18 20 26 -21 24 22 -24 -25 -26 -27 -28 29 -30 -31
leaf_value=-0.028266098770480953 0.0016880773743533613 -0.011577621799723888 0.032541537568279294 -0.0047766937431792389 0.013689590765392515 -0.006853495775279602 0.021373075121186413 -0.010766395521640887 0.0065536796416860157 0.024824859006238629 -0.020398674422096551 0.033821994875974842 0.0096234180492376434 -0.0068514558307216644 0.018482370041523647 -0.022096497036989578 -0.010241192532723566 0.015658458338922158 -0.0025508269072164885 -0.012109932734164847 0.0092961371707242779 0.0048293537899497139 0.014043675862363074 0.001746750482011148 0.0025439972149862971 -0.020489299236585115 0.0098637904618171564 -0.012022856886571402 -0.002773804612812571 -0.0054473954526054278
leaf_weight=21312.396824389696 77283.195771425962 50521.028756797314 1444.0200263857841 48983.811649739742 24536.840951412916 26726.130075678229 10038.873943984509 15935.340400233865 21705.431011945009 4872.025101006031 49154.076944701374 463.86311735212803 43735.631296485662 9902.4899805039167 43050.887467205524 3127.370936229825 3556.8294747024775 10903.592475473881 6370.7336717694998 13913.4020870924 33607.16937635839 17870.431498527527 76042.527529865503 58008.985178694129 21747.285126164556 8482.4723997861147 8062.8263707607985 22278.607794031501 16011.181752994657 28661.067510783672
leaf_count=180498 228512 264173 1920 224872 59217 87819 20993 51739 77130 6777 340649 1673 109246 30407 61388 17461 16212 17459 18182 87713 62956 31689 124857 174993 44072 50668 20073 94298 68672 118211
internal_value=0.000408429 -0.011043 0.00714114 -0.00691234 0.00300724 0.00184023 0.00404333 -0.000440966 -0.00254946 0.012677 -0.0210191 -0.00958261 0.0118169 -0.00158168 0.0146003 -0.00581611 0.00418903 0.00864768 0.0102431 -0.0185701 0.00812694 0.0129085 0.0122903 0.000493006 0.0066434 -0.0128588 0.00438418 -0.00671521 -0.00174343 -0.00832319
internal_weight=778311 288172 490139 203792 280601 241631 146993 93218.5 77373.4 209538 84379.9 126418 53774.5 94637.6 141836 52111.2 25262.3 67702.1 38970.4 63067.5 66258 98785 93913 67911.5 55354.5 59003.5 14433.6 67414.7 16475 50939.7
internal_count=2694529 1542230 1152299 933370 801181 703709 410490 280251 335675 351118 608860 597695 130239 293219 224711 242333 93342 126407 97472 428362 124487 163323 156546 205400 107028 314841 38255 282854 70345 212509
is_linear=0
shrinkage=0.05


Tree=50
num_leaves=31
num_cat=0
split_feature=28 28 28 25 25 28 7 28 28 0 7 7 21 28 21 14 12 9 13 12 19 14 15 11 9 6 6 12 7 16
split_gain=29227.8 5200.07 4953.78 895.594 862.512 647.006 641.186 574.13 544.84 406.75 377.171 270.118 264.484 260.734 259.034 252.153 306.397 247.438 408.376 351.801 293.805 245.668 245.123 352.277 311.978 226.984 218.766 215.817 211.83 220.104
threshold=0.00062459138074230658 0.00035088992325155952 0.0011373120844159121 0.99919833689448512 0.9979193538560599 0.00089392586804592589 0.030902097987837069 0.00022720568607038539 0.00045537552771496493 628.50000000000011 0.0093185697320351101 0.024648531604317857 95718.750000000015 0.0017326155954607851 23420.000000000004 18234.880000000001 19020.250000000004 19514.800000000003 41769.255000000012 31958.650000000005 45076.205000000009 31815.000000000004 31587.600000000002 28734.005000000001 19514.800000000003 0.11404975308263321 0.030626896877441981 46001.005000000012 0.007825476373842127 107114.35000000002
decision_type=2 2 2 2 2 2 2 2 2 2 2 2 2 2 2 2 2 2 2 2 2 2 2 2 2 2 2 2 2 2
left_child=1 7 4 9 -2 10 13 -1 26 -3 -6 -11 -12 -4 15 -9 -17 19 -19 -8 -20 -15 24 -24 -7 -16 -5 -28 29 -10
right_child=2 3 6 8 5 22 17 14 28 11 12 -13 -14 21 25 16 -18 18 20 -21 -22 -23 23 -25 -26 -27 27 -29 -30 -31
leaf_value=-0.029263811561537897 0.0095093375831663066 -0.0072446570197904174 0.0082851225971460954 -0.015503830927631771 -0.004113415732983728 0.0028344250168706327 0.015592128612845861 -0.019807512525079469 -0.011348087598998727 -0.0013052482643381824 0.0016831034979950166 0.010022087516931783 -0.014913317253682758 0.0079964182345090597 -0.023010399719423192 0.015462456342043513 -0.012794063747158985 -0.00058004261860101906 0.016627578746579202 0.025656647706571369 0.0093184431262833909 0.016608149498141319 0.015871697907970415 0.0052730896427468903 -0.015709859395930465 0.10674502134828999 -0.0016449282339466667 -0.01725576461691096 -0.0062274012543995652 0.13846986893652954
leaf_weight=26209.09308270365 41651.310428977013 22770.441133469343 79696.746816307306 46480.975133657455 44288.312476605177 25221.657932549715 47696.184116959572 13942.77019777894 31522.954242706299 18476.076256722212 111317.37485104799 7359.4650021642447 2453.4537757337093 13118.330555737019 36186.147074103355 1145.2442663013935 5911.1566517353058 5140.0760661661625 39719.032698869705 10614.989087760448 21027.668573617935 22460.591529756784 9162.8815228939056 54312.508487612009 2492.1008898168802 33.73566110432148 6191.9811178892851 3446.1890199482441 64151.173362612724 24.534603402018547
leaf_count=211587 98711 101915 152418 252237 146438 61860 68395 91378 138679 70289 340105 25392 8267 21068 239445 6610 37773 10067 59617 13163 36709 32345 19564 129729 7271 160 30537 18844 263888 68
internal_value=0.000303267 -0.0126459 0.00723356 -0.00827961 0.00284921 0.00173625 0.0125594 -0.0231352 -0.0101708 -0.0023726 -0.000198702 0.00192144 0.0013252 0.00987395 -0.020328 -0.0159097 -0.00820807 0.015052 0.0129524 0.0174243 0.0140975 0.0134329 0.00509012 0.00680303 0.00116687 -0.0228895 -0.0140823 -0.00722668 -0.00787705 -0.0112316
internal_weight=814225 283852 530373 200424 290900 249248 239474 83428.1 151818 48606 158059 25835.5 113771 115276 57219.1 20999.2 7056.4 124198 65886.8 58311.2 60746.7 35578.9 91189.1 63475.4 27713.8 36219.9 56119.1 9638.17 95698.7 31547.5
internal_count=2694529 1488802 1205727 901849 811945 713234 393782 586953 704253 197596 494810 95681 348372 205831 375366 135761 44383 187951 106393 81558 96326 53413 218424 149293 69131 239605 301618 49381 402635 138747
is_linear=0
shrinkage=0.05


Tree=51
num_leaves=31
num_cat=0
split_feature=28 28 28 28 28 28 28 0 0 11 11 13 0 9 6 20 7 0 7 9 14 22 13 19 28 15 0 9 9 7
split_gain=65979 18264.6 10441.1 3727.83 1932.72 1482.27 1348.15 1014.42 824.435 653.336 552.312 1478.26 548.421 498.562 484.987 483.869 481.034 447.168 429.427 420.087 734.139 528.964 522.26 617.188 411.447 403.128 392.862 373.252 334.138 324.417
threshold=0.00088015671859992272 0.00040236851738306153 0.001534544012906683 0.00058645442458950985 0.00026724171732840917 0.0023996687828505086 0.0011663652409770312 605.50000000000011 693.50000000000011 5905.0000000000009 37423.085000000006 52542.000000000007 419.50000000000006 51511.750000000007 0.076888717181986935 58480.155000000006 0.028050066188602354 147.50000000000003 0.040669053847602214 17574.100000000002 19402.450000000004 9037.2900000000027 37561.450000000004 32640.665000000005 0.00017651387569161446 6943.3000000000011 411.50000000000006 8093.5000000000009 31911.415000000005 0.032322318703176742
decision_type=2 2 2 2 2 2 2 2 2 2 2 2 2 2 2 2 2 2 2 2 2 2 2 2 2 2 2 2 2 2
left_child=1 4 6 8 24 14 18 9 13 -5 11 -9 27 17 16 -11 -4 -3 25 20 21 -8 -21 -24 -1 -2 -27 -6 -12 -10
right_child=2 3 5 7 12 -7 19 10 29 15 28 -13 -14 -15 -16 -17 -18 -19 -20 22 -22 -23 23 -25 -26 26 -28 -29 -30 -31
leaf_value=0.034023434174352829 -0.044330764544405377 0.017322710208847934 -0.018630316587005199 -0.021412290068434984 0.0011734388467066941 -0.036577362296523037 -0.020984283054083966 -0.0025342465565046045 0.0055744890350880481 0.003232736818197063 -0.01910458486534055 -0.021789890993953814 0.013685419389722717 0.017602042200105427 -0.032759633615463024 0.013259407573839027 -0.026678295988606215 0.008409723973290241 -0.012905402872590328 -0.0029413315348595891 -0.026554088796171771 -0.0033556823512889584 -0.022774350649257216 -0.011921848430596217 0.02574974055300196 0.0012001873386110213 -0.0076662931369625605 0.021124355732126929 0.0010709978178395478 -0.0035878511265685638
leaf_weight=21820.544141039252 716.26158234477043 15966.00634804368 33181.403058975935 2475.3627863228321 2418.5328607112169 37839.77700817585 8593.3947748243809 84903.19975361228 54442.622099280357 89504.082932621241 2099.74942740798 11292.954212218523 46939.744041442871 21896.978129953146 15835.678667724133 13901.267447531223 42155.785197794437 118643.74766296148 38856.111615329981 10594.25446459651 18989.709990769625 8429.3957946300507 18064.41407212615 47678.713077545166 48259.75373737514 13990.548075377941 116740.37053266168 76397.939848989248 90573.121980696917 11745.503703534603
leaf_count=107228 923 48852 51822 4458 7580 53757 13271 173156 138859 204637 3815 19672 157406 68563 22635 35127 62761 330259 66219 18985 27972 14886 27255 79196 211274 27306 210352 284557 194052 27694
internal_value=-0.000532742 0.00866643 -0.0164719 0.00374423 0.021672 -0.0282583 -0.0110922 5.53467e-05 0.00862667 0.00397299 -0.0021409 -0.00479476 0.017964 0.0106051 -0.0248056 0.00458067 -0.0231337 0.00946689 -0.00828745 -0.0153436 -0.019795 -0.0122549 -0.0132436 -0.0149038 0.0283259 -0.00692238 -0.00671742 0.0205121 0.000613867 0.00394857
internal_weight=1.12495e+06 713281 411666 517445 195837 129013 282653 294750 222695 105881 188869 96196.2 125756 156507 91172.9 103405 75337.2 134610 170303 112350 36012.5 17022.8 76337.4 65743.1 70080.3 131447 130731 78816.5 92672.9 66188.1
internal_count=2694529 2017189 677340 1249144 768045 190975 486365 634917 614227 244222 390695 192828 449543 447674 137218 239764 114583 379111 304800 181565 56129 28157 125436 106451 318502 238581 237658 292137 197867 166553
is_linear=0
shrinkage=0.05


Tree=52
num_leaves=31
num_cat=0
split_feature=28 28 28 25 7 0 8 6 6 28 21 11 13 9 14 0 7 21 15 10 14 9 16 18 25 15 20 0 6 0
split_gain=21462.1 4688.86 3775.48 937.148 821.799 709.124 839.311 686.506 596.399 589.488 580.313 503.98 609.789 412.33 387.068 372.751 354.264 331.162 382.275 323.01 324.571 375.05 322.05 293.704 283.836 279.369 263.325 327.226 276.128 249.339
threshold=0.00066134480924729289 0.00035719209033190628 0.0011969887899318525 1.0016759612338564 0.0071677736681021341 908.50000000000011 6732.0950000000003 0.010126392171501327 0.022596075031587629 0.00021395048755677609 12955.000000000002 41129.445000000007 52542.000000000007 78505.000000000015 58890.000000000007 291.50000000000006 0.054801900725656487 67186.000000000015 38570.500000000007 37535.450000000004 31815.000000000004 20105.600000000002 6169.5000000000009 7097.9950000000008 1.0005477049003637 39054.290000000008 6013.0000000000009 1186.5000000000002 0.034912888506068371 2347.5000000000005
decision_type=2 2 2 2 2 2 2 2 2 2 2 2 2 2 2 2 2 2 2 2 2 2 2 2 2 2 2 2 2 2
left_child=1 9 4 7 14 6 -6 17 19 -1 -8 12 -7 22 15 -2 26 18 -3 20 21 -4 -9 -11 -25 -22 28 -28 -10 -21
right_child=2 3 8 -5 5 11 10 13 16 23 -12 -13 -14 -15 -16 -17 -18 -19 -20 29 25 -23 -24 24 -26 -27 27 -29 -30 -31
leaf_value=-0.027730464449740935 -0.0017315827336612439 -0.013083929973433188 0.0090926651075124189 0.0044477157216123034 0.0221580817576696 0.0043853126111376489 -0.0091030860863574158 0.14120085616247383 0.0020607344692691156 0.036596283835428456 -3.6090202989040241e-06 9.0778193358467713e-06 0.014773351788840323 -0.027918058523226114 0.0017448732139220683 0.014593145197363648 0.017396468181030158 -0.020531130991030641 -0.0055796779617977793 -0.0012976139006268415 0.026921442950869175 -0.011278907889222105 -0.0045648436464056329 -0.019953729720075506 -0.011751764259156656 0.01210548527472129 0.0073106226241316241 0.013552834322113631 0.044549182909069486 0.0090016967713809279
leaf_weight=20372.543458819389 4031.8614880591631 39293.898001641035 19617.011593103409 18593.43674620986 3718.362820237875 61876.329627290368 22538.718866467476 37.904806286096573 557.9329825937748 246.12252102792263 78710.110705718398 42249.925802469254 18306.704744920135 1913.5266541838646 11765.532596722245 26347.64355866611 44837.944265276194 8095.4059562683105 29872.485237315297 13232.874592661858 4330.974140226841 2553.4176312983036 115801.16322271526 47526.12292111665 13556.883805550635 11989.939088866115 29540.121407717466 72576.138651907444 1215.3740884065628 10570.591803103685
leaf_count=180498 13676 192206 36907 67022 8262 158868 73740 82 715 1368 237607 118766 41780 10739 37035 69308 63606 45379 137727 28761 6854 6086 522354 339571 87423 19661 53294 115637 1476 18121
internal_value=0.000434056 -0.0101743 0.0069529 -0.00627782 0.00303163 0.00184308 -0.00117241 -0.00730043 0.0119617 -0.0203616 -0.00202922 0.0044284 0.00675702 -0.00489742 0.0094446 0.0124266 0.013682 -0.0109628 -0.0098429 0.00785448 0.0106858 0.00674643 -0.00451715 -0.0179137 -0.0181334 0.0160371 0.0120788 0.0117471 0.0311811 0.00327608
internal_weight=775877 295309 480568 213608 269545 227400 104967 195014 211022 81701.7 101249 122433 80183 117753 42145 30379.5 148728 77261.8 69166.4 62294.8 38491.3 22170.4 115839 61329.1 61083 16320.9 103890 102116 1773.31 23803.5
internal_count=2694529 1584369 1110160 975509 759042 639023 319609 908487 351118 608860 311347 319414 200648 533175 120019 82984 234728 375312 329933 116390 69508 42993 522436 428362 426994 26515 171122 168931 2191 46882
is_linear=0
shrinkage=0.05


Tree=53
num_leaves=31
num_cat=0
split_feature=28 28 28 7 25 25 0 28 7 28 6 28 20 9 9 12 13 19 6 28 22 21 14 12 6 7 25 7 6 18
split_gain=26274.4 4979.9 4368.28 902.231 744.647 723.624 576.172 569.684 440.153 377.423 327.629 306.557 297.672 284.91 274.161 413.619 370.492 342.206 274.145 267.564 249.5 246.728 242.318 296.691 234.08 230.307 227.137 220.974 286.585 209.74
threshold=0.00059749268802399729 0.0010213475472320105 0.00035088992325155952 0.030902097987837069 0.9997002295910532 0.99848494527833653 575.50000000000011 0.00023187760796618596 0.016426840087153081 0.0015013380100063775 0.010126392171501327 0.00045537552771496493 6603.0750000000007 34375.000000000007 18208.900000000005 31653.400000000005 41769.255000000012 45076.205000000009 0.060964552725426321 0.00078104522337321886 23350.500000000004 23420.000000000004 18234.880000000001 18909.830000000005 0.024814263829277056 0.033323305107093248 0.99824051185111784 0.0087162635244119793 0.10657347247740136 38965.150000000001
decision_type=2 2 2 2 2 2 2 2 2 2 2 2 2 2 2 2 2 2 2 2 2 2 2 2 2 2 2 2 2 2
left_child=2 5 7 9 6 -2 -4 -1 12 26 -10 -6 -7 25 15 29 20 -18 -12 -14 -16 22 -9 -24 -17 -8 -3 -23 -29 -5
right_child=1 3 4 14 11 8 13 21 10 -11 18 -13 19 -15 16 24 17 -19 -20 -21 -22 27 23 -25 -26 -27 -28 28 -30 -31
leaf_value=-0.0284974701343014 0.0067146411960187675 0.010701188989434753 -0.0086244912937807026 0.014124919922146692 -0.014399380987380445 0.027227471014333805 0.0020844910977490137 -0.019087063094004427 0.0077222211337151028 0.011510680485577282 -0.00019811359618557647 -0.0089213506454960782 -0.0045358856557335177 -0.0044015082605294237 0.016274972729277856 0.035784890167675366 0.015732939917810926 0.0085315276662931063 0.0080675367346614291 0.00051932351758969758 -0.0028217742715736021 -0.025887302575930374 0.020229450984239603 -0.011403349483857269 0.020317859085447754 0.016946245698405867 0.0048778509842119068 -0.018154893015924385 0.11888356345819542 0.067333441033181896
leaf_weight=26546.51442334801 53373.056574299932 22087.73239710927 38709.67672662437 49271.228671252728 42561.328336298466 860.8554386049509 13417.911434665322 13146.143430233002 23389.184345647693 55636.4607013762 69067.406777054071 63855.039624005556 59006.363885372877 15797.486080944538 2326.6537820100784 3381.326618283987 45448.963402181864 25895.916691660881 11736.075259611011 47043.708302751184 6457.207319021225 18249.830684170127 847.38738197088242 5918.5007853507996 8845.059824347496 3235.3590711355209 69225.674985393882 15872.037066221237 38.243158385157585 185.90642899274826
leaf_count=222994 138633 42242 187973 72277 233174 2359 52766 88300 68832 87509 202546 277062 206646 64656 4712 4207 70500 47190 31479 130909 13027 125976 4830 38402 10962 11385 146310 106285 166 220
internal_value=0.000323542 0.00647004 -0.0128466 0.01101 -0.0084646 0.00151325 -0.00450513 -0.0224988 0.000198188 0.00826439 0.00251087 -0.0111123 -0.0020557 0.000408741 0.013855 0.0163607 0.0119261 0.0131191 0.00100241 -0.0022934 0.00223654 -0.0195538 -0.01513 -0.00744153 0.0245954 0.0049718 0.00628645 -0.0221325 -0.0178255 0.0143249
internal_weight=811434 553239 258195 288762 177577 264477 71160.4 80618.7 211104 146950 104193 106416 106911 32450.8 141812 61683.5 80128.7 71344.9 80803.5 106050 8783.86 54072.1 19912 6765.89 12226.4 16653.3 91313.4 34160.1 15910.3 49457.1
internal_count=2694529 1280560 1413969 499156 827016 781404 316780 586953 642771 276061 302857 510236 339914 128807 223095 87666 135429 117690 234025 337555 17739 363959 131532 43232 15169 64151 188552 232427 106451 72497
is_linear=0
shrinkage=0.05


Tree=54
num_leaves=31
num_cat=0
split_feature=28 28 28 28 28 28 28 0 0 20 0 28 13 9 0 9 6 0 11 7 9 9 13 19 11 14 11 9 13 10
split_gain=59505.3 16737.9 9873.15 3318.26 1872.89 1360.49 1339.42 998.967 697.281 639.945 725.839 512.686 501.874 482.71 481.671 479.01 467.925 452.792 487.371 433.285 413.072 713.734 469.221 538.796 405.933 362.858 564.914 339.451 345.129 332.854
threshold=0.00088015671859992272 0.00040236851738306153 0.001567503637278956 0.00057551013989036155 0.00028518642726975402 0.0011969887899318525 0.0023996687828505086 976.50000000000011 444.50000000000006 59117.05000000001 199.50000000000003 0.00017651387569161446 69639.85000000002 47909.215000000004 375.50000000000006 8093.5000000000009 0.079700090245198016 1771.5000000000002 5041.8100000000004 0.027667369675716421 17574.100000000002 16882.500000000004 37561.450000000004 32640.665000000005 5041.8100000000004 31815.000000000004 30993.795000000002 17574.100000000002 37561.450000000004 50797.750000000007
decision_type=2 2 2 2 2 2 2 2 2 2 2 2 2 2 2 2 2 2 2 2 2 2 2 2 2 2 2 2 2 2
left_child=1 4 5 8 11 16 19 9 15 10 -5 -1 14 -10 -6 -3 17 18 -2 25 21 24 -22 -24 -7 -4 -27 -21 -29 -18
right_child=2 3 6 7 12 20 -8 -9 13 -11 -12 -13 -14 -15 -16 -17 29 -19 -20 27 22 -23 23 -25 -26 26 -28 28 -30 -31
leaf_value=0.033397088037834116 -0.041246477552154229 8.8408291659744558e-05 -0.013311051688433065 0.010789199630116212 0.018368643099303909 -0.034747017224195008 -0.035670984987644413 -0.0037550948303807772 0.0040750116189674718 0.0086193002531342374 -5.698727480011703e-05 0.024297490384026246 0.023848237296879383 0.011115707111159596 0.011049147216009034 0.013064321864571444 -0.020016367198575458 -0.012013886970972883 -0.0056955577998510608 -0.032176866475794201 -0.0028262092215758094 -0.028328014545838293 -0.02218478088709705 -0.011755330908504587 -0.011327624703088896 -0.033727385394065806 -0.017445743127052504 -0.0060016927399232332 -0.025461189154273523 0.0054465121356950426
leaf_weight=20904.827661633492 971.3422486782074 7829.040807813406 12811.024447202682 17149.983668297529 49743.290936380625 2059.6569281518459 37023.489347189665 103824.91935607791 89260.825555920601 33223.093144178391 153360.67354550958 59640.107609733939 19795.118653580546 33473.397164911032 41004.213392585516 77686.345969259739 11663.646953701973 40624.987481325865 128340.45622372627 20604.678665339947 9674.5485624074936 14196.781548112631 17192.363596349955 44272.134599924088 18203.748740315437 8799.3265410065651 13502.698641866446 2503.738616079092 25333.741428464651 1442.1398773491383
leaf_count=107228 1266 20321 20892 43310 184432 2845 53757 207877 229641 81112 334719 264886 74499 96814 137000 235350 18555 69290 234284 29916 17298 20715 26053 73280 30161 12331 21309 4318 38243 2827
internal_value=-0.000564528 0.00821951 -0.0157383 0.00353661 0.0208602 -0.0107186 -0.0277543 0.000236646 0.00841025 0.00227088 0.00103392 0.0266592 0.0166348 0.00599523 0.0150613 0.0118764 -0.00811127 -0.00740922 -0.0059626 -0.0242465 -0.015238 -0.0197311 -0.0130615 -0.0146726 -0.0137081 -0.0200174 -0.0238697 -0.0273119 -0.023711 -0.0172145
internal_weight=1.11612e+06 706896 409221 515808 191088 288642 120579 307559 208250 203734 170511 80544.9 110543 122734 90747.5 85515.4 183043 169937 129312 83555.2 105599 34460.2 71139 61464.5 20263.4 35113 22302 48442.2 27837.5 13105.8
internal_count=2694529 2017189 677340 1249144 768045 496574 180766 667018 582126 459141 378029 372114 395931 326455 321432 255671 326222 304840 235550 127009 170352 53721 116631 99333 33006 54532 33640 72477 42561 21382
is_linear=0
shrinkage=0.05


Tree=55
num_leaves=31
num_cat=0
split_feature=28 28 28 25 28 25 19 11 13 28 10 11 0 15 22 19 6 15 11 22 25 20 21 15 21 10 9 7 9 0
split_gain=19238 4188.58 3625.64 823.998 818.582 782.049 620.725 856.953 1375.65 543.014 523.87 468.838 514.629 439.447 839.05 729.12 402.944 392.41 375.473 330.388 320.96 288.959 282.698 271.624 460.589 376.155 254.483 267.742 238.787 231.26
threshold=0.0006089300712103894 0.0010529630938437486 0.00035088992325155952 1.0021958454488351 0.0016419030941401543 1.0004051335316542 9124.010000000002 37423.085000000006 39956.450000000004 0.00018295972369697172 5952.5000000000009 61679.750000000007 785.50000000000011 18935.000000000004 8778.0850000000009 17574.100000000002 0.010126392171501327 7546.1900000000014 50580.100000000006 43391.55000000001 1.0006191211394644 38499.950000000004 45740.000000000007 32431.715000000004 28734.005000000001 4576.420000000001 8093.5000000000009 0.0085144492123766496 39971.500000000007 699.50000000000011
decision_type=2 2 2 2 2 2 2 2 2 2 2 2 2 2 2 2 2 2 2 2 2 2 2 2 2 2 2 2 2 2
left_child=2 3 9 6 13 16 10 8 -8 -1 -2 12 -7 14 -3 21 -4 -12 -17 -9 -11 -15 23 25 -25 -6 27 -18 -5 -16
right_child=1 4 5 28 22 11 7 19 -10 20 17 -13 -14 15 29 18 26 -19 -20 -21 -22 -23 -24 24 -26 -27 -28 -29 -30 -31
leaf_value=-0.029577666084086619 0.022344345389452021 0.011785270800999283 -0.012979792454624243 0.011704018496361683 0.022501816649375159 -0.0040280494843133712 -0.00032601114645686516 -0.011155327066735811 0.010668638290109085 -0.019793793178171499 0.07939343630068374 -0.014686535629341963 0.0064368128093469854 0.020538460560532098 -0.014165990669947738 0.0090564272918014065 0.028986948529832874 -0.015273619924649755 0.0017622772235859391 -0.0016238277241407062 -0.010515962553850336 -0.0029364252665829592 0.0084662216249210658 0.025811812362563594 0.014622278140963755 0.0095610709750475302 -0.0076206811373027029 -0.0026672746117635034 0.0017355398722861768 -8.1228160268545206e-06
leaf_weight=12381.767204202712 1075.950566649437 10427.696439191699 47704.090509682894 22730.266638502479 6777.098837018013 43646.399410769343 77562.94995008409 10240.451617777348 44931.096445590258 51924.153588943183 110.62702590227127 7237.099995136261 16074.888032212853 16043.990952521563 6359.0626449882984 91209.04691259563 958.87839321792126 10436.863647148013 21874.071027904749 81041.857027500868 11361.455360591412 1427.5373502075672 21243.863538354635 12115.082855135202 38177.194196164608 32762.357179254293 60064.156319066882 2202.3405119776726 8165.6011729240417 5278.5674383640289
leaf_count=118255 2555 19575 247728 57972 8316 206914 243909 33703 115227 392408 263 39051 58628 26942 15811 181563 3953 39391 49203 265545 76290 2193 33351 15274 53313 49861 293050 9687 23024 11574
internal_value=0.000457596 0.0059637 -0.0108343 0.00141187 0.0103878 -0.00693485 0.000362243 0.000974072 0.00370685 -0.0200017 -0.0108904 -0.00266773 -0.00121127 0.00801121 0.00148504 0.00911422 -0.00951053 -0.0142807 0.00764549 -0.00269311 -0.0181282 0.0186204 0.0136533 0.0148799 0.0173178 0.0117791 -0.00689295 0.00693426 0.00906941 -0.0077443
internal_weight=773546 519991 253555 256296 263696 177888 225400 213776 122494 75667.4 11623.4 66958.4 59721.3 152620 22065.3 130555 110929 10547.5 113083 91282.3 63285.6 17471.5 111076 89831.7 50292.3 39539.5 63225.4 3161.22 30895.9 11637.6
internal_count=2694529 1248565 1445964 781589 466976 859011 700593 658384 359136 586953 42209 304593 265542 306861 46960 259901 554418 39654 230766 299248 468698 29135 160115 126764 68587 58177 306690 13640 80996 27385
is_linear=0
shrinkage=0.05


Tree=56
num_leaves=31
num_cat=0
split_feature=28 28 28 7 25 25 28 0 0 14 7 28 28 28 9 25 9 12 13 19 22 13 19 21 6 9 7 10 18 9
split_gain=23566.9 4443.1 4130.1 783.253 706.104 692.144 563.871 525.428 335.328 330.753 328.837 322.297 292.117 284.151 264.595 256.65 254.989 377.116 325.756 313.137 236.718 224.884 297.944 218.033 215.848 208.854 206.516 194.788 190.987 188.178
threshold=0.00059749268802399729 0.0010312351368272608 0.00035088992325155952 0.030902097987837069 0.9997002295910532 0.99950229718678862 0.00022720568607038539 575.50000000000011 956.50000000000011 107516.30000000002 0.019436421078778101 0.0012476919881554123 0.00078104522337321886 0.00045537552771496493 34375.000000000007 0.9993294260385811 18208.900000000005 31653.400000000005 41769.255000000012 45076.205000000009 23350.500000000004 31963.750000000004 48869.000000000007 6887.2200000000003 0.024814263829277056 17574.100000000002 0.033323305107093248 6230.0000000000009 38965.150000000001 8093.5000000000009
decision_type=2 2 2 2 2 2 2 2 2 2 2 2 2 2 2 2 2 2 2 2 2 2 2 2 2 2 2 2 2 2
left_child=2 5 6 9 7 8 -1 -4 -2 11 12 -3 29 -6 26 -8 17 28 20 -20 -18 25 -23 -13 -19 -12 -9 -15 -5 -7
right_child=1 3 4 16 13 10 15 14 -10 -11 21 23 -14 27 -16 -17 18 24 19 -21 -22 22 -24 -25 -26 -27 -28 -29 -30 -31
leaf_value=-0.028249701077665675 0.0018763381511788535 0.0044550170789738209 -0.008140715918970285 0.013368980409942215 -0.013837225274505583 0.0077144075132465992 -0.01129647543168039 0.0021535464557910257 0.0074578510749988966 0.033198001400271106 0.00023181467585144355 -0.0027238546858220193 0.00049385287923130563 0.021842306797143028 -0.0041406656050962595 -0.020569578273681385 0.015827791139189442 0.034085994187175027 0.01484276143784042 0.0079225131576879278 -0.0029173194558571943 0.0066370575380957867 -0.001257829743209561 0.0098896167522615121 0.019258130455993186 -0.012798449429468804 0.016165336439654374 -0.0087762990676081842 0.063671202130216417 -0.0058345991751183055
leaf_weight=23963.451295755804 55056.636767506599 51145.934285640717 38217.040419980884 49255.234920173883 41770.855563297868 2709.5469416230917 8942.7262936905026 13399.233277484775 52635.960734680295 1277.0432451665401 12432.889275163412 3563.5892283022404 43772.352357059717 523.77697575092316 15705.756447404623 45050.847068019211 2292.8644963800907 3390.0922703444958 45266.399789571762 25586.662136822939 6344.513390481472 32309.887603700161 18964.979867786169 88767.615627974272 8891.4713524580002 4085.8476420491934 3271.8270407915115 62682.378545045853 189.42460814118385 47278.235003039241
leaf_count=211587 166768 110522 187973 71550 233174 9219 57709 52766 133239 2213 37951 5951 121032 1782 64656 317657 4585 4171 69432 46196 12735 88060 56041 150408 10942 12946 11385 275280 220 166379
internal_value=0.000341402 0.00610903 -0.0122895 0.0104491 -0.00803705 0.00149938 -0.0218666 -0.00417034 0.00460436 0.00786452 -0.000570413 0.00763904 -0.00248858 -0.0106373 0.000516226 -0.0190337 0.0130984 0.0155095 0.0112261 0.0123437 0.00205873 0.00208246 0.00371698 0.00940279 0.0233511 -0.00299117 0.00490347 -0.00852257 0.0135617 -0.00510019
internal_weight=808745 555217 253528 285971 175571 269246 77957 70593.9 107693 144754 161554 143477 93760.1 104977 32376.8 53993.6 141217 61726.2 79490.4 70853.1 8637.38 67793.6 51274.9 92331.2 12281.6 16518.7 16671.1 63206.2 49444.7 49987.8
internal_count=2694529 1280560 1413969 488925 827016 791635 586953 316780 300007 269094 491628 266881 296630 510236 128807 375366 219831 86883 132948 115628 17320 194998 144101 156359 15113 50897 64151 277062 71770 175598
is_linear=0
shrinkage=0.05


Tree=57
num_leaves=31
num_cat=0
split_feature=28 28 28 28 28 28 28 0 0 11 9 9 13 0 9 9 20 9 14 11 13 19 28 6 11 5 9 7 18 14
split_gain=53653.2 16061.2 8595.43 3166 1879.67 1250.36 1071.79 969.989 658.107 617.361 605.74 827.418 563.508 538.625 514.77 469.445 468.108 448.93 790.573 469.565 452.92 550.644 412.955 400.982 426.538 444.733 372.918 362.654 358.276 338.485
threshold=0.00090897449844592234 0.00040518355406649926 0.0016419030941401543 0.00057908200992610407 0.00026724171732840917 0.0012147295629373206 0.0023996687828505086 605.50000000000011 391.50000000000006 5905.0000000000009 17574.100000000002 16882.500000000004 39956.450000000004 510.50000000000006 47909.215000000004 8093.5000000000009 58480.155000000006 17574.100000000002 19402.450000000004 5041.8100000000004 37561.450000000004 32640.665000000005 0.00017651387569161446 0.082777913941273346 5041.8100000000004 601.50000000000011 8093.5000000000009 0.028424156880397958 53217.970000000008 31815.000000000004
decision_type=2 2 2 2 2 2 2 2 2 2 2 2 2 2 2 2 2 2 2 2 2 2 2 2 2 2 2 2 2 2
left_child=1 4 5 8 22 23 27 9 15 -5 11 -9 -12 26 28 -3 -11 18 19 -7 -19 -22 -1 24 -2 -26 -6 29 -10 -4
right_child=2 3 6 7 13 17 -8 10 14 16 12 -13 -14 -15 -16 -17 -18 20 -20 -21 21 -23 -24 -25 25 -27 -28 -29 -30 -31
leaf_value=0.032775269278464504 -0.039806545893412822 -9.0777471092351681e-05 -0.012870744358435002 -0.019620290133646103 -0.00061806357544931696 -0.032939997102407241 -0.034807985732532347 -0.0043109268199872913 0.0048425128585588301 0.0029074528009636474 0.0035939680050830025 -0.026597881708800026 -0.0027606481816562778 0.010654431277939337 0.010842674461599231 0.013260956734774643 0.012412143195253739 -0.0030195880207316526 -0.026397799183998802 -0.0085059350291121737 -0.021790364399443436 -0.011551940890263936 0.024151569225558889 -0.017435247651096029 0.0021376777258729708 -0.0082312375872020949 0.018761804079141391 -0.027274277511106337 -0.0063374413312395281 -0.024050528972093758
leaf_weight=20005.523125946522 1027.6618260443211 7378.7454379498959 10693.937148749828 2794.6185921132565 2552.3435574471951 2268.1773596704006 36211.876280635595 16406.687437027693 94102.577056586742 97475.787253051996 46268.947528749704 5581.1781837940216 141816.79861977696 31383.746553853154 37509.725121945143 61076.023448139429 14939.588465332985 9948.9185166358948 20098.816606402397 14772.58219230175 18402.419068306684 45857.331002682447 45353.636791601777 11344.770077586174 11140.029907017946 144221.71830561757 90436.758291855454 40190.668762117624 7756.7034866809845 18453.171254634857
leaf_count=107228 1349 19158 17534 5001 8136 3215 53757 33003 246564 223027 98513 9301 291413 105138 109941 187721 38077 17702 29897 24945 28032 75747 211274 18306 21550 254587 346509 60864 19080 27960
internal_value=-0.000595133 0.00743279 -0.015682 0.00298648 0.019926 -0.0110854 -0.027836 -9.3412e-05 0.00780708 0.0035935 -0.00211541 -0.00996802 -0.00119742 0.0163183 0.00583516 0.0118218 0.00417059 -0.015193 -0.0196807 -0.0117582 -0.012947 -0.014484 0.0267912 -0.00835856 -0.00770012 -0.00748775 0.0182299 -0.0241949 0.00399115 -0.0199487
internal_weight=1.10747e+06 722839 384632 533107 189732 279082 105550 325284 207824 115210 210074 21987.9 188086 124373 139369 68454.8 112415 111348 37139.6 17040.8 74208.7 64259.8 65359.2 167734 156389 155362 92989.1 69337.8 101859 29147.1
internal_count=2694529 2059084 635445 1280799 778285 475330 160115 698335 582464 266105 432230 42304 389926 459783 375585 206879 261104 179538 58057 28160 121481 103779 318502 295792 277486 276137 354645 106358 265644 45494
is_linear=0
shrinkage=0.05


Tree=58
num_leaves=31
num_cat=0
split_feature=28 28 28 28 25 22 25 7 7 13 7 11 15 13 28 7 0 20 14 7 0 0 6 6 11 7 2 25 14 25
split_gain=17349.8 5077.45 2220.55 1130.92 840.99 622.404 601.271 589.615 608.495 514.215 510.626 461.872 522.434 425.209 392.812 365.391 353.631 340.601 339.275 309.279 306.309 305.699 275.685 246.303 240.291 282.21 315.79 216.079 213.313 206.675
threshold=0.00052402322918579435 0.00092420874316652304 0.00031906248498091979 0.0013920962818645107 1.0018068587935913 65651.750000000015 1.0003421724881949 0.007825476373842127 0.0489305177163167 39956.450000000004 0.00841190240637151 41129.445000000007 18935.000000000004 69639.85000000002 0.00018295972369697172 0.06458440090244276 669.50000000000011 20213.750000000004 6358.670000000001 0.052397830107597236 187.50000000000003 1007.5000000000001 0.0099018881731444061 0.01036085610993028 8343.9550000000017 -1.0000000180025095e-35 98283.149655738074 1.0033956068487859 6875.5000000000009 1.0002712123631272
decision_type=2 2 2 2 2 2 2 2 2 2 2 2 2 2 2 2 2 2 2 2 2 2 2 2 2 2 2 2 2 2
left_child=2 4 14 10 7 6 23 13 9 -9 22 12 -12 20 -1 18 -8 -10 -5 -13 -2 -20 -3 -4 -16 26 -26 -6 -24 -27
right_child=1 3 5 15 27 -7 16 8 17 -11 11 19 -14 -15 24 -17 -18 -19 21 -21 -22 -23 28 -25 25 29 -28 -29 -30 -31
leaf_value=-0.029106834919891092 -0.0074696903606157163 -0.0020436927943897677 -0.013784743903251665 0.029638974166055827 0.0046940444584584644 -0.018379904141809754 -0.0060523995059474228 -0.0077368575742074383 0.016869973688835856 -0.0017393171884128693 -0.00081816803916429255 -0.0018332552171236374 0.0083310246588738767 -0.0075417844025187078 -0.0015699388149928144 0.016082059870662656 0.0039388132260864709 0.0014747132571620114 0.0049632721688013847 0.010254779051921344 0.0066454598460171689 0.011418760646221859 0.068008405978791361 -0.0078964044483532669 0.24982019206212669 -0.022197730109827594 -0.036856026338142986 0.014410739192049283 0.014153684316586321 -0.014839193664938525
leaf_weight=11790.850125715137 4283.4106672853231 2806.4988793879747 34102.08922483027 2281.0445558130741 28694.25250607729 16039.0936871171 32198.270300686359 61666.238134130836 4268.7227163910866 85001.061957642436 19227.749633088708 31972.376582890749 82764.834480911493 7772.8459585607052 1924.9881814420223 39569.078436136246 12216.580540299416 22682.795153707266 22739.401030570269 6340.9384376555681 37425.420327082276 94767.545970231295 185.46863403916359 37057.41324980557 20.509264566004276 28660.651893153787 18.070037342607975 7146.5759387612343 21330.905903249979 14304.608660183847
leaf_count=118255 18543 7309 193811 2840 86148 99014 170222 224793 14200 294814 46049 79249 176335 32278 13492 54025 50505 71775 39749 13964 128574 147875 271 197701 97 234909 140 18554 47193 111845
internal_value=0.000479385 0.00474197 -0.0127141 0.00891377 -0.000477757 -0.00915001 -0.00786911 -0.00161986 -0.00299209 -0.00426098 0.00600736 0.00484795 0.00660621 0.00319497 -0.0209844 0.0119163 -0.00330425 0.0039131 0.0105403 0.000167341 0.00519586 0.0101695 0.0126954 -0.0107183 -0.0188528 -0.0196264 0.115545 0.00663153 0.0146179 -0.0197478
internal_weight=771260 582927 188333 323986 258941 131613 115574 223100 173619 146667 164629 140306 101993 49481.7 56719.7 159357 44414.9 26951.5 119788 38313.3 41708.8 117507 24322.9 71159.5 44928.8 43003.8 38.5793 35840.8 21516.4 42965.3
internal_count=2694529 1504538 1189991 614859 889679 711253 612239 784977 605582 519607 370370 315597 222384 179395 478738 244489 220727 85975 190464 93213 147117 187624 54773 391512 360483 346991 237 104702 47464 346754
is_linear=0
shrinkage=0.05


Tree=59
num_leaves=31
num_cat=0
split_feature=28 28 28 25 7 28 0 25 7 28 13 19 9 7 21 21 21 22 7 14 12 25 16 9 6 7 6 21 21 7
split_gain=21153.8 4648.13 3258.04 778.47 666.544 584.335 480.372 449.673 433.307 400.287 376.795 703.834 660.753 249.439 245.341 242.194 365.98 265.26 235.702 224.558 312.429 219.872 196.674 196.28 190.746 185.135 212.745 211.171 178.851 174.956
threshold=0.0006447210912065329 0.00035415434116144775 0.0011806735382611615 0.99952903690033612 0.0085144492123766496 0.00024839727732282348 616.50000000000011 0.9979193538560599 0.032816182288726868 0.00047393796942317131 31963.750000000004 17574.100000000002 33578.765000000007 0.024648531604317857 23420.000000000004 6887.2200000000003 7736.1900000000014 8282.0800000000017 1.0000000180025095e-35 18234.880000000001 18909.830000000005 0.99646385059256992 107114.35000000002 8093.5000000000009 0.11404975308263321 0.0056105262395780911 0.10657347247740136 6603.0750000000007 50723.750000000007 0.0087162635244119793
decision_type=2 2 2 2 2 2 2 2 2 2 2 2 2 2 2 2 2 2 2 2 2 2 2 2 2 2 2 2 2 2
left_child=1 5 4 6 18 25 -3 -6 15 -5 11 -9 -12 28 19 17 -17 -4 22 23 -21 -18 -2 -7 29 27 -27 -1 -8 -16
right_child=2 3 8 9 7 14 13 10 -10 -11 12 -13 -14 -15 24 16 21 -19 -20 20 -22 -23 -24 -25 -26 26 -28 -29 -30 -31
leaf_value=0.25807242536199076 0.0088141312376957496 -0.0064496028428481277 -0.0054533223657589197 -0.012317667839292081 0.008748362612949305 0.0070632522702604372 0.0022892400321427885 0.003382007874908824 0.012988496884563642 -0.0067460792193652815 0.0085197326968641431 -0.0090206343353432372 0.0015593886863688956 0.0082783371318165492 -0.024135874991459944 0.026944135383069636 0.014267241605188939 0.062268539474379818 -0.0028734470226131903 0.024315306787302166 -0.0095255514777265494 0.0077004018948221096 0.1431359869923666 -0.018857282563799788 0.090390376939421174 -0.022647981512391037 0.18457307521309846 -0.030505994396232389 -0.0064437309323760296 -0.016516805670206098
leaf_weight=6.3420037329196921 3954.5335758626461 37690.241147845984 4106.9454699754715 53259.167579069734 41623.059949010611 784.31883664429188 15505.235496252775 35654.776028975844 115077.88920277357 81671.115190416574 57075.8195053339 16842.190496429801 84692.459230214357 10170.2865421772 15819.97173949331 2796.0094632804394 14816.158691197634 149.87161472439766 53025.118871405721 782.16282410919666 5327.9438485279679 91256.94846752286 27.440757632255554 10613.293187238276 38.824860379099846 14187.184702441096 12.396826155483721 15356.005785599351 9427.6235242336988 14386.815716959536
leaf_count=17 10340 177599 6970 293890 94174 4501 57638 101404 167881 341514 140190 49872 236418 34938 113562 4357 23268 220 157485 4451 35508 159679 41 74912 168 124392 56 141178 38286 99620
internal_value=0.000358949 -0.0105924 0.00634929 -0.00669705 0.00285955 -0.0210581 -0.00252973 0.00403212 0.0108283 -0.00894528 0.00302162 -0.000597035 0.00436162 0.00167903 -0.017638 0.00863085 0.00908832 -0.00306901 -0.00199241 -0.0129275 -0.00519354 0.00861765 0.00973978 -0.0170736 -0.0203647 -0.0265827 -0.0224671 -0.0303869 -0.00101287 -0.0205071
internal_weight=806138 285039 521099 207724 292895 77315.3 72793.4 235888 228204 134930 194265 52497 141768 35103.1 47753.3 113126 108869 4256.82 57007.1 17507.7 6110.11 106073 3981.97 11397.6 30245.6 29561.9 14199.6 15362.3 24932.9 30206.8
internal_count=2694529 1542230 1152299 943865 789924 598365 308461 622058 362375 635404 527884 151276 376608 130862 332722 194494 187304 7190 167866 119372 39959 182947 10381 79413 213350 265643 124448 141195 95924 213182
is_linear=0
shrinkage=0.05


Tree=60
num_leaves=31
num_cat=0
split_feature=28 28 28 28 28 28 28 0 0 19 0 0 9 9 14 11 13 19 9 11 14 9 9 9 13 7 14 9 9 18
split_gain=48394.4 14028.9 8854.36 2610.1 1754.18 1386.8 1062.76 848.511 611.443 596.178 629.543 577.582 470.683 440.124 807.19 485.748 453.895 557.786 434.25 428.543 1346.7 831.3 649.402 400.186 383.096 352.72 386.136 702.013 371.861 339.942
threshold=0.00088015671859992272 0.00040236851738306153 0.0016419030941401543 0.00057551013989036155 0.00024839727732282348 0.0011969887899318525 0.0023996687828505086 1007.5000000000001 391.50000000000006 65080.755000000012 199.50000000000003 359.50000000000006 47909.215000000004 17574.100000000002 19402.450000000004 5041.8100000000004 37561.450000000004 32640.665000000005 8093.5000000000009 37423.085000000006 31815.000000000004 26502.500000000004 20105.600000000002 8093.5000000000009 69639.85000000002 0.068504779653119088 31815.000000000004 29190.000000000004 20105.600000000002 47069.650000000009
decision_type=2 2 2 2 2 2 2 2 2 2 2 2 2 2 2 2 2 2 2 2 2 2 2 2 2 2 2 2 2 2
left_child=1 4 5 8 -1 19 25 9 18 10 -5 23 -10 14 15 -7 -15 -18 -3 20 22 -22 -2 -6 -13 26 28 -28 -4 -21
right_child=2 3 6 7 11 13 -8 -9 12 -11 -12 24 -14 16 -16 -17 17 -19 -20 29 21 -23 -24 -25 -26 -27 27 -29 -30 -31
leaf_value=0.027102528936375925 -0.0063506304409484977 -0.00015275216822089471 -0.017657478681730159 0.010167938167846044 -0.00078713828546391178 -0.032057413799792094 -0.033992379676185396 -0.0036024048680678902 0.0038116466526008788 0.0090860266381808785 7.8639062039200089e-05 0.010648168510550416 0.010418418545546801 -0.0025316952757139678 -0.025311984972556063 -0.0076669311016085168 -0.020826439679843423 -0.010775741349924119 0.012758726329781162 0.0030823688400963447 -0.032654735917858287 -0.013007968481537674 0.0089811767162790209 0.020068388671421675 0.020336419751106897 -0.030678457261688614 -0.030779856249584778 -0.016908166085906343 0.0096212520927597099 -0.005886387968314582
leaf_weight=51618.216603249311 57486.27848470211 7291.8086748421192 17082.641114592552 17052.034600168467 2382.279092207551 2348.0899879038334 35418.804744631052 98288.094747781754 100381.31759259105 26190.392848223448 165727.81184130907 48502.346350893378 36856.08365213871 10680.926897525787 20854.056403905153 15624.463036388159 19248.122131347656 48809.040766209364 60910.168064817786 13012.659173250198 6171.7379986643791 42190.361670076847 7849.7374021410942 66736.554350823164 12922.202673569322 13163.169039160013 20234.022158384323 16605.936041355133 1347.89160618186 56174.610814899206
leaf_count=265643 103569 19061 27442 43369 7733 3376 53757 196210 263733 64505 362934 173095 109439 19041 31413 26530 29594 81049 189893 24981 8733 70853 15735 271480 50094 19764 29885 26691 2576 102351
internal_value=-0.000622033 0.00738076 -0.0143761 0.00314597 0.0192997 -0.0100258 -0.0269617 0.00022883 0.00750889 0.00203083 0.0010199 0.0162143 0.00558594 -0.0142627 -0.0186193 -0.0108535 -0.0121144 -0.0136183 0.0113783 -0.00730226 -0.00919032 -0.0155152 -0.0045086 0.0193496 0.0126863 -0.0233229 -0.0215711 -0.0245271 -0.0156625 -0.00419955
internal_weight=1.09916e+06 694859 404303 512698 182162 300450 103852 307258 205439 208970 182780 130543 137237 117565 38826.6 17972.6 78738.1 68057.2 68202 182885 113698 48362.1 65336 69118.8 61424.5 68433.7 55270.5 36840 18430.5 69187.3
internal_count=2694529 2017189 677340 1249144 768045 517225 160115 667018 582126 470808 406303 502402 373172 191003 61319 29906 129684 110643 208954 326222 198890 79586 119304 279213 223189 106358 86594 56576 30018 127332
is_linear=0
shrinkage=0.05


Tree=61
num_leaves=31
num_cat=0
split_feature=28 28 28 25 0 2 10 15 6 22 25 15 19 15 7 28 19 0 2 19 6 11 7 13 9 2 21 25 0 6
split_gain=15569.4 4536.84 2093.97 874.284 845.728 895.354 704.543 922.516 676.6 597.039 569.746 412.196 519.203 392.308 414.492 387.709 364.044 323.053 246.073 236.062 235.513 234.134 247.997 233.06 229.164 228.588 216.362 205.642 201.744 185.535
threshold=0.00052402322918579435 0.001011291859212051 0.00031906248498091979 1.0019546944861155 1992.5000000000002 56591.788060788625 4576.420000000001 18935.000000000004 0.012960002047348814 65651.750000000015 1.0003421724881949 7546.1900000000014 10106.105000000001 67186.000000000015 0.0054380819459241862 0.00018295972369697172 17574.100000000002 669.50000000000011 6871.7432865265664 9124.010000000002 0.01036085610993028 8343.9550000000017 -1.0000000180025095e-35 66800.000000000015 39971.500000000007 98283.149655738074 57340.545000000006 1.0006191211394644 3151.5000000000005 0.01717318018941642
decision_type=2 2 2 2 2 2 2 2 2 2 2 2 2 2 2 2 2 2 2 2 2 2 2 2 2 2 2 2 2 2
left_child=2 3 15 8 5 6 19 -8 13 10 20 18 -13 14 -2 -1 -6 -12 -10 -3 -4 -17 25 -7 -5 -23 -15 -24 -18 -25
right_child=1 4 9 24 16 23 7 -9 11 -11 17 12 -14 26 -16 21 28 -19 -20 -21 -22 22 27 29 -26 -27 -28 -29 -30 -31
leaf_value=-0.028630811275826493 0.0066089616976983505 0.010701913039007489 -0.013266328889351548 0.0094933934863185663 0.017855158479807398 -0.012327551714637584 -0.00040859186500479688 0.0093096331744085391 0.021908015758014845 -0.01783967212761103 -0.0056345731336164308 -0.0077240261974163699 0.0018288815494239869 0.015789813028931753 -0.0042110840373461864 -0.0010457175996168933 0.0083472748537499596 0.0039288006185096433 0.08897085744266664 0.02680440006685458 -0.0074659773795770672 0.19984628083802641 -0.020651133711768521 -0.0082804784430751746 0.00081959579515471562 -0.036694739756429631 -0.013753513726781675 -0.011075480888722971 0.013013839798146049 0.0044130921285552207
leaf_weight=11229.848315089941 10065.643113777041 3575.0710970759392 33516.694115072489 28662.104272127151 23470.677138805389 5497.4870167225599 31565.176498502493 107873.70790824294 924.13952976465225 15692.288242653012 31851.445086419582 15737.948833763599 147808.55962444842 652.65421548485756 73355.634229943156 1899.6403111219406 42515.33605901897 12218.012545824051 160.5493144094944 6263.9350899159908 36622.194303385913 24.75161848962307 34999.132701978087 4414.3744464963675 10370.082526087761 17.389193803071976 12284.862126737833 6676.3307676538825 50874.349221423268 8275.0353765934706
leaf_count=118255 36118 4843 193811 77200 31325 13158 63886 201547 2441 99014 170222 59053 478071 2113 258658 13492 76386 50505 345 8169 197701 97 295682 11594 31015 140 49682 51072 79605 19329
internal_value=0.000498275 0.00449837 -0.0121538 0.000209505 0.00902401 0.00674603 0.00802214 0.00710969 -0.000834299 -0.00869493 -0.00743843 0.00111336 0.000909613 -0.00416192 -0.00290553 -0.0203459 0.0122884 -0.00298318 0.0318343 0.0209534 -0.0102377 -0.0182128 -0.0189945 -0.00372824 0.00718894 0.102239 -0.0122632 -0.0191171 0.0108894 -2.72975e-06
internal_weight=769095 584347 184748 300022 284325 167465 149278 139439 260990 129901 114208 164631 163547 96358.8 83421.3 54847.1 116860 44069.5 1084.69 9839.01 70138.9 43617.2 41717.6 18186.9 39032.2 42.1408 12937.5 41675.5 93389.7 12689.4
internal_count=2694529 1504538 1189991 994696 509842 322526 278445 265433 886481 711253 612239 539910 537124 346571 294776 478738 187316 220727 2786 13012 391512 360483 346991 44081 108215 237 51795 346754 155991 30923
is_linear=0
shrinkage=0.05


Tree=62
num_leaves=31
num_cat=0
split_feature=28 28 28 28 25 25 7 25 28 25 0 0 6 12 7 6 7 20 10 11 10 28 6 20 10 6 10 25 0 7
split_gain=19001.2 3835.17 3468.01 773.732 700.882 594.363 439.033 434.812 398.784 303.509 289.566 281.844 260.472 308.536 253.637 230.601 221.76 219.704 213.766 212.744 437.011 210.683 210.507 286.338 216.57 207.383 200.531 195.949 182.997 168.716
threshold=0.00058285227217442441 0.00098349761705273362 0.0003223324648619915 0.0015013380100063775 0.99916353217157339 0.99950229718678862 0.0039501008507197193 0.99722096695951012 0.0004433989086811483 0.99954244848821305 881.50000000000011 986.50000000000011 0.030626896877441981 46001.005000000012 0.019436421078778101 0.010241036779642035 0.031857159886123372 6603.0750000000007 6230.0000000000009 8529.9500000000025 8715.8650000000016 0.00078104522337321886 0.046519670343950284 48240.150000000009 47726.710000000006 0.0094649376295929937 59726.250000000007 0.99785169511768923 247.50000000000003 0.007825476373842127
decision_type=2 2 2 2 2 2 2 2 2 2 2 2 2 2 2 2 2 2 2 2 2 2 2 2 2 2 2 2 2 2
left_child=2 5 6 7 11 10 -1 -3 12 -8 -2 -4 -6 -14 17 28 25 -7 -10 -11 -21 -19 27 24 -24 -9 -17 -5 -16 -20
right_child=1 3 4 22 8 14 9 16 18 19 -12 -13 13 -15 15 26 -18 21 29 20 -22 -23 23 -25 -26 -27 -28 -29 -30 -31
leaf_value=-0.028660570187983875 0.00098091701632215282 0.012512389157838328 -0.0045353332325206667 0.013348283105869824 -0.014359100021418589 0.024624450916724463 -0.011412273587101169 0.010789215148069638 0.022185896024227891 -0.00091870390997850096 0.0062901127964201144 0.005576396958225132 0.0011662539347735733 -0.017473025668353123 -0.014647560830700715 0.00070555709239869318 0.0083063338867462901 -0.0050539581209856545 -0.010925838180821571 0.24821575535257129 -0.022688652449106346 -0.00015184903459318424 0.015208085888220669 0.0054132922495500379 0.065766721693109473 0.0033155173685392261 -0.010329905561396379 0.0082878605780252173 0.0086783385327752673 -0.0059907164362796713
leaf_weight=18208.998179785907 49376.051076769829 27429.019757241011 30097.531235322356 30005.164213567972 49724.150168925524 722.26581346988678 9358.213022351265 10481.776347190142 603.69006277620792 1182.5893457531929 53519.134004309773 8937.6280180811882 6291.9156247675419 3430.768294095993 901.68183395266533 45917.54021435976 50185.521353065968 53927.408458486199 26362.378086298704 14.894363492727278 29213.784853167832 36926.519811049104 50989.421427428722 8312.6131281554699 212.69380098581314 81091.809946790338 4522.033464461565 52778.825909823179 12458.431269228458 50479.350577369332
leaf_count=162686 154930 48727 138042 41790 301181 2009 72530 22482 2099 8299 138786 33367 34239 21156 3399 134521 97275 193072 126260 53 245896 104126 66778 12333 237 170556 14534 80726 36493 225947
internal_value=0.000373906 0.00529996 -0.0116252 0.00903534 -0.00813011 0.000794912 -0.0222305 0.00674995 -0.00981536 -0.0192864 0.0037424 -0.00222012 -0.0128956 -0.00541084 -0.00115702 0.00126327 0.00563498 -0.00284319 -0.00745099 -0.0217094 -0.0225506 -0.00306155 0.0117526 0.0140207 0.0154181 0.00417098 -0.0002838 0.010122 0.00710406 -0.00768383
internal_weight=803664 569758 233906 311487 175927 258271 57978.5 169188 136892 39769.5 102895 39035.2 59446.8 9722.68 155376 63799.7 141759 91576.2 77445.4 30411.3 29228.7 90853.9 142299 59514.7 51202.1 91573.6 50439.6 82784 13360.1 76841.7
internal_count=2694529 1322774 1371755 540904 882291 781870 489464 339040 710882 326778 293716 171409 356576 55395 488154 188947 290313 299207 354306 254248 245949 297198 201864 79348 67015 193038 149055 122516 39892 352207
is_linear=0
shrinkage=0.05


Tree=63
num_leaves=31
num_cat=0
split_feature=28 28 28 28 28 28 28 0 19 13 9 9 9 0 0 0 11 14 9 9 14 10 9 0 9 9 9 13 11 19
split_gain=43689.5 13407.1 7757.6 2564.58 1698.29 1063.58 1050.01 924.388 612.147 891.837 1619.88 802.358 572.883 554.344 550.735 418.523 455.658 525.593 378.427 377.251 640.455 365.427 364.899 355.884 396.751 353.548 759.81 540.263 461.368 425.641
threshold=0.00090897449844592234 0.00040236851738306153 0.0016419030941401543 0.0006447210912065329 0.00024839727732282348 0.0012476919881554123 0.0023996687828505086 712.50000000000011 58686.070000000007 39956.450000000004 31911.415000000005 20105.600000000002 51511.750000000007 359.50000000000006 183.50000000000003 2178.5000000000005 53417.500000000007 31815.000000000004 8093.5000000000009 17574.100000000002 19402.450000000004 7976.1450000000013 47909.215000000004 2233.5000000000005 28619.000000000004 17574.100000000002 16882.500000000004 39956.450000000004 5041.8100000000004 43890.67500000001
decision_type=2 2 2 2 2 2 2 2 2 2 2 2 2 2 2 2 2 2 2 2 2 2 2 2 2 2 2 2 2 2
left_child=1 4 5 7 -1 15 25 12 9 11 -11 -5 14 18 -3 16 17 -2 -6 20 21 -7 -15 24 -21 26 28 -27 -4 -29
right_child=2 3 6 8 13 19 -8 -9 -10 10 -12 -13 -14 22 -16 -17 -18 -19 -20 23 -22 -23 -24 -25 -26 27 -28 29 -30 -31
leaf_value=0.02638128731338284 -0.0040308336386253767 0.01361356207349514 -0.035714098467149624 -0.0012012843391839472 -0.00099542090550514602 -0.018995685098082544 -0.033200172121089076 0.0017969039444934963 0.0037525801941371154 -0.015417610105401255 -0.0013685133818718391 0.01011888660480173 0.014904009205207069 0.0096732374763896286 0.005629744754597649 -0.012987650441640004 0.00058515474651074271 -0.010457740844733214 0.019325023232602597 0.0039238461650993213 -0.024990025568940671 -0.0033493240524894636 0.018434170210507705 -0.016775094665010131 -0.011004005392845613 -0.002490057642533921 -0.034257095172815243 -0.025634262436820543 -0.013547236964307117 -0.013935154136354714
leaf_weight=49807.668389216065 55952.164303511381 25462.838892683387 2972.9041485190392 80761.411264032125 2374.5065616518259 7257.7076664865017 34625.817229658365 91434.051938384771 53052.969847917557 29849.019502103329 65630.609718710184 19416.472668796778 25356.433550968766 44274.456648424268 142397.87576802075 31251.055006414652 19110.321737140417 73731.708139508963 65275.365855485201 5092.4585657119751 17805.021378099918 7681.3539618551731 16246.752505391836 24351.130794167519 35339.999394834042 4246.0201843082905 15441.244295984507 21557.82264944911 11155.778176993132 12159.966808825731
leaf_count=265643 101593 78339 4376 170212 7733 11396 53757 222838 115769 53569 134630 42674 81098 159882 391910 52057 36536 126627 271480 9457 27091 13428 63307 38616 58529 7518 22664 33232 18524 20044
internal_value=-0.000646928 0.00666332 -0.014341 0.00269805 0.0185463 -0.0100054 -0.0261209 0.0059389 -0.00101112 -0.00230281 -0.00576057 0.000992791 0.00789897 0.0155016 0.00684081 -0.00772748 -0.00662269 -0.00768485 0.0186118 -0.0142107 -0.0185847 -0.0109507 0.0120251 -0.0119998 -0.00912385 -0.0224913 -0.0265904 -0.0192985 -0.0182115 -0.0214151
internal_weight=1.09107e+06 711340 379732 533362 177979 277573 102160 284651 248710 195658 95479.6 100178 193217 128171 167861 180045 148794 129684 67649.9 97527.7 32744.1 14939.1 60521.2 64783.6 40432.5 67533.7 29569.9 37963.8 14128.7 33717.8
internal_count=2694529 2059084 635445 1291039 768045 475330 160115 774185 516854 401085 188199 212886 551347 502402 470249 316813 264756 228220 279213 158517 51915 24824 223189 106602 67986 106358 45564 60794 22900 53276
is_linear=0
shrinkage=0.05


Tree=64
num_leaves=31
num_cat=0
split_feature=28 28 28 0 4 7 10 15 0 22 15 25 21 14 7 28 6 0 0 19 9 7 5 11 11 6 7 9 25 2
split_gain=13968.6 4079.07 1971.61 968.377 1091.31 714.537 662.341 1009.07 615.984 567.108 549.95 539.634 477.044 435.934 387.444 386.01 379.591 323.154 295.474 263.914 259.026 246.755 261.158 248.78 228.212 225.373 222.136 212.621 205.709 175.903
threshold=0.00052402322918579435 0.00092420874316652304 0.00031906248498091979 2347.5000000000005 56599.465000000004 0.0077209752816117692 4576.420000000001 18935.000000000004 712.50000000000011 65651.750000000015 67251.300000000017 1.0003421724881949 5041.8100000000004 68711.580000000016 0.019878608651804738 0.00018295972369697172 0.0099018881731444061 271.50000000000006 669.50000000000011 17574.100000000002 17755.500000000004 0.052397830107597236 2995.5000000000005 56518.900000000001 8343.9550000000017 0.01036085610993028 -1.0000000180025095e-35 8093.5000000000009 1.0002712123631272 98283.149655738074
decision_type=2 2 2 2 2 2 2 2 2 2 2 2 2 2 2 2 2 2 2 2 2 2 2 2 2 2 2 2 2 2
left_child=2 5 15 4 6 10 27 -8 12 11 13 25 -7 17 -14 -1 -10 -2 -13 -5 -18 22 -6 -23 -17 -4 29 -3 -28 -26
right_child=1 3 9 19 21 8 7 -9 16 -11 -12 18 14 -15 -16 24 20 -19 -20 -21 -22 23 -24 -25 26 -27 28 -29 -30 -31
leaf_value=-0.028182279057699756 -0.0034593745236857379 0.013111078472744684 -0.012769666172007241 0.017313044482831316 -0.0091867599021523937 0.098642134889921546 -0.0003888521855729514 0.008702978398648982 -0.0045767485885229095 -0.017275681935167209 -0.0071987075260038953 -0.0052419847014057068 -0.0082965476740066903 0.14325887507226237 -0.0016676381682786624 -0.00051026360247908079 0.0092043340356284843 0.0078301653014678976 0.0039164761317573536 0.010809114834018162 0.0011632402086603263 0.024448776327264631 0.0006576883157165405 -0.0065207849020941407 0.16804402706636196 -0.0070558325113853366 -0.021015045587991204 0.027381875236735444 -0.013462352194707048 -0.036523887487054936
leaf_weight=10733.848950818181 7414.8844245374203 5625.9453196674585 32969.356879085302 19272.837253570557 13357.853462725878 110.93896901607513 38483.564902827144 147445.82878981531 26586.755962595344 15341.342021599412 8779.0596377402544 31530.660450190306 45795.733349889517 58.074612215161324 42498.120481804013 1874.3204443305731 11633.71236667037 43670.944767892361 12219.810972213745 81785.899496644735 71979.981823727489 1574.5574997365475 13591.834252417088 1102.5222083926201 28.463796988129616 36214.375330746174 26862.431256905198 4868.8940853476524 13569.724016875029 16.658496364951134
leaf_count=118255 30787 8182 193811 25308 35902 192 81964 284111 89072 99014 35374 170222 180473 113 156822 13492 32530 142430 50505 135890 221886 3112 31996 2513 97 197701 234909 5881 111845 140
internal_value=0.000516009 0.00427098 -0.0116093 0.00798072 0.00616173 -0.000422868 0.00751096 0.00682116 -0.00186674 -0.00825556 0.00436263 -0.00703024 -0.00497569 0.00634718 -0.00510588 -0.0197132 0.000627309 0.00619154 -0.00268396 0.0120495 0.00228205 -0.00278361 -0.0042218 0.0116943 -0.0175667 -0.00977875 -0.0183565 0.0197318 -0.0184802 0.0925205
internal_weight=766999 585638 181361 327110 226051 258528 196424 185929 198605 128276 59923 112934 88404.8 51143.9 88293.9 53085.4 110200 51085.8 43750.5 101059 83613.7 29626.8 26949.7 2677.08 42351.6 69183.7 40477.3 10494.8 40432.2 45.1223
internal_count=2694529 1504538 1189991 614859 453661 889679 380138 366075 680975 711253 208704 612239 337487 173330 337295 478738 343488 173217 220727 161198 254416 73523 67898 5625 360483 391512 346991 14063 346754 237
is_linear=0
shrinkage=0.05


Tree=65
num_leaves=31
num_cat=0
split_feature=28 28 28 7 28 25 7 7 20 12 28 19 6 6 25 21 16 25 6 19 15 14 14 12 7 6 7 6 9 16
split_gain=17057.6 4525.28 2191.45 828.868 548.05 528.409 523.829 384.251 379.641 430.538 341.39 295.491 289.03 281.356 274.79 267.82 263.902 262.145 328.38 252.926 251.142 250.711 248.66 281.806 239.89 254.815 233.78 226.686 205.602 262.757
threshold=0.00068263696510311822 0.00035088992325155952 0.0011806735382611615 0.0086170856958657453 0.00022720568607038539 0.99832742857322831 0.031857159886123372 0.017778961911389279 106557.90000000001 104032.35000000002 0.00050772266247515595 9801.7900000000027 0.0069047743752023568 0.0097905758226739473 0.99950229718678862 23420.000000000004 107114.35000000002 0.99785169511768923 0.076888717181986935 37895.450000000004 51322.000000000007 72426.550000000017 18234.880000000001 19020.250000000004 0.0087162635244119793 0.10657347247740136 0.072420584252906692 0.017776417880162296 7202.6650000000009 8899.6000000000022
decision_type=2 2 2 2 2 2 2 2 2 2 2 2 2 2 2 2 2 2 2 2 2 2 2 2 2 2 2 2 2 2
left_child=1 4 6 8 -1 -5 14 -4 16 -10 27 -8 -12 21 -2 22 19 -9 20 -3 -19 -13 26 -24 -17 -26 -6 -7 29 -16
right_child=2 3 7 5 15 10 11 17 9 -11 12 13 -14 -15 28 24 -18 18 -20 -21 -22 -23 23 -25 25 -27 -28 -29 -30 -31
leaf_value=-0.026753000267643951 0.0039317273470037715 -0.0074745499523638532 0.0061721558882669447 0.0050007201583991872 -0.016888824767934421 -0.0097221169352977414 -0.0058018732730241631 0.013529955376316497 0.022744661008812297 0.21064920830970096 0.004143805173029951 0.01215916891517586 -0.0037176096268997875 0.0057736948124510008 0.0021932222161553301 -0.024062175661579099 0.096614507857080784 0.0062704553861191907 0.014907565189478323 -0.013106580694257797 0.011925323622314476 0.042589905140916061 0.018936892970273775 -0.0091079463624562044 -0.015638993819456635 0.10800761966618176 0.12493205184909564 -0.0031355532136415421 -0.00044535915804936341 0.025676537003701056
leaf_weight=21082.098068676889 75621.460308596492 46911.330956429243 58442.000980317593 16703.82003338635 12091.845214560628 36627.851795420051 4596.3293661177158 60054.792800754309 145.68450529873371 38.5511654317379 14287.378259778023 12856.492455363274 64357.325669288635 58761.469671815634 3897.7086502760649 16623.234939992428 58.228802815079689 60885.76013597846 22015.839730709791 34664.785044506192 28979.531330615282 714.45839193463326 1080.2590447440743 5244.2577819153666 14607.630800507963 41.786978483200073 29.128100112080574 20304.730882585049 107793.86882658303 1715.4278979748487
leaf_count=211587 193296 225144 103188 56077 91259 194975 11926 84895 627 99 53914 30882 246005 141062 10376 130413 168 96928 30025 170460 47339 1699 6610 37773 109025 167 119 102376 301618 4497
internal_value=0.000386986 -0.00892105 0.00610493 -0.00557115 -0.0199974 -0.00339035 0.00301277 0.00967465 -0.00963006 0.0620635 -0.00442418 0.00649116 -0.00228943 0.00727231 0.00159717 -0.0171328 -0.00979186 0.0108652 0.00943478 -0.00986781 0.00809402 0.0137612 -0.0123545 -0.00431775 -0.0199512 -0.0152863 -0.016548 -0.00737305 4.04543e-05 0.00936995
internal_weight=801235 304900 496335 234100 70800.2 152281 265957 230378 81818.6 184.236 135577 76928.7 78644.7 72332.4 189028 49718.1 81634.3 171936 111881 81576.1 89865.3 13571 18445.5 6324.52 31272.7 14649.4 12121 56932.6 113407 5613.14
internal_count=2694529 1636798 1057731 1049845 586953 653347 695356 362375 396498 726 597270 185569 299919 173643 509787 375366 395772 259187 174292 395604 144267 32581 135761 44383 239605 109192 91378 297351 316491 14873
is_linear=0
shrinkage=0.05


Tree=66
num_leaves=31
num_cat=0
split_feature=28 28 28 28 28 28 28 0 9 9 11 13 0 0 9 9 19 6 11 0 9 14 11 9 9 13 11 19 9 28
split_gain=39420.2 12238.9 7394.42 2397.42 1544.41 1036.69 975.812 824.577 623.881 849.364 599.242 571.438 570.012 503.034 431.344 421.078 418.424 408.45 426.301 435.344 365.671 606.592 353.48 345.662 735.821 515.06 443.369 407.615 343.431 342.209
threshold=0.00090897449844592234 0.00039649984288031684 0.0016419030941401543 0.00057551013989036155 0.00024839727732282348 0.0023996687828505086 0.0012476919881554123 545.50000000000011 17574.100000000002 16882.500000000004 5905.0000000000009 39956.450000000004 391.50000000000006 359.50000000000006 47909.215000000004 8093.5000000000009 8966.2250000000022 0.079700090245198016 5041.8100000000004 1676.5000000000002 17574.100000000002 19402.450000000004 5041.8100000000004 17574.100000000002 16882.500000000004 37561.450000000004 5041.8100000000004 43890.67500000001 8093.5000000000009 0.00015446892978425119
decision_type=2 2 2 2 2 2 2 2 2 2 2 2 2 2 2 2 2 2 2 2 2 2 2 2 2 2 2 2 2 2
left_child=1 4 6 12 29 23 17 10 9 -9 -5 -10 15 28 -14 -3 -12 18 -2 -20 21 22 -8 24 26 -25 -4 -27 -6 -1
right_child=2 3 5 7 13 -7 20 8 11 -11 16 -13 14 -15 -16 -17 -18 -19 19 -21 -22 -23 -24 25 -26 27 -28 -29 -30 -31
leaf_value=0.032901596961607132 -0.036999583051341156 -0.00076525044061085149 -0.034904501250741425 -0.019380146050211638 -0.001357135637840727 -0.03245421541504933 -0.030301765804247805 -0.0038559443023436328 0.0039102696924399639 -0.024989487665939503 0.014136542704792282 -0.0022420335386702261 0.003285847004179181 0.011592239470303025 0.0095785401780781095 0.011845933222146235 0.0033277411555892519 -0.015685982229182278 -0.0048014599717287297 -0.010476774901786477 -0.011361858562886835 -0.024155667838076749 -0.0074476045641582184 -0.0019580597866395003 -0.033437134635087955 -0.024764587261614297 -0.01296588498733321 -0.013261964266065993 0.018770320011983019 0.023199109588203613
leaf_weight=12171.146400302649 1148.2487561702728 7406.0711109936237 2907.6626572459936 2710.8403334021568 2194.6444288939238 33861.037697449327 1946.5977841615677 19589.699521541595 49885.969367206097 6277.958095729351 10000.578890353441 155052.00894522667 102006.00500458479 56075.442882537842 37150.919544413686 62280.075836673379 85531.060272872448 13487.900376319885 117880.04179775715 47368.500139862299 64487.564352840185 17583.685314565897 12930.670980900526 4163.7889423668385 15138.379744559526 21315.07526242733 11073.671132951975 12059.302006661892 61769.180421322584 35874.946939587593
leaf_count=74134 1547 19595 4376 4839 7212 53757 2898 39756 107226 10523 25496 321541 271223 211238 112684 199188 199532 21895 212937 80434 106602 27091 21926 7406 22664 33344 18524 20044 263388 191509
internal_value=-0.000668655 0.00630447 -0.0137145 0.00262433 0.0180813 -0.0253299 -0.00949689 -3.50149e-05 -0.001668 -0.00898496 0.00380143 -0.000744441 0.00681433 0.0150491 0.00496582 0.0105056 0.00445924 -0.00731758 -0.00663925 -0.00642829 -0.0135405 -0.0178687 -0.0104379 -0.0217108 -0.0257988 -0.0185396 -0.0175284 -0.0206083 0.0180797 0.025657
internal_weight=1.08333e+06 705977 377352 537891 168085 100519 276833 329048 230806 25867.7 98242.5 204938 208843 120039 139157 69686.1 95531.6 179885 166397 165249 96948.5 32461 14877.3 66657.9 29119.7 37538.2 13981.3 33374.4 63963.8 48046.1
internal_count=2694529 2059084 635445 1311603 747481 160115 475330 708913 479046 50279 229867 428767 602690 481838 383907 218783 225028 316813 294918 293371 158517 51915 24824 106358 45564 60794 22900 53388 270600 265643
is_linear=0
shrinkage=0.05


Tree=67
num_leaves=31
num_cat=0
split_feature=28 28 28 25 6 6 22 25 0 10 28 15 19 15 13 19 8 25 14 10 15 0 25 2 0 25 14 6 2 21
split_gain=12537.9 3665.66 1847.82 794.526 675.634 629.719 538.139 511.048 391.481 448.554 384.728 365.053 471.324 364.695 398.01 337.317 335.362 297.475 316.35 295.965 281.12 265.603 243.487 243.271 240.181 225.263 231.451 215.545 214.492 198.586
threshold=0.00052402322918579435 0.0010420724802479506 0.00031906248498091979 1.0019546944861155 0.022854437267959483 0.012960002047348814 65651.750000000015 1.0003421724881949 936.50000000000011 4576.420000000001 0.00017000573769962796 7546.1900000000014 10106.105000000001 67186.000000000015 55711.070000000007 17574.100000000002 5966.4650000000011 0.99666168916166942 59917.450000000004 64533.500000000007 18935.000000000004 719.50000000000011 1.0002712123631272 30192.474218690262 3151.5000000000005 1.0041044937467958 60830.80000000001 0.01036085610993028 6871.7432865265664 57340.545000000006
decision_type=2 2 2 2 2 2 2 2 2 2 2 2 2 2 2 2 2 2 2 2 2 2 2 2 2 2 2 2 2 2
left_child=2 3 10 5 16 13 7 27 9 -6 -1 28 -13 14 -2 20 -3 -18 -19 21 -10 -9 -12 -11 -17 26 -5 -4 -7 -15
right_child=1 4 6 25 8 11 -8 19 15 23 22 12 -14 29 -16 24 17 18 -20 -21 -22 -23 -24 -25 -26 -27 -28 -29 -30 -31
leaf_value=-0.028912182756199913 -0.004651330995824942 0.02849559770249124 -0.012298101027225955 0.0077426120273271157 0.01786601326223337 0.019823095709536762 -0.016731923694020961 -0.0047665946837290299 0.0083957082439248144 -0.00053012107660618791 -0.019848976585844762 -0.0071135249557058291 0.0018493077959035337 0.014682709497211139 0.0031157647231346928 0.0081454028805796434 0.0098218429463972981 0.0047535736256110652 -0.003078968560934695 0.11306416073607928 0.018148150450491212 0.0043697641131809212 -0.011886975486529752 0.0077812755417093265 0.013212436828314966 0.015950232272212133 -0.0012407603906081932 -0.0066736265942296622 0.079061857832239721 -0.013027019862688661
leaf_weight=8338.1726265996695 63214.574636951089 1462.060209274292 32461.8907250911 26404.249752700329 6474.7141188681126 1012.2605836242437 15012.866121426225 32915.685799218714 10268.272445142269 17946.227075606585 28628.859423868358 16199.203646495938 155171.38697636127 682.10375982522964 22316.310963734984 69882.039812609553 19423.50358068943 52253.215339422226 17113.586510971189 55.417522415518761 26355.335544735193 10489.862627163529 14448.140870735049 17282.458981007338 35150.167628198862 5756.9169967025518 9842.8242757320404 35840.712190002203 179.97361390292645 12416.073950007558
leaf_count=96611 225746 1906 193811 70923 8540 2576 99014 177825 15523 34765 259694 60655 494863 2183 75298 123832 33039 104398 38062 246 34366 42656 122433 31764 51667 13474 29931 197701 373 50654
internal_value=0.000529805 0.00405715 -0.0110862 0.000363485 0.00828519 -0.000627627 -0.00784367 -0.00664974 0.0100283 0.00577035 -0.0190814 0.00119389 0.00100208 -0.00381458 -0.00262478 0.0112819 0.00474374 0.00435264 0.0028212 -0.00241117 0.0154138 -0.0025586 -0.0171785 0.00354728 0.00984114 0.00676244 0.00530319 -0.00934675 0.0287655 -0.011584
internal_weight=764999 586807 178192 313196 273612 271192 126776 111764 183359 41703.4 51415.2 172563 171371 98629.1 85530.9 141656 90252.4 88790.3 69366.8 43461 36623.6 43405.5 43077 35228.7 105032 42004 36247.1 68302.6 1192.23 13098.2
internal_count=2694529 1504538 1189991 1026676 477862 912348 711253 612239 300457 75069 478738 558467 555518 353881 301044 225388 177405 175499 142460 220727 49889 220481 382127 66529 175499 114328 100854 391512 2949 52837
is_linear=0
shrinkage=0.05


Tree=68
num_leaves=31
num_cat=0
split_feature=28 28 28 7 25 25 7 7 25 6 25 0 25 11 9 16 6 9 7 28 6 20 14 21 28 10 15 0 28 19
split_gain=15342.2 3201.76 3006.37 663.865 618.519 537.317 449.199 338.084 324.232 347.464 305.23 261.582 240.897 237.51 280.399 266.097 230.64 241 226.902 215.408 210.559 206.628 205.896 245.938 204.052 199.054 191.409 188.59 187.297 182.588
threshold=0.00057551013989036155 0.00098349761705273362 0.0003223324648619915 0.018799466536822729 0.99910587658190597 0.99950229718678862 0.0039501008507197193 0.0080194636026156407 0.99785169511768923 0.076888717181986935 0.9993294260385811 1116.5000000000002 0.99778023562549223 8093.5000000000009 8093.5000000000009 9896.3650000000016 0.030626896877441981 42545.025000000009 0.019436421078778101 0.00039049417403495964 0.010241036779642035 6603.0750000000007 107516.30000000002 105207.20000000001 0.0014700767713260591 59726.250000000007 9988.7850000000017 520.50000000000011 0.00078104522337321886 64743.055000000008
decision_type=2 2 2 2 2 2 2 2 2 2 2 2 2 2 2 2 2 2 2 2 2 2 2 2 2 2 2 2 2 2
left_child=2 5 6 22 12 11 -1 27 -5 24 -8 29 -4 15 -15 -12 19 -18 21 -9 -20 -7 23 26 -10 -22 -3 -6 -23 -2
right_child=1 3 4 8 7 18 10 16 9 -11 13 -13 -14 14 -16 -17 17 -19 20 -21 25 28 -24 -25 -26 -27 -28 -29 -30 -31
leaf_value=-0.027809272067229857 0.0025315634332225608 -0.0026669623796187316 0.009927635877647412 0.012450460388927465 -0.014469239054240746 0.023446130279921665 -0.0069680076244658593 -0.013836050971374145 0.0052486680162975715 0.01366463073813998 -0.0022894989667065447 0.0066247144901476242 -0.003037813302606262 0.10638444245865204 -0.020754451928486229 0.10226258323400231 0.0019150175720853404 -0.012058156487918787 0.0065317710055874528 -0.0068290440203455857 0.00055103050568297443 -0.0048304722685575657 0.029211660098952444 -0.043080431165351769 0.0093788354179370828 -0.010383892976401347 0.0052964135729973239 -0.0081801826290175805 -0.0002421404003286376 -0.0050482588748311458
leaf_weight=16855.074551306665 56816.879928946495 8239.644608348608 4062.5877031236887 69964.86004114151 32937.264222584665 744.40611323714256 5388.3350642025471 14008.30970710516 63649.784242212772 25036.253309845924 863.78680191189051 39267.642195880413 30321.979313731194 43.427685283124447 31017.320004910231 65.470239736139774 12019.777043454349 4151.6194439232349 13814.097722753882 50539.932322278619 46723.812993749976 55811.230779469013 849.8140724003315 270.90384265780449 56407.651298969984 4568.7374594062567 89616.787187665701 18681.199100524187 36977.096684262156 9236.5843093544245
leaf_count=162686 171387 16600 14760 103384 196796 2050 42289 92974 128815 35976 6267 98849 137771 198 277654 370 56780 22441 41263 245657 137301 202718 1526 616 81066 14881 172921 93528 104126 30879
internal_value=0.000399364 0.0046833 -0.0108069 0.00809509 -0.00748054 0.000624277 -0.0210328 -0.00903288 0.00965468 0.00830654 -0.0179771 0.0033929 -0.00150593 -0.0198315 -0.0205767 0.00507665 -0.00701195 -0.00167226 -0.00121382 -0.00834971 0.00105266 -0.00279148 0.00470641 0.00449418 0.00718918 -0.000422967 0.00462589 -0.0121932 -0.00300198 0.00147164
internal_weight=798952 577996 220956 314036 166723 263960 54233.4 132338 215059 145094 37378.3 105321 34384.6 31990 31060.7 929.257 80719.6 16171.4 158639 64548.2 65106.6 93532.7 98977.1 98127.3 120057 51292.6 97856.4 51618.5 92788.3 66053.5
internal_count=2694529 1344358 1350171 540904 860707 803454 489464 708176 349241 245857 326778 301115 152531 284489 277852 6637 417852 79221 502339 338631 193445 308894 191663 190137 209881 152182 189521 290324 306844 202266
is_linear=0
shrinkage=0.05


Tree=69
num_leaves=31
num_cat=0
split_feature=28 28 28 0 28 28 9 7 7 0 5 15 21 6 0 28 11 25 9 22 15 19 20 9 15 0 28 9 11 12
split_gain=35578 11153.9 7054.17 2151.45 1493.25 1151.77 953.568 871.544 754.619 733.326 884.421 657.111 603.05 532.141 480.132 455.851 442.764 430.303 447.638 1251.47 414.931 410.158 391.398 378.197 691.532 408.465 359.19 352.744 344.08 335.919
threshold=0.00090897449844592234 0.00039649984288031684 0.0017326155954607851 628.50000000000011 0.00024839727732282348 0.0012860900268170012 8093.5000000000009 0.041303064857687137 0.035528413147281952 335.50000000000006 1269.5000000000002 9988.7850000000017 66842.450000000012 0.062439781912884712 359.50000000000006 0.00069600966811221153 5905.0000000000009 0.99623940255544496 33578.765000000007 31347.500000000004 51867.000000000007 17755.500000000004 8590.260000000002 17574.100000000002 31587.600000000002 1648.5000000000002 0.0023996687828505086 28619.000000000004 15581.300000000001 17594.115000000002
decision_type=2 2 2 2 2 2 2 2 2 2 2 2 2 2 2 2 2 2 2 2 2 2 2 2 2 2 2 2 2 2
left_child=1 4 5 6 28 17 11 13 12 22 -11 16 15 -4 -6 -5 -3 -2 19 -19 -20 29 -8 24 -7 27 -9 -25 -1 -10
right_child=2 3 7 8 14 23 9 26 21 10 -12 -13 -14 -15 -16 -17 -18 18 20 -21 -22 -23 -24 25 -26 -27 -28 -29 -30 -31
leaf_value=0.015124911569701863 -0.015923820155920181 -0.017390210485206913 -0.01741216580078768 0.0018976761019253545 0.017367571614252411 -0.013037648634266354 3.2664893139781172e-05 -0.026416843035887035 -0.00079072476906950266 0.0019014746552194523 0.0098447262184929944 -0.027188800738406179 0.0069187572032812089 -0.02968521744917765 0.010974399946668791 -0.0030359386387941432 0.0023841445756860365 -0.0042846463998032968 0.0038589707246281788 -0.015376597970719191 -0.0054336593785822198 -0.0044880233296236199 0.011725828389662274 0.010329679614692104 -0.028248895272163406 -0.014897322189336044 -0.035714606123671368 -0.0087239649191502271 0.026843474339849932 -0.029973786241987828
leaf_weight=7464.9789333790541 13048.61376619339 3385.7011912763119 31771.348010867834 102302.61583942175 62632.028299614787 22290.893858641386 7935.6308009922504 21453.755875721574 1474.8334746360779 99663.773513823748 54046.59264279902 2676.1993730068207 33508.985086232424 12232.544334769249 55294.839499369264 86330.251055002213 17271.602926671505 65795.083216637373 15199.846103340387 41450.352793961763 57288.809504151344 52059.572324037552 72880.418339654803 2716.5428515970707 11238.993939906359 37416.532262891531 20137.538485661149 22955.666859686375 38935.044237792492 2975.5436887443066
leaf_count=40779 21058 6434 52354 244430 270600 36739 20879 34467 3062 258778 148061 5252 83934 19389 211238 170177 42481 118437 28809 67341 102994 107806 215334 5239 17232 60331 32369 38686 224864 4975
internal_value=-0.000688942 0.00596214 -0.0131193 0.00247124 0.0173596 -0.00938976 0.00576267 -0.025729 -0.000574605 0.00672174 0.00469443 -0.00387694 0.000737747 -0.0208239 0.0143699 -0.000360256 -0.000856843 -0.00715671 -0.00652022 -0.00857168 -0.00348513 -0.00573349 0.0105776 -0.0138454 -0.0181364 -0.0115648 -0.0309186 -0.00670778 0.0249582 -0.0203027
internal_weight=1.07584e+06 700839 374997 536512 164327 289401 257860 85595.2 278652 234526 153710 23333.5 222142 44003.9 117927 188633 20657.3 192783 179734 107245 72488.7 56509.9 80816 96618.6 33529.9 63088.7 41591.3 25672.2 46400 4450.38
internal_count=2694529 2059084 635445 1311603 747481 496866 697219 138579 614384 643052 406839 54167 498541 71743 481838 414607 48915 338639 317581 185778 131803 115843 236213 158227 53971 104256 66836 43925 265643 8037
is_linear=0
shrinkage=0.05


Tree=70
num_leaves=31
num_cat=0
split_feature=28 28 28 25 0 2 6 10 15 21 14 25 6 7 7 28 0 21 7 19 16 10 11 7 25 13 19 14 7 21
split_gain=11234.4 3298.2 1730.59 698.619 679.786 732.513 605.563 549.559 749.869 514.284 742.87 468.829 427.976 397.293 458.683 378.405 372.063 362.284 334.752 279.894 262.26 244.446 243.257 234.564 223.013 218.577 207.102 189.2 413.865 181.303
threshold=0.00052402322918579435 0.001011291859212051 0.00031906248498091979 1.0023416804681731 1992.5000000000002 56591.788060788625 0.013107544719848823 4576.420000000001 18935.000000000004 67186.000000000015 63796.090000000004 0.99989047721275381 0.059590159780262782 0.00841190240637151 0.034957527535610634 0.00017000573769962796 486.50000000000006 67186.000000000015 0.0054380819459241862 17574.100000000002 104646.85000000002 8715.8650000000016 8343.9550000000017 -1.0000000180025095e-35 1.0002712123631272 66800.000000000015 9124.010000000002 10241.000000000002 0.0023896926330600212 107721.65000000001
decision_type=2 2 2 2 2 2 2 2 2 2 2 2 2 2 2 2 2 2 2 2 2 2 2 2 2 2 2 2 2 2
left_child=2 3 15 6 5 7 17 26 -9 11 12 -4 -11 20 -15 -1 21 18 -2 -6 -8 -13 27 -24 -25 -7 -3 -17 -29 -19
right_child=1 4 9 -5 19 25 13 8 -10 10 -12 16 -14 14 -16 22 -18 29 -20 -21 -22 -23 23 24 -26 -27 -28 28 -30 -31
leaf_value=-0.028463286425144719 0.0051773336593023238 0.0085666644388751167 -0.010014469972813475 0.0077185359031080331 0.0154109189825219 -0.012181276251253263 0.0060151379114828938 -0.00079056141424089241 0.0079416127560383298 0.23404325238350221 -0.017559860979123786 0.0059075775256763451 -0.019462477816324892 -0.0020069235817533398 0.0044410497798716394 -0.0025200137076578808 0.001002237292434312 -0.014976780075396337 -0.00391270316644608 0.009357476276945588 -0.035549376728869909 -0.0080858558439893952 0.093796953414227044 -0.020153326033505212 -0.012249209196561285 -0.00023743685467805632 0.023524038006690659 0.22168267201771932 -0.00074501925774570822 0.020795609152856234
leaf_weight=7936.6220149025321 11603.769657850266 3630.3008590340614 48724.859609387815 27901.788472056389 23914.410250261426 5480.2344866394997 39098.70359697938 31706.238834276795 109472.56601639092 46.396675020456314 13331.893540419638 3445.9579265937209 25.966622605919838 93380.540261670947 39141.555896103382 1728.862108103931 26670.307034060359 8302.5826342403889 79647.366360068321 94760.870665505528 383.23255532979965 33081.042232215405 47.395660378038883 26596.827182732522 13430.420363180339 12724.507445439696 6383.9783961176872 30.516787737607956 66.455013416707516 369.98436863720417
leaf_count=96611 41463 4843 280373 73621 31325 13158 131557 63886 201547 140 89756 18080 138 308782 118399 13002 123092 35184 282673 155991 1564 199674 240 250767 117407 30923 8169 174 537 1453
internal_value=0.000543186 0.00385475 -0.0105714 0.000183876 0.00767544 0.00564247 -0.000589235 0.00678338 0.00598052 -0.00743744 -0.0166927 -0.006329 0.143076 0.00120917 -0.000102458 -0.0184526 -0.00348751 -0.00368493 -0.00275679 0.0105773 0.00561169 -0.00676572 -0.0165564 -0.0173696 -0.0175012 -0.00383293 0.0181018 0.00129189 0.0692524 -0.0134507
internal_weight=763066 587903 175164 299830 288073 169398 271928 151193 141179 125326 13404.3 111922 72.3633 172004 132522 49837.1 63197.3 99923.7 91251.1 118675 39481.9 36527 41900.5 40074.6 40027.2 18204.7 10014.3 1825.83 96.9718 8672.57
internal_count=2694529 1504538 1189991 994696 509842 322526 921075 278445 265433 711253 90034 621219 278 560302 427181 478738 340846 360773 324136 187316 133121 217754 382127 368414 368174 44081 13012 13713 711 36637
is_linear=0
shrinkage=0.05


Tree=71
num_leaves=31
num_cat=0
split_feature=28 28 28 25 7 25 7 0 6 9 15 19 12 13 10 25 19 15 21 28 10 13 21 27 7 14 21 6 11 18
split_gain=13810.1 3389.54 2349.04 638.39 636.777 460.501 396.424 369.135 323.559 312.514 611.418 457.343 445.371 280.688 276.44 273.816 269.663 284.689 259.272 251.958 238.888 238.665 234.794 220.682 219.93 216.477 248.391 215.308 198.619 355.474
threshold=0.00053399869004048422 0.00096574323962213618 0.00031262984700720361 0.99987929188743507 0.019655968332960572 0.99919833689448512 0.0039501008507197193 1116.5000000000002 0.030626896877441981 17574.100000000002 39054.290000000008 43890.67500000001 31958.650000000005 67186.000000000015 103652.60000000002 0.99954244848821305 64743.055000000008 63822.490000000013 16195.500000000002 0.0006447210912065329 6667.9750000000013 9937.5000000000018 23738.500000000004 30.412500000000005 0.011275508228076278 107516.30000000002 105207.20000000001 0.023391995421617229 8529.9500000000025 9036.5500000000011
decision_type=2 2 2 2 2 2 2 2 2 2 2 2 2 2 2 2 2 2 2 2 2 2 2 2 2 2 2 2 2 2
left_child=2 3 6 7 25 23 -1 16 20 12 22 -12 18 -10 -15 -8 17 -2 -6 -5 -7 -22 -11 -4 -18 26 -3 -14 -17 -30
right_child=1 4 5 19 9 8 15 -9 13 10 11 -13 27 14 -16 28 24 -19 -20 -21 21 -23 -24 -25 -26 -27 -28 -29 29 -31
leaf_value=-0.027619871417854221 0.0010478237389295315 0.0043521624223868153 -0.010094618503091932 -0.0054182552647439432 0.012289114843958407 0.019878080571969912 -0.0095930691323655067 0.0063840056691821054 -0.00024935978036284368 0.0055098435191140568 0.011671039187203081 0.0051548185468393674 0.029776765737764173 -0.014334900566565013 0.17426024218394437 0.0017461270579233789 -0.014281455520568687 0.01222952573537341 0.0060375545446932476 -0.00087457842524891723 -0.02134006290783616 -0.010541011418878067 -0.0055493286830571344 -0.00034090329101215452 -0.001077993391909052 0.028003464143531755 -0.042647666861909794 0.015883923588162936 0.1744255387002015 -0.021462074616104172
leaf_weight=15301.950768843293 74923.075601577759 107659.57024255395 7735.4783110246062 43163.631411984563 42114.666385948658 622.26284274458885 7651.5432927906513 42798.047334864736 14318.492488175631 8703.6047071814537 66375.699169546366 45307.348051309586 3723.3756917417049 5354.2649932652712 19.501087635755539 974.45759559422731 4810.0154584348202 6160.4510340243578 27359.579361766577 104084.33804027736 5454.9218736067414 82423.020122304559 10698.99803173542 23167.768121525645 9160.1942334920168 966.08427545428276 281.85080564022064 11110.73696449399 23.181854970753193 24290.025242522359
leaf_count=155771 241832 209555 41726 174550 64343 2423 65318 110821 73590 17616 105198 84295 4528 31930 90 7323 18785 19274 39241 313917 33574 475702 21095 105178 31208 1727 664 13819 182 229254
internal_value=0.000410048 0.00405985 -0.0114627 8.27725e-05 0.00755619 -0.00816539 -0.0209698 0.00252808 -0.00970295 0.00913162 0.00760425 0.00902755 0.0115064 -0.00390636 -0.0136505 -0.0178805 0.000791941 0.00189737 0.00982719 -0.00220649 -0.0109928 -0.0112114 -0.000588414 -0.00278238 -0.00562401 0.00444033 0.00422944 0.019371 -0.0203882 -0.0212753
internal_weight=796738 609401 187337 285100 324302 139096 48241.2 137852 108192 215394 131086 111683 84308.4 19692.3 5373.77 32939.2 95053.7 81083.5 69474.2 147248 88500.2 87877.9 19402.6 30903.2 13970.2 108908 107941 14834.1 25287.7 24313.2
internal_count=2694529 1472468 1222061 910387 562081 764213 457848 421920 617309 350135 228204 189493 121931 105610 32020 302077 311099 261106 103584 488467 511699 509276 38711 146904 49993 211946 210219 18347 236759 229436
is_linear=0
shrinkage=0.05


Tree=72
num_leaves=31
num_cat=0
split_feature=28 28 28 0 28 28 9 7 9 13 11 0 5 15 22 6 0 11 5 9 11 15 2 25 9 8 28 28 11 14
split_gain=32107.5 10171.7 6740.82 1895.72 1511.87 1069.62 862.543 853.937 715.182 1189.41 1817.62 670.729 842.493 605.106 597.03 517.664 486.449 409.973 424.843 712.314 403.041 378.971 366.398 361.009 398.984 566.106 360.156 352.19 350.54 333.697
threshold=0.00090897449844592234 0.00040236851738306153 0.0017326155954607851 628.50000000000011 0.00024839727732282348 0.0012860900268170012 8093.5000000000009 0.041303064857687137 19035.500000000004 39956.450000000004 37423.085000000006 339.50000000000006 1269.5000000000002 9988.7850000000017 24410.950000000001 0.062439781912884712 491.50000000000006 5041.8100000000004 601.50000000000011 17574.100000000002 5905.0000000000009 8312.3650000000016 64015.907926774868 0.99666168916166942 31911.415000000005 30579.050000000003 0.0023996687828505086 0.00015446892978425119 18581.500000000004 31815.000000000004
decision_type=2 2 2 2 2 2 2 2 2 2 2 2 2 2 2 2 2 2 2 2 2 2 2 2 2 2 2 2 2 2
left_child=1 4 5 6 27 17 13 15 14 -10 -11 21 -13 20 28 29 22 -2 -19 -20 -3 -8 -6 -7 25 -25 -9 -1 -5 -4
right_child=2 3 7 8 16 23 11 26 9 10 -12 12 -14 -15 -16 -17 -18 18 19 -21 -22 -23 -24 24 -26 -27 -28 -29 -30 -31
leaf_value=0.03195109272183936 -0.030702737696822781 -0.016633060143604602 -0.010498072048362284 -0.0071709696720476919 0.01418187377923205 -0.020158481171512747 -0.046913509872065544 -0.02566537469381008 0.0077982194452283597 -0.0097716457853599184 0.0016840723020202669 0.0015489346670746968 0.009413743075087631 -0.026120832649153304 -0.022801224531583911 -0.028958148473640095 0.0082553538229066924 0.0022957465449030853 -0.013162855361963075 -0.0055049960321526519 0.0022409975226578027 0.010209134887136938 0.023694934140987663 -0.0094752998902384918 -0.0071066200978198565 -0.019929655440399423 -0.035076949471097331 0.021707493529620363 0.0025259842371865579 -0.020994298238447194
leaf_weight=11178.880722254515 1772.5960618853569 3390.3250266611576 12708.000400513411 31070.548909068108 77896.727435842156 15716.573072135448 291.41549217700958 21084.898528933525 45552.045175939798 46460.234269946814 135935.49699501693 96374.009732216597 52655.237117558718 2687.8069766759872 4813.786661952734 12002.569057285786 32241.070643752813 12684.71702876687 38835.991237014532 139245.6804228723 17069.017154037952 79795.807984948158 11633.27263776958 27054.111089557409 28391.24151596427 24837.389138579369 19627.193619310856 33645.855032920837 13313.184582769871 18737.007346957922
leaf_count=74134 2539 6423 22053 63722 331436 24698 437 34467 107292 90668 310537 249106 144347 5233 8453 19389 117571 24266 64885 246949 41922 233391 53395 45817 48207 39505 32369 191509 29508 30301
internal_value=-0.000705583 0.00563629 -0.0125489 0.00224554 0.0164114 -0.00891728 0.00538162 -0.0249997 -0.000608995 0.000570995 -0.00123395 0.00631092 0.00432774 -0.00381678 -0.00607627 -0.0201243 0.0135215 -0.00676768 -0.00654528 -0.00717502 -0.000886629 0.0100013 0.015418 -0.0132286 -0.0118719 -0.0144792 -0.0302027 0.0242622 -0.00426231 -0.0167524
internal_weight=1.0687e+06 696005 372698 529409 166596 288538 252264 84159.7 277145 227948 182396 229116 149029 23147.1 49197.5 43447.6 121771 192539 190766 178082 20459.3 80087.2 89530 95999.3 80282.7 51891.5 40712.1 44824.7 44383.7 31445
internal_count=2694529 2059084 635445 1291039 768045 496866 680859 138579 610180 508497 401205 627281 393453 53578 101683 71743 502402 338639 336100 311834 48345 233828 384831 158227 133529 85322 66836 265643 93230 52354
is_linear=0
shrinkage=0.05


Tree=73
num_leaves=31
num_cat=0
split_feature=28 28 28 6 6 7 18 7 25 15 16 7 28 6 0 10 12 15 0 8 19 7 15 21 14 11 25 0 0 6
split_gain=10097 2965.02 1610.35 697.497 585.88 502.136 499.383 492.257 450.416 405.433 455.894 386.712 375.581 363.824 334.596 410.096 327.356 302.266 299.772 293.563 287.493 280.992 267.511 266.712 260.269 235.693 223.522 217.752 215.932 207.295
threshold=0.00052402322918579435 0.0010529630938437486 0.00031906248498091979 0.010940551331514404 0.022854437267959483 0.0087162635244119793 69093.85000000002 0.034957527535610634 1.0003421724881949 67186.000000000015 65121.900000000009 0.0056965545421347498 0.00017000573769962796 0.094233548263830291 815.50000000000011 4576.420000000001 57532.545000000006 71081.10000000002 387.50000000000006 5966.4650000000011 17574.100000000002 0.080234008440128443 18935.000000000004 52965.700000000004 59917.450000000004 8343.9550000000017 1.0002712123631272 719.50000000000011 3151.5000000000005 0.010126392171501327
decision_type=2 2 2 2 2 2 2 2 2 2 2 2 2 2 2 2 2 2 2 2 2 2 2 2 2 2 2 2 2 2
left_child=2 3 12 9 19 16 8 13 29 10 11 -2 -1 -7 15 -6 18 -9 -5 -3 22 24 -16 -18 -21 -14 -27 -10 -22 -4
right_child=1 4 6 5 14 7 -8 17 27 -11 -12 -13 25 -15 20 -17 23 -19 -20 21 28 -23 -24 -25 -26 26 -28 -29 -30 -31
leaf_value=-0.02804410489312624 0.006350354918647827 0.026351455645963879 -0.011614336744027398 0.00019031225029600101 0.016413187143724882 -0.0018565233579814933 -0.018280473092772278 0.0036951364657136516 -0.0042638259546545565 -0.011973182490124875 0.035644584189028536 -0.0039006124644282471 0.0017251556348403007 0.011534021629686995 0.0075542756880812361 0.0019712335854327246 0.037007222902727961 0.021518844335905035 0.0099899609933068179 0.004558780156343336 0.007269113018824146 0.012287229570654687 0.016436588326357995 -0.0030192452990726562 -0.0020136734472690496 -0.019450510264940879 -0.011441314364728138 0.0038013165334508034 0.012024341960137921 -0.006154718317045893
leaf_weight=7586.2103813290596 10723.321983978152 1468.0400297045708 32380.356114126742 10010.451369971037 6002.9183558225632 114791.05393631756 9199.3858042359352 49829.99581438303 33786.020190998912 11893.914944753051 793.85997092723846 64773.264484450221 1807.0154614895582 5307.1738015562296 12143.735995054245 27137.234140455723 432.12048329412937 2497.9007671028376 35403.229004338384 58138.953161925077 73747.785182863474 8781.4070715010166 28072.085275292397 11286.747016713023 20330.032908171415 25803.68547334522 13151.039770506322 11124.821764983237 35300.847301334143 37545.938567563891
leaf_count=96611 37337 1893 200165 37669 7864 371642 64012 144788 187168 48587 2884 226779 13713 14017 18450 50997 1163 7624 103709 112307 129815 14695 36465 41363 43215 250877 117537 46043 51275 213865
internal_value=0.000554514 0.00367013 -0.0100884 0.000392795 0.00751101 0.00184475 -0.0070713 0.000498656 -0.00617335 -0.00338688 -0.00204825 -0.00244459 -0.0178289 -0.00126479 0.00913199 0.00458721 0.00590725 0.00454596 0.00782984 0.00417826 0.010141 0.00380518 0.0137544 -0.00154331 0.00285596 -0.0159277 -0.0167466 -0.00226602 0.00880846 -0.00868287
internal_weight=761251 588866 172384 317743 271123 229559 124037 172426 114837 88184.4 76290.4 75496.6 48348 120098 182405 33140.2 57132.5 52327.9 45413.7 88718.4 149264 87250.4 40215.8 11718.9 78469 40761.7 38954.7 44910.8 109049 69926.3
internal_count=2694529 1504538 1189991 1037562 466976 721975 711253 538071 647241 315587 267000 264116 478738 385659 294866 58861 183904 152412 141378 172110 236005 170217 54915 42526 155522 382127 368414 233211 181090 414030
is_linear=0
shrinkage=0.05


Tree=74
num_leaves=31
num_cat=0
split_feature=28 28 28 25 28 7 7 25 0 19 14 6 6 28 25 20 6 19 15 11 12 15 11 10 6 9 7 12 14 22
split_gain=12452.2 3267.66 1988.05 657.91 596.846 396.968 391.307 383.464 368.808 295.684 548.994 393.538 291.934 291.151 268.505 246.156 325.167 220.74 242.926 216.06 905.893 344.4 193.948 336.044 192.496 219.807 190.611 189.171 180.369 176.374
threshold=0.00051415629007239762 0.00096574323962213618 0.00031262984700720361 0.99987929188743507 0.0017326155954607851 0.0039501008507197193 0.0085144492123766496 0.99709589270562893 956.50000000000011 43890.67500000001 58245.600000000006 0.022596075031587629 0.017979090215201447 0.0006447210912065329 0.99954244848821305 61188.450000000004 0.008438297263580672 64743.055000000008 63621.590000000004 24679.000000000004 29081.300000000003 19930.250000000004 8529.9500000000025 8715.8650000000016 0.099934872867681337 60170.500000000007 0.00841190240637151 9662.5000000000018 104213.70000000001 29894.290000000005
decision_type=2 2 2 2 2 2 2 2 2 2 2 2 2 2 2 2 2 2 2 2 2 2 2 2 2 2 2 2 2 2
left_child=2 3 5 8 7 -1 19 -3 17 10 -9 -11 15 -5 -7 16 -8 18 -2 20 21 -4 27 -24 28 -26 -19 -16 -14 -22
right_child=1 4 6 13 -6 14 12 9 -10 11 -12 -13 24 -15 22 -17 -18 26 -20 -21 29 -23 23 -25 25 -27 -28 -29 -30 -31
leaf_value=-0.027173949862236726 0.00052419185400236885 0.010390903936297557 -0.013372831165948649 -0.0054684838096898192 0.010259284014505156 -0.0089664042391817429 -0.0023637183602685289 0.0051465237246063446 0.0054818468897226587 0.0063280995949469903 0.017951063384963578 -0.0023539177288789594 -0.0026083912753471737 -0.00084390650251016603 -0.0051795694812154158 -0.016241810033266333 -0.011502718294472875 -0.017334973023126917 0.011351683589685762 -0.014313516445985497 0.2369651565378062 -0.00021894227413763834 0.19920099849058537 -0.020845034190546428 0.021160143250165298 0.17108664920397021 -0.0025224237460934758 0.068687783434380464 0.038591188483927702 -0.038432897739023565
leaf_weight=14700.378324665129 70106.324506431818 36063.815813273191 12700.500602841377 50586.13601975143 104656.62962496281 7495.0734277516603 21114.512028574944 123066.49854624271 56628.775372862816 23897.844757944345 8982.0087920129299 28760.18497890234 24202.735460557044 104014.71465457976 867.88300770521164 7919.2128885239363 18056.429607510567 2804.9438846558332 5593.6710552722216 30151.142172388732 44.999817408621311 8181.898649469018 17.363208651542664 23506.862250693142 495.09499377012253 25.716809511184692 9622.2589720189571 96.290434643626213 268.60267542302608 6.6762247681617728
leaf_count=155771 235305 60642 78164 210004 138579 65318 117153 235387 150257 50210 16956 60307 126522 313917 6647 47155 99855 12032 18226 181746 137 45453 48 229388 2301 98 34834 676 1402 39
internal_value=0.000417719 0.00368118 -0.0115866 -8.89446e-05 0.00714928 -0.0203731 -0.00825634 0.00567497 0.00233346 0.00475419 0.0060175 0.00158625 -0.0058838 -0.00235709 -0.0172473 -0.00820191 -0.00657648 0.000310366 0.00132426 -0.011604 -0.00770162 -0.00821903 -0.0197818 -0.0206826 -0.00151601 0.0285633 -0.00586576 0.00219744 -0.00215618 0.201385
internal_weight=794635 624784 169851 299357 325427 46683.9 123168 220770 144756 184707 132049 52658 72082.3 154601 31983.5 47090.2 39170.9 88127.2 75700 51085.2 20934.1 20882.4 24488.4 23524.2 24992.1 520.812 12427.2 964.173 24471.3 51.676
internal_count=2694529 1536656 1157873 974575 562081 457848 700025 423502 450654 362860 252343 110517 394486 523921 302077 264163 217008 300397 253531 305539 123793 123617 236759 229436 130323 2399 46866 7323 127924 176
is_linear=0
shrinkage=0.05


Tree=75
num_leaves=31
num_cat=0
split_feature=28 28 28 0 28 28 28 9 9 13 11 22 0 9 14 15 11 11 9 9 13 19 11 14 9 9 22 11 11 9
split_gain=29001.8 8784.1 6939.92 1745.75 1313.54 1010.87 944.283 848.072 741.043 1207.49 1853.89 667.048 522.413 521.505 702.035 520.351 408.108 378.901 374.962 691.472 412.359 505.684 373.437 1173.84 796.501 612.049 353.578 353.111 348.709 340.749
threshold=0.00087326496648052994 0.0003877098281998322 0.0016419030941401543 540.50000000000011 0.00021395048755677609 0.0023996687828505086 0.0011969887899318525 8093.5000000000009 19035.500000000004 39956.450000000004 37423.085000000006 24410.950000000001 355.50000000000006 51511.750000000007 11990.790000000003 9988.7850000000017 8814.3000000000011 5905.0000000000009 17574.100000000002 16882.500000000004 37561.450000000004 32640.665000000005 37423.085000000006 31815.000000000004 26502.500000000004 20105.600000000002 24803.700000000001 18581.500000000004 5041.8100000000004 17574.100000000002
decision_type=2 2 2 2 2 2 2 2 2 2 2 2 2 2 2 2 2 2 2 2 2 2 2 2 2 2 2 2 2 2
left_child=1 4 6 7 -1 29 22 15 11 -10 -11 27 16 14 -9 17 -6 -3 19 28 -20 -22 23 25 -25 -2 -14 -5 -8 -4
right_child=2 3 5 8 12 -7 18 13 9 10 -12 -13 26 -15 -16 -17 -18 -19 20 -21 21 -23 -24 24 -26 -27 -28 -29 -30 -31
leaf_value=0.026175211558261698 -0.0047169184691390285 -0.016947092654797852 -0.023664000791879185 -0.0060109271788381111 0.0057020867207792309 -0.030423629665409763 -0.028626662832888262 0.011586611277995212 0.0081735349501430351 -0.0089668797158128349 0.002302932987299854 -0.022541579511862923 0.0027879968454405592 0.014787751948441489 0.0042938993419887259 -0.025751524582978882 0.018362528841377745 0.0024576254126140555 -9.7180549320204817e-05 -0.023573817149614193 -0.017720892324448598 -0.0080066807182677929 -0.0026419130120251249 -0.029953672069631621 -0.010704886956308134 0.0098925082943029149 0.012593503235832172 0.003109065270745216 -0.0076479725550178575 -0.016310353740439126
leaf_weight=27806.260773867369 59144.175405859947 2989.411557674408 27866.771240279078 35900.813347131014 7110.8642233014107 31687.734958097339 2199.0127119719982 45329.956751719117 51505.847957313061 48082.894141793251 151371.30578878522 4949.1057465076447 11814.209247246385 20181.472943365574 121328.3471673578 2311.6434326171875 60707.34180752933 15873.734391778708 10590.157417237759 15208.069329977036 18587.708791464567 47972.890833288431 71297.353978216648 6141.3318688869476 43028.122549682856 8157.863162279129 41446.398182973266 15068.313310652971 19964.214554488659 36239.715299934149
leaf_count=180498 107057 5693 45564 76586 28452 53757 3376 133537 126030 97011 360003 8953 45720 67364 336018 4547 289954 39865 19041 24022 29594 81049 131686 8860 72836 16372 171513 34856 33921 60794
internal_value=-0.000720495 0.00567869 -0.0113907 0.00258573 0.0163751 -0.0231181 -0.00767432 0.00612194 0.000188739 0.00134854 -0.000413907 -0.00501642 0.0141245 0.00719671 0.00627747 -0.00336147 0.0170351 -0.000617614 -0.0112526 -0.0153634 -0.00926139 -0.0107195 -0.00549188 -0.00723648 -0.0131091 -0.00294607 0.0104185 -0.00331473 -0.00972946 -0.0195069
internal_weight=1.06186e+06 663778 398085 514893 148885 95794.2 302291 208015 306878 250960 199454 55918.2 121079 186840 166658 21174.8 67818.2 18863.1 114522 37371.3 77150.8 66560.6 187769 116471 49169.5 67302 53260.6 50969.1 22163.2 64106.5
internal_count=2694529 2006600 687929 1290463 716137 160115 527814 587024 703439 583044 457014 120395 535639 536919 469555 50105 318406 45558 191003 61319 129684 110643 336811 205125 81696 123429 217233 111442 37297 106358
is_linear=0
shrinkage=0.05


Tree=76
num_leaves=31
num_cat=0
split_feature=28 28 28 25 7 7 6 28 0 11 18 20 11 6 25 7 6 22 20 8 16 19 11 6 6 6 15 23 11 7
split_gain=9111.5 2635.11 1604.37 701.642 700.25 654.838 584.707 496.567 421.562 376.571 359.063 422.089 368.224 319.117 312.924 298.349 252.962 251.583 248.113 246.889 228.936 516.822 331.794 225.473 222.182 222.497 220.911 219.418 207.833 220.231
threshold=0.00068263696510311822 0.00035719209033190628 0.0013920962818645107 1.0004051335316542 0.00841190240637151 0.0489305177163167 0.014653284345499014 0.00018295972369697172 754.50000000000011 41129.445000000007 56858.370000000003 44534.630000000012 34375.000000000007 0.010126392171501327 1.0006191211394644 0.06458440090244276 0.059590159780262782 5913.0000000000009 11411.675000000001 69139.500000000015 58867.625000000007 56036.885000000002 41129.445000000007 0.13729076140470164 0.055677022687247425 0.086027389228426523 66422.525000000009 62955.250000000007 91701.450000000026 0.0062094159651382716
decision_type=2 2 2 2 2 2 2 2 2 2 2 2 2 2 2 2 2 2 2 2 2 2 2 2 2 2 2 2 2 2
left_child=1 7 4 13 10 6 18 -1 19 -8 11 12 -2 -3 -9 16 -4 -18 -6 -5 22 -22 -7 -19 -12 -26 27 -10 29 -15
right_child=2 3 15 8 5 20 9 14 26 -11 24 -13 -14 28 -16 -17 17 23 -20 -21 21 -23 -24 -25 25 -27 -28 -29 -30 -31
leaf_value=-0.026308689722971124 0.010050782630718231 -0.0092034424148191556 0.006146535065467364 -0.0022342000719114854 -0.012323373536295415 0.0065174714974200881 0.0037465902034251037 -0.015458329786915618 0.0058313722599196496 -0.0019830796939415397 -0.0018025976462173552 0.02088156329745847 -0.0027953240621516481 0.0018265769263890255 -0.0059738496116637837 0.012500416160683401 0.03832547108531046 0.012011540472329317 -0.002584599581022618 -0.017338542085381162 0.027943304675447145 0.0028923558473459704 -0.0076556820922660841 -0.00075793099627000473 0.026151073235025218 -0.018186445844204462 -0.0041468023529053688 0.04484150556031187 -0.022819498222103291 -0.005087239955442819
leaf_weight=8970.1547900363803 30173.279008507729 52898.351012863219 88584.599239736795 51424.543953992426 7402.9890645593405 40473.70490399003 98177.929967820644 45333.189094275236 24303.575107499957 40508.665302067995 12098.225414797664 7233.2345326691866 6843.6231577247381 14070.346166417003 10761.030185244977 40658.913106262684 833.93807089328766 29673.273703724146 56105.10894139111 2855.6730608344078 3724.3579018563032 4604.1307162195444 4598.4381274431944 3912.7436406910419 1404.2828862369061 354.35876770317554 6201.336447969079 365.8861146569252 1468.6431822702289 63499.694814905524
leaf_count=118255 77132 279761 142937 244122 23552 90596 239456 409456 82190 111477 35863 17472 18646 70149 81149 54025 940 41259 162089 18314 8166 12010 11965 5328 3640 1178 27279 1126 8569 296428
internal_value=0.000563902 -0.00655937 0.00477419 -0.00391403 0.0026805 0.00155414 0.000253526 -0.0153856 -0.000375704 0.00207302 0.007635 0.00983446 0.00767582 -0.00619764 -0.0136388 0.00878729 0.00755993 0.0111975 -0.00371983 -0.00302884 0.00647876 0.0140947 0.00507147 0.0105239 0.000611303 0.0172173 0.00428931 0.00640995 -0.00418594 -0.00383315
internal_weight=759518 282152 477366 217088 313702 255595 202195 65064.4 85151 138687 58107 44250.1 37016.9 131937 56094.2 163663 123005 34420 63508.1 54280.2 53400.6 8328.49 45072.1 33586 13856.9 1758.64 30870.8 24669.5 79038.7 77570
internal_count=2694529 1636798 1057731 1027938 813242 659311 536574 608860 373031 350933 153931 113250 95778 654907 490605 244489 190464 47527 185641 262436 122737 20176 102561 46587 40681 4818 110595 83316 375146 366577
is_linear=0
shrinkage=0.05


Tree=77
num_leaves=31
num_cat=0
split_feature=28 28 28 7 7 13 19 22 10 19 7 10 7 14 6 21 16 19 15 25 20 6 11 12 15 13 11 16 16 28
split_gain=11232.7 2924.77 1870.63 611.269 561.801 481.919 784.049 622.155 571.187 426.545 396.168 376.236 371.045 303.6 274.696 270.438 260.976 307.725 468.509 258.313 236.462 310.974 209.883 737.707 327.248 208.853 208.985 423.308 237.788 208.3
threshold=0.00051415629007239762 0.0010020240432439126 0.00031262984700720361 0.0088140652491739396 0.030902097987837069 31963.750000000004 48525.000000000007 36761.060000000005 44119.150000000009 17574.100000000002 0.0038676139815267585 42811.850000000013 0.0085144492123766496 107516.30000000002 0.017979090215201447 102609.05000000002 106414.30000000002 64743.055000000008 64734.705000000009 0.99947421956052895 61188.450000000004 0.0086326388100131605 24679.000000000004 29081.300000000003 19930.250000000004 69639.85000000002 42986.55000000001 47499.950000000004 58529.30000000001 0.0012476919881554123
decision_type=2 2 2 2 2 2 2 2 2 2 2 2 2 2 2 2 2 2 2 2 2 2 2 2 2 2 2 2 2 2
left_child=2 3 10 16 13 7 8 9 -7 -5 -1 -8 22 15 20 29 17 18 -2 -12 21 -14 23 24 -4 26 27 -6 -28 -3
right_child=1 4 12 5 25 6 11 -9 -10 -11 19 -13 14 -15 -16 -17 -18 -19 -20 -21 -22 -23 -24 -25 -26 -27 28 -29 -30 -31
leaf_value=-0.026846481307449994 -0.0035386149789627726 0.0025399371777380074 -0.012883731769814766 0.00045414977756075801 0.0099361467704663642 0.0041737000791981565 -0.01299293995627516 0.066837033343733587 0.015360593772737706 -0.0078955487390229718 -0.0076555366636498314 -0.00010241405953701825 -0.0022255213387160325 0.027822425703647419 -0.0013112900971422644 -0.026683850353789264 0.048452698198832155 -0.010442802907219564 0.013126198219357246 -0.018957034015937874 -0.015772873839648562 -0.011234881632984172 -0.013853170530228607 0.16826112123098075 6.1666213641983965e-07 0.0019631522908924019 0.019261564640222852 0.00080274688160237662 0.008638073217875018 0.0062849571381497459
leaf_weight=13786.064363591373 59630.447748765349 61052.452217310667 12490.632260844111 42499.524026751518 105148.50759255886 87712.798829883337 6200.9949781000614 324.63010202348232 13116.689309149981 23895.375936597586 6331.8549737557769 64949.845036745071 21581.880219019949 1430.0984890758991 24870.110997915268 684.3101153075695 239.29078939557076 14421.85531295836 4538.5154253542423 25094.323464110494 7783.613552942872 17220.418292306364 29672.051330663264 59.669260457158089 8139.8742750436068 9443.9778243303299 11118.01221755147 14426.80787551403 10009.66090258956 94757.499642491341
leaf_count=152210 210037 130559 78164 140831 155291 251376 20071 557 36493 79666 55658 205893 120506 2421 130323 1567 708 55667 15290 249980 47155 96502 181746 176 45453 16292 16589 24286 17278 155784
internal_value=0.000424879 0.00350045 -0.0110944 0.000133 0.00697128 0.00139371 0.00279303 -0.00221327 0.00562898 -0.00255089 -0.0197799 -0.00122586 -0.00787087 0.00488933 -0.00555422 0.00467976 -0.00368446 -0.0038432 -0.00235995 -0.01668 -0.00781932 -0.00622387 -0.0111578 -0.00729239 -0.00780014 0.00916107 0.00964419 0.0088342 0.0142285 0.00481751
internal_weight=792632 625601 167030 317530 308071 238700 171980 66719.5 100829 66394.9 45212.2 71150.8 121818 157924 71456 156494 78830.1 78590.8 64169 31426.2 46585.9 38802.3 50362.2 20690.2 20630.5 150147 140703 119575 21127.7 155810
internal_count=2694529 1536656 1157873 1016589 520067 734887 513833 221054 287869 220497 457848 225964 700025 290331 394486 287910 281702 280994 225327 305638 264163 217008 305539 123793 123617 229736 213444 179577 33867 286343
is_linear=0
shrinkage=0.05


Tree=78
num_leaves=31
num_cat=0
split_feature=28 28 28 0 28 0 9 14 11 7 9 9 0 5 7 0 6 15 11 21 10 9 28 13 19 14 11 22 22 6
split_gain=26245.8 8424.24 6092.13 1650.11 1352.65 925.748 969.766 2180.61 899.939 851.144 836.223 823.6 811.743 819.166 594.786 539.618 507.45 482.166 461.94 452.889 430.497 389.723 359.42 352.061 335.912 331.736 400.08 327.815 321.696 306.925
threshold=0.00090897449844592234 0.00039649984288031684 0.0017326155954607851 687.50000000000011 0.00021395048755677609 2233.5000000000005 31911.415000000005 33408.000000000007 5041.8100000000004 0.041303064857687137 26502.500000000004 47909.215000000004 187.50000000000003 1426.5000000000002 0.035528413147281952 355.50000000000006 0.062439781912884712 48531.500000000007 53417.500000000007 66842.450000000012 8715.8650000000016 8093.5000000000009 0.0023996687828505086 39956.450000000004 17755.500000000004 31815.000000000004 5041.8100000000004 39790.67500000001 24803.700000000001 0.031864549986801834
decision_type=2 2 2 2 2 2 2 2 2 2 2 2 2 2 2 2 2 2 2 2 2 2 2 2 2 2 2 2 2 2
left_child=1 4 5 11 -1 6 7 8 -2 16 -9 12 20 -14 19 21 25 27 -19 23 -3 -6 -11 -5 -16 26 -4 -8 29 -17
right_child=2 3 9 14 15 -7 17 10 -10 22 -12 -13 13 -15 24 28 -18 18 -20 -21 -22 -23 -24 -25 -26 -27 -28 -29 -30 -31
leaf_value=0.025543448579649738 -0.028277973884763309 0.0032827325425498228 -0.036815539578485809 0.0021221431558274754 -0.0045238582831394472 -0.013469146719454478 -0.004510819003892475 -0.027944983094969955 -0.0032471618900974074 -0.0243122186872749 -0.013491983978622973 0.010707444494071357 0.00059480734979571392 0.0084850558294165511 -0.019787772402371173 0.0055816184445222376 -0.027591059968799615 -0.0069881265786855013 0.0014871697605894766 0.0059536640619643642 0.014546183312594713 0.016819546059545745 -0.033911059351991908 -0.0025623525753391907 -0.0045551219923756379 -0.019588405452778221 -0.0061113968265343807 0.011668854093077392 0.011604622875261067 -0.017609409604221297
leaf_weight=26791.613295719028 3751.5528605133295 13524.579994872212 1171.2320613414049 66808.781585484743 2208.7537198811769 62339.067975729704 4753.4893414080143 13496.170617222786 83854.035969853401 20412.108100265265 38721.881810665131 47033.140105962753 159512.19284446537 41441.181832522154 3920.1349133551121 11207.061991527677 11560.873436555266 46117.764396131039 24681.887592464685 30299.86992739141 22759.081221789122 67526.304406136274 18674.147731825709 100355.89123767614 47147.732640624046 18273.920042023063 11267.160211592913 9169.7151404619217 44855.229569390416 1634.8164766132832
leaf_count=180498 5742 37457 1797 149511 7609 102631 8360 20716 150589 34467 63667 144100 406323 109509 6950 43927 19389 80401 46601 75434 71407 324023 32369 214343 96569 30301 20256 18159 185842 5582
internal_value=-0.000732879 0.00504009 -0.0115034 0.00206129 0.0153311 -0.00807857 -0.00658203 -0.00913979 -0.00431906 -0.0235797 -0.0172275 0.00466306 0.00346474 0.00222196 -0.000914603 0.013184 -0.0186622 -0.00236079 -0.0040335 0.000329304 0.0103478 0.0161435 -0.0288982 -0.000690154 -0.00572443 -0.0153012 -0.00900258 0.00614499 0.00960695 0.00262932
internal_weight=1.05527e+06 687026 368245 532803 154224 286886 224546 139824 87605.6 81359.4 52218.1 284270 237237 200953 248532 127432 42273.2 84722.9 70799.7 197465 36283.7 69735.1 39086.3 167165 51067.9 30712.3 12438.4 13923.2 57697.1 12841.9
internal_count=2694529 2059084 635445 1311603 747481 496866 394235 240714 156331 138579 84383 768796 624696 515832 542807 566983 71743 153521 127002 439288 108864 331632 66836 363854 103519 52354 22053 26519 235351 49509
is_linear=0
shrinkage=0.05


Tree=79
num_leaves=31
num_cat=0
split_feature=28 28 28 6 7 7 13 15 21 10 9 11 0 0 14 14 25 20 0 14 16 8 28 10 15 20 21 7 14 12
split_gain=8211.8 2617.14 1221.47 697.07 622.051 505.875 491.146 468.355 438.624 557.349 462.58 415.259 410.454 389.901 416.354 371.69 357.883 357.815 318.325 415.295 312.406 308.074 293.389 273.503 268.698 267.794 263.561 341.865 275.155 239.689
threshold=0.00050125420332707438 0.00092420874316652304 0.00029258724384997376 0.024814263829277056 0.0077209752816117692 0.035528413147281952 69639.85000000002 67186.000000000015 12955.000000000002 8715.8650000000016 18208.900000000005 52430.400000000009 347.50000000000006 815.50000000000011 8224.2500000000018 68711.580000000016 0.99966543788160478 20213.750000000004 2818.5000000000005 60830.80000000001 19928.300000000003 5966.4650000000011 0.00017000573769962796 61687.100000000006 68859.780000000013 23425.250000000004 60108.700000000004 0.066454039807797238 61080.700000000004 56639.950000000004
decision_type=2 2 2 2 2 2 2 2 2 2 2 2 2 2 2 2 2 2 2 2 2 2 2 2 2 2 2 2 2 2
left_child=2 4 22 18 7 8 12 15 9 -6 -10 13 -4 14 -5 23 -14 20 19 21 -7 -3 -1 -2 -15 -19 27 -13 -28 -9
right_child=1 3 6 11 5 17 -8 29 10 -11 -12 26 16 24 -16 -17 -18 25 -20 -21 -22 -23 -24 -25 -26 -27 28 -29 -30 -31
leaf_value=-0.027147723071410529 0.0050944301917944732 0.024241751565774874 -0.010009662908183468 0.012502093778950479 -0.0012981629447430295 0.0054940677848585992 -0.014740825972771944 0.058709380551713319 0.004713382514892582 -0.016800251278025587 -0.003406066029364216 -0.011218327867395642 -0.0084122891701880562 0.0095938138116068959 0.0011238490989829554 0.12474675093992778 -0.00037302798483254516 -0.011689716571255209 0.0081857645632312862 -0.0039268360780828453 0.025574496402589422 0.0032554204212509766 -0.015684022036107196 0.039619730203511901 0.023227983776080579 0.0017515723024526461 0.086408159035841078 0.031513464046814509 0.0043016521930306414 -0.0071288380500563256
leaf_weight=6910.4060921445489 54731.84749533236 1788.3587615787983 37373.375138938427 11212.197909161448 10877.515784785151 6835.0511779487133 18758.178124323487 140.22067213058472 20853.9562638551 12416.633232697845 110445.6512356177 5505.2046141028404 21877.861221283674 139483.75385795534 28416.707358002663 65.376524910330772 37697.019713811576 4086.7612104266882 26437.665689691901 22760.362463071942 2702.8764339089394 78908.625123038888 29018.291735745966 579.69915279746056 3709.7658715844154 39731.461516410112 102.77888822555542 511.54094099998474 14156.77276019752 9783.153639420867
leaf_count=96611 189152 2297 256919 16420 40206 24803 134430 400 69464 53659 394896 11771 126974 222165 58319 115 201790 13339 44733 55496 7883 166672 298005 1985 6038 127475 173 944 29831 41564
internal_value=0.000571012 0.00317396 -0.00983569 0.00614989 -0.000452622 -0.00178947 -0.00733504 0.00380458 -0.00323827 -0.00956134 -0.00211648 0.00797939 -0.00590212 0.00873232 0.00434309 0.00559711 -0.00332531 0.00240828 0.00328935 0.00203811 0.0111845 0.00372051 -0.0178889 0.00545628 0.00994704 0.000497954 0.00119054 -0.00758529 0.00489345 -0.00619852
internal_weight=757879 606244 151635 332994 273250 207950 115706 65300.3 154594 23294.1 131300 203099 96948.3 182822 39628.9 55376.9 59574.9 53356.2 129895 103457 9537.93 80697 35928.7 55311.5 143194 43818.2 20276.3 6016.75 14259.6 9923.37
internal_count=2694529 1579800 1114729 614859 964941 731725 720113 233216 558225 93865 464360 345661 585683 302942 74739 191252 328764 173500 269198 224465 32686 168969 394616 191137 228203 140814 42719 12715 30004 41964
is_linear=0
shrinkage=0.05


Tree=80
num_leaves=31
num_cat=0
split_feature=28 28 28 25 7 7 25 28 0 6 25 14 21 13 10 27 19 15 25 13 11 16 16 11 18 21 12 15 7 7
split_gain=10129.7 2641.33 1724.52 595.948 499.577 395.653 346.814 340.678 336.388 276.324 257.178 254.779 252.016 231.4 233.846 208.898 205.929 214.462 194.542 191.468 200.758 407.287 194.918 190.853 320.284 179.346 172.824 164.366 160.171 159.148
threshold=0.0005109883467276688 0.0010213475472320105 0.00031262984700720361 0.99966543788160478 0.030902097987837069 0.0039501008507197193 0.9994046823820798 0.00073898119353653087 1052.5000000000002 0.030626896877441981 0.99954244848821305 107516.30000000002 102609.05000000002 67186.000000000015 103652.60000000002 24.957500000000003 64743.055000000008 63621.590000000004 0.99563290501723267 69639.85000000002 42986.55000000001 47499.950000000004 58529.30000000001 8529.9500000000025 9036.5500000000011 6603.0750000000007 9662.5000000000018 6943.3000000000011 0.019436421078778101 0.0083165244410687341
decision_type=2 2 2 2 2 2 2 2 2 2 2 2 2 2 2 2 2 2 2 2 2 2 2 2 2 2 2 2 2 2
left_child=2 3 5 8 11 25 15 27 16 -8 -7 12 18 -11 -15 -4 17 -2 -3 20 21 -6 -22 26 -25 -1 -12 -5 -29 -18
right_child=1 4 6 7 19 10 9 -9 -10 13 23 -13 -14 14 -16 -17 29 -19 -20 -21 22 -23 -24 24 -26 -27 -28 28 -30 -31
leaf_value=0.19496163013874085 0.00097145680417674092 0.010650891771082133 -0.01054211747936026 0.054619359655440361 0.009520359194189686 -0.00776095772639393 -0.010633058324851868 0.00054499082557079464 0.0057748981192711412 0.00055829505996404501 -0.0038325055595195747 0.026100219710247174 -0.026914704484280301 -0.014138071956438012 0.1582582875041196 -0.0011710693875606542 -0.016230394547111442 0.010881854163983809 0.004090205972244452 0.0017639971435871472 0.018363891830272382 0.00043758916947246075 0.0086334992666793117 0.15971808727005488 -0.019721204482469765 -0.026423836586068117 0.066172859613460394 -0.0053319507250466939 -0.0010557823631487896 -0.0023092216202692068
leaf_weight=9.1543150693178159 70806.780658781528 12308.286896348 7695.885457739234 120.52094595134258 103675.03641372919 7208.9845659956336 69162.615622736514 90541.518355235457 53523.942843914032 11113.398368030787 835.71963036060333 1376.9929249286652 635.92702406644821 4102.9898643568158 19.765183910727501 26169.461535453796 2581.5456632524729 5914.9679724425077 137852.7447719872 9137.2352847158909 10932.930960059166 14010.46561190486 9724.6371274292469 24.896023169159889 22064.852333828807 13577.088041082025 98.55941291898489 61460.210154533386 34019.87026078999 10027.369828388095
leaf_count=38 228005 19237 46356 300 151450 65318 427466 248715 135800 59723 6647 2273 1464 26150 82 129766 10972 18258 253087 15606 16072 23377 16590 182 229254 155733 676 247958 122829 35145
internal_value=0.000430775 0.00330432 -0.0107145 0.000211244 0.00670027 -0.0191873 -0.00757511 -0.001653 0.00264039 -0.00929025 -0.0160023 0.00469045 0.00449495 -0.00319476 -0.0133116 -0.00330064 0.000762298 0.00173551 0.00462797 0.00877406 0.00923706 0.00843905 0.0137833 -0.0185828 -0.019519 -0.0262747 0.00355253 -0.00373468 -0.00380834 -0.00515944
internal_weight=790734 628651 162083 328997 299654 43819.3 118264 186142 142855 84398.8 30233 152174 150797 15236.2 4122.76 33865.3 89330.7 76721.7 150161 147480 138343 117686 20657.6 23024 22089.7 13586.2 934.279 95600.6 95480.1 12608.9
internal_count=2694529 1547138 1147391 1047982 499156 457848 689543 619802 428180 513421 302077 276061 273788 85955 26232 176122 292380 246263 272324 223095 207489 174827 32662 236759 229436 155771 7323 371087 370787 46117
is_linear=0
shrinkage=0.05


Tree=81
num_leaves=31
num_cat=0
split_feature=28 28 28 28 0 0 28 9 14 11 9 9 9 9 15 11 22 15 22 13 21 15 9 14 11 0 7 6 9 6
split_gain=23711 8105.56 5742.38 1293.6 1283.29 1144.01 924.507 886.141 2360.99 1023.01 878.033 810.797 674.069 643.882 873.54 1542.24 644.067 579.66 809.792 475.836 626.766 432.483 423.838 527.879 415.342 454.462 401.543 397.018 391.297 361.111
threshold=0.00074406023865568121 0.001534544012906683 0.00035088992325155952 0.0022576900954063791 465.50000000000006 1353.5000000000002 0.00019411249007772078 33578.765000000007 33408.000000000007 5041.8100000000004 26502.500000000004 8093.5000000000009 17574.100000000002 19035.500000000004 38570.500000000007 38392.850000000006 24077.300000000007 51867.000000000007 57602.500000000007 39956.450000000004 31233.900000000005 9988.7850000000017 51511.750000000007 11990.790000000003 8814.3000000000011 355.50000000000006 0.036112470926143218 0.076888717181986935 20105.600000000002 0.059590159780262782
decision_type=2 2 2 2 2 2 2 2 2 2 2 2 2 2 2 2 2 2 2 2 2 2 2 2 2 2 2 2 2 2
left_child=2 5 6 27 11 7 -1 8 9 -2 -10 21 -7 16 -15 -16 -6 -9 -19 28 -21 -4 23 -13 -8 -26 29 -3 -14 -5
right_child=1 3 4 26 13 12 24 17 10 -11 -12 22 19 14 15 -17 -18 18 -20 20 -22 -23 -24 -25 25 -27 -28 -29 -30 -31
leaf_value=0.026748094554495717 -0.029503993633428247 -0.015032117456846954 -0.00055507956614833166 -0.014925132656850313 -0.0017105829039366764 -0.017585027483251085 0.00069587142784859144 0.0079802141805074261 -0.027975866846866676 -0.00042241370095700463 -0.01114978397281219 0.012362519169406439 -0.0064831763777256609 0.0087814607235331688 -0.0074325659844532424 0.0038800568567008719 -0.023069910914706362 -0.0071975089067563159 0.0036133802743196115 -0.021765149388932106 -0.0076800231571351688 -0.029053831675572531 0.016161660611448993 0.0055104646008461711 0.018453325751547581 0.010990866077932952 -0.032026868397072146 -0.024920502516481098 0.0061729441720722363 -0.032169891292195225
leaf_weight=19193.69213335216 3112.8595949709415 62650.22841617465 14938.396942451596 8448.4515671133995 44346.95758998394 18386.892003595829 5025.7995855808258 21684.081149578094 9662.9326272010803 105950.77904719114 39231.755361914635 41037.627762168646 14544.095176637173 49976.255244866014 39218.392978399992 129973.53626167774 3834.5299020111561 32192.693966776133 37498.039508998394 8604.9203650355339 96156.397763878107 1461.4855351597071 16559.956987977028 89214.384160399437 51335.161377564073 33858.221720427275 23455.402165919542 12113.439403370023 10528.125099241734 4738.3696452379227
leaf_count=139151 4681 106067 38277 15054 106695 29814 21168 44102 14750 205032 67536 133158 25689 132869 87163 340419 7636 58695 77286 13337 168038 2980 61357 276475 272226 154408 41521 20278 20612 8055
internal_value=-0.000743412 -0.00848652 0.00655495 -0.0204062 0.00395571 -0.00514629 0.0167835 -0.00307829 -0.00534541 -0.00125245 -0.0144751 0.00744936 -0.00862504 0.00182291 0.00297341 0.00125781 -0.00341047 0.000840834 -0.00138056 -0.00735614 -0.00883695 -0.00309476 0.00862721 0.0076693 0.0146635 0.0154875 -0.0281023 -0.0166343 -0.00116872 -0.0211216
internal_weight=1.04893e+06 508959 539974 111406 430562 397554 109413 249333 157958 109064 48894.7 163212 148220 267350 219168 169192 48181.5 91374.8 69690.7 129834 104761 16399.9 146812 130252 90219.2 85193.4 36642.2 74763.7 25072.2 13186.8
internal_count=2694529 920547 1773982 190975 1187029 729572 586953 472082 291999 209713 82286 512247 257490 674782 560451 427582 114331 180083 135981 227676 181375 41257 470990 409633 447802 426634 64630 126345 46301 23109
is_linear=0
shrinkage=0.05


Tree=82
num_leaves=31
num_cat=0
split_feature=28 0 4 28 19 11 14 19 0 22 18 25 7 28 15 18 20 15 0 10 11 7 25 16 14 7 19 9 12 2
split_gain=7382.23 2257.22 1313.72 1280.8 839.349 1058.93 1842.34 799.613 496.877 465.764 457.793 410.731 373.537 345.726 289.986 288.473 297.459 264.62 260.245 230.386 215.439 238.45 202.647 198.735 181.788 322.375 176.701 159.127 150.123 150.062
threshold=0.00052402322918579435 1200.5000000000002 6725.7700000000013 0.00031582127731102227 9124.010000000002 37423.085000000006 33408.000000000007 17574.100000000002 3151.5000000000005 44780.130000000012 69093.85000000002 0.99989047721275381 0.080234008440128443 0.00017000573769962796 7546.1900000000014 96351.450000000012 87034.450000000012 18935.000000000004 486.50000000000006 8715.8650000000016 8343.9550000000017 -1.0000000180025095e-35 1.0002712123631272 16964.700000000004 10241.000000000002 0.0023896926330600212 10835.000000000002 17755.500000000004 31958.650000000005 98283.149655738074
decision_type=2 2 2 2 2 2 2 2 2 2 2 2 2 2 2 2 2 2 2 2 2 2 2 2 2 2 2 2 2 2
left_child=3 2 -2 13 12 6 -6 17 15 -7 11 -5 14 -1 -4 16 -9 26 19 -13 24 29 -23 -19 -15 -26 -3 -20 -25 -22
right_child=1 7 4 10 5 9 -8 8 -10 -11 -12 18 -14 20 -16 -17 -18 23 27 -21 21 22 -24 28 25 -27 -28 -29 -30 -31
leaf_value=-0.026696010567136247 0.013634154009381942 0.0080526074560292645 0.094393479773561106 -0.0087503409858332992 -0.0011710075166758243 -0.011290909473584645 0.0094267548829493272 0.0039948064956544073 0.0092104413815813999 -0.0022246190725568487 -0.017106130076370695 0.0069653928459929657 0.050136818145052477 -0.00065306844446380769 -0.011430218494778701 -0.0071322815922881533 0.019181672772980562 0.070095598904573661 0.010270416195749116 -0.006693157690847662 0.16017674885208696 -0.017979198079768881 -0.0099348449665651439 0.016437249882435941 0.19334055563296582 9.6564094766032036e-05 -0.014753742984408146 -0.00055338330506134691 0.0081107812183206646 -0.036324171404977144
leaf_weight=6604.6232093274593 17620.449114277959 11145.464442074299 64.950386554002762 48799.563354045153 113822.18838442862 16831.358551844954 64106.015338882804 154726.64702178538 60649.407220572233 89455.38826790452 8840.9977876767516 3403.1411439850926 252.3585233092308 1554.9034173041582 19679.727608725429 5705.9496517628431 3292.8785808235407 162.69500225782394 3965.6164307817817 33272.330147027969 31.383680626749992 23066.151179939508 11851.296016551554 25905.049980819225 34.210538752377033 58.464634448289871 919.373096331954 23626.723088629544 6843.3873168230057 14.072482377290724
leaf_count=96611 27704 18331 118 296329 355023 58688 147126 342336 100744 309604 64934 18243 544 12476 71459 16595 8913 204 17450 212056 98 244352 113897 36262 173 506 2432 112741 8455 125
internal_value=0.000576359 0.00318707 0.00036062 -0.00877062 -0.000408204 0.000288442 0.00264728 0.00656423 0.00534453 -0.00366034 -0.00614877 -0.00529199 -0.0103095 -0.0161668 -0.0110821 0.00391246 0.00431128 0.012649 -0.00266601 -0.00542577 -0.0142673 -0.0150999 -0.0152489 0.0149711 0.00340164 0.0714315 0.0063147 0.00100223 0.0146973 0.0993433
internal_weight=756307 591183 321832 165123 304212 284215 177928 269351 224375 106287 121908 113067 19997 43215.1 19744.7 163725 158020 44976 64267.8 36675.5 36610.5 34962.9 34917.4 32911.1 1647.58 92.6752 12064.8 27592.3 32748.4 45.4562
internal_count=2694529 1504538 970266 1189991 942562 870441 502149 534272 468588 368292 721753 656819 72121 468238 71577 367844 351249 65684 360490 230299 371627 358472 358249 44921 13155 679 20763 130191 44717 223
is_linear=0
shrinkage=0.05


Tree=83
num_leaves=31
num_cat=0
split_feature=28 28 28 25 7 7 7 0 28 25 6 6 14 21 20 6 11 12 15 19 15 7 11 20 12 9 11 7 13 22
split_gain=9140.11 2367.88 1620.18 568.253 434.195 389.171 343.033 339.555 299.022 264.468 255.813 231.313 229.926 231.69 229.869 297.27 214.899 642.603 305.656 197.833 199.835 191.263 191.162 184.649 241.268 183.504 308.477 274.278 251.131 224.156
threshold=0.0005109883467276688 0.0010312351368272608 0.00030299108710716904 0.99989047721275381 0.030902097987837069 0.0039501008507197193 0.0085144492123766496 881.50000000000011 0.00068263696510311822 0.99934587199486757 0.017979090215201447 0.10657347247740136 107516.30000000002 102609.05000000002 61188.450000000004 0.0086326388100131605 24679.000000000004 29081.300000000003 19930.250000000004 64743.055000000008 63621.590000000004 0.0085144492123766496 8093.5000000000009 106557.90000000001 104032.35000000002 18208.900000000005 29230.000000000004 0.072420584252906692 41769.255000000012 23350.500000000004
decision_type=2 2 2 2 2 2 2 2 2 2 2 2 2 2 2 2 2 2 2 2 2 2 2 2 2 2 2 2 2 2
left_child=2 3 5 7 12 -1 16 19 -5 -7 14 22 13 -3 15 -8 17 18 -4 20 -2 -13 -11 -18 -25 26 -6 -28 29 -27
right_child=1 4 6 8 25 9 10 -9 -10 11 -12 21 -14 -15 -16 -17 23 -19 -20 -21 -22 -23 -24 24 -26 28 27 -29 -30 -31
leaf_value=-0.02647061879588887 0.00047853849188668864 0.0044452409720436726 -0.01208872526555415 -0.0044198936843345953 0.0096787900192142808 -0.0034966229277176453 -0.0018723845449994004 0.0048511366084740375 -0.0001134303557711484 0.008576804764263651 -0.0010061105473451856 -0.013004286963946985 0.024959582175229412 -0.026631294813414252 -0.015257367023332125 -0.010729645375608637 -0.013518404479322475 0.14895171568226337 0.00035091495977893869 -0.0058083223260433775 0.010360376215068069 0.19224047414305223 -0.018771882039737325 0.011535825363786018 0.19901144664322024 0.012013148485393392 0.039215270626206097 0.00081365454124894218 0.0077411627130937744 -0.0059069304633726227
leaf_weight=12320.843444153666 70817.436409175396 147547.0210775733 12426.263161480427 65194.388426527381 61615.798736393452 3793.4308899790049 21573.573374859989 74696.733612641692 105601.08035671711 657.99070485681295 24424.465707935393 21.601927891373634 1361.6142543256283 602.21516731381416 7639.1250238269567 16889.296846918762 29372.526655957103 66.143036499619484 8194.4650585204363 11628.737467631698 5514.4336757808924 23.919266402721405 22083.934927366674 71.137590147554874 22.617543429136276 2378.0958349406719 1644.4622130990028 648.28259021043777 73515.395946234465 6555.5868636071682
leaf_count=148763 236298 265482 81231 264602 84281 34340 124804 194398 300547 5142 131368 193 2213 1399 48393 98347 188715 177 47230 44656 17712 94 238131 398 65 4585 1879 723 115628 12735
internal_value=0.000435904 0.00314603 -0.0102517 0.000257039 0.006402 -0.0191251 -0.00739126 0.00237211 -0.00175725 -0.0157203 -0.00514327 -0.0177552 0.00450689 0.00431892 -0.00733511 -0.00576167 -0.0105524 -0.00664624 -0.00714534 0.000266904 0.00119243 0.0948423 -0.0179806 -0.0132948 0.0567626 0.00833794 0.0103489 0.0283571 0.00677921 -0.00113671
internal_weight=788903 629321 159581 333453 295868 38901.7 120680 162657 170795 26580.9 70526.5 22787.4 149511 148149 46102 38462.9 50153.2 20686.9 20620.7 87960.6 76331.9 45.5212 22741.9 29466.3 93.7551 146358 63908.5 2292.74 82449.1 8933.68
internal_count=2694529 1547138 1147391 1058213 488925 426663 720728 493064 565149 277900 402912 243560 269094 266881 271544 223151 317816 128638 128461 298666 254010 287 243273 189178 463 219831 86883 2602 132948 17320
is_linear=0
shrinkage=0.05


Tree=84
num_leaves=31
num_cat=0
split_feature=28 28 28 28 28 28 7 0 0 9 9 6 19 13 11 6 11 25 9 9 9 28 22 0 11 9 15 0 9 10
split_gain=21462 7192.66 5284.53 1487.43 1251.42 838.748 775.132 708.701 503.121 501.72 481.799 467.158 416.421 752.175 860.937 395.493 430.716 377.383 363.816 339.54 307.654 302.598 301.023 289.179 316.831 284.179 626.462 342.306 342.501 329.956
threshold=0.00093237664442929189 0.00039649984288031684 0.0017851237758884741 0.00068263696510311822 0.00020938322237649569 0.0013487150956012961 0.041303064857687137 444.50000000000006 355.50000000000006 51511.750000000007 8093.5000000000009 0.062439781912884712 58686.070000000007 55711.070000000007 37881.450000000004 0.079700090245198016 5041.8100000000004 0.99646385059256992 8093.5000000000009 34375.000000000007 19035.500000000004 0.0028400872568057163 24803.700000000001 2289.5000000000005 5041.8100000000004 17574.100000000002 21251.850000000002 2233.5000000000005 28619.000000000004 7976.1450000000013
decision_type=2 2 2 2 2 2 2 2 2 2 2 2 2 2 2 2 2 2 2 2 2 2 2 2 2 2 2 2 2 2
left_child=1 4 5 7 -1 15 11 10 18 20 -3 23 13 19 -15 16 -2 -18 -6 -5 -9 -8 -10 24 -4 26 29 28 -27 -7
right_child=2 3 6 12 8 25 21 9 22 -11 -12 -13 -14 14 -16 -17 17 -19 -20 -21 -22 -23 -24 -25 -26 27 -28 -29 -30 -31
leaf_value=0.024717906914481648 -0.032246559293515886 -0.0022156381362028873 -0.036008281202995443 -0.0017287023536677543 -0.004970790624832017 -0.016494087773017804 -0.024947891673557369 -0.0030023499796986417 0.0018348532963880235 0.0073397794577469882 0.0081588105673037394 -0.02693315601979869 0.0027133537894275337 -0.020017773902886508 -0.0038142088917044467 -0.01360496799070509 -0.012654897933987542 -0.0043539361649340197 0.015652002121238521 0.0062132386302889689 0.0020917660095796844 -0.034777812385934831 0.010573122409419692 -0.019752498360057769 -0.0072664015923563545 0.0082264396456897468 -0.023088120492554237 -0.014512730215378368 -0.008284906813435005 -0.0010310617120858042
leaf_weight=23305.472304806113 1468.6606296896935 12583.879800438881 1036.0141106843948 122357.07783460617 2210.0297221839428 6533.8140851706266 23469.926140621305 37988.920846819878 12704.836776539683 37677.72311322391 101118.23745185137 10331.580538585782 46879.671484261751 11782.421872138977 26944.173128247261 15513.442156881094 14958.835891395807 161669.29284846783 66155.105601429939 15121.0712467134 134847.44195729494 11747.768146470189 43949.245838224888 13140.754385352135 12868.401798948646 3565.5028749704361 14961.223539054394 22191.801948368549 26365.917820125818 7309.2531055808067
leaf_count=170384 2141 31887 1652 247779 7656 10785 41661 91828 49898 111642 317013 18001 100254 19673 53952 25442 24626 287362 332213 31914 336947 21219 187330 22264 23211 6751 24657 36352 45001 13034
internal_value=-0.000752841 0.00431441 -0.0109072 0.00166762 0.0140808 -0.0077349 -0.0229043 0.0038298 0.0120979 0.00211178 0.00701063 -0.0178891 -0.00147476 -0.00258901 -0.00874408 -0.00594813 -0.00528117 -0.00505695 0.0149853 -0.000855177 0.000972094 -0.0282269 0.00861354 -0.0144342 -0.00940795 -0.0120096 -0.0159953 -0.00980698 -0.00631804 -0.00832948
internal_weight=1.04276e+06 695625 347132 547301 148325 274538 72594.4 324216 125019 210514 113702 37376.8 223084 176205 38726.6 193610 178097 176628 68365.1 137478 172836 35217.7 56654.1 27045.2 13904.4 80927.5 28804.3 52123.2 29931.4 13843.1
internal_count=2694529 2090370 604159 1342889 747481 476151 128008 889317 577097 540417 348900 65128 453572 353318 73625 339571 314129 311988 339869 279693 428775 62880 237228 47127 24863 136580 48476 88104 51752 23819
is_linear=0
shrinkage=0.05


Tree=85
num_leaves=31
num_cat=0
split_feature=28 0 4 28 19 11 14 19 22 0 13 20 7 25 28 15 6 12 1 11 15 22 8 9 12 11 14 7 15 16
split_gain=6637.65 2153.32 1221.08 1051.55 807.914 1013.7 1708.63 740.483 497.933 461.223 448.853 389.05 363.271 290.997 287.577 283.953 273.815 325.575 268.523 263.115 249.412 226.513 373.202 237.278 222.966 394.256 849.665 209.469 197.712 179.527
threshold=0.00050125420332707438 1200.5000000000002 6725.7700000000013 0.00029258724384997376 9124.010000000002 37423.085000000006 33408.000000000007 17574.100000000002 44780.130000000012 3151.5000000000005 69639.85000000002 44216.760000000002 0.080234008440128443 0.99990059790327435 0.00015446892978425119 7546.1900000000014 0.025419750522283385 19075.800000000003 104.587 54576.775000000009 18935.000000000004 43877.150000000009 44091.900000000009 57043.850000000006 16454.800000000003 16812.500000000004 18234.880000000001 0.0050049571456298077 58480.155000000006 16964.700000000004
decision_type=2 2 2 2 2 2 2 2 2 2 2 2 2 2 2 2 2 2 2 2 2 2 2 2 2 2 2 2 2 2
left_child=3 2 -2 14 12 6 -6 20 -7 16 11 13 15 -5 -1 -4 17 -9 -15 -18 -3 22 -13 -23 25 27 -27 -16 -12 -22
right_child=1 7 4 10 5 8 -8 9 -10 -11 28 21 -14 18 24 -17 19 -19 -20 -21 29 23 -24 -25 -26 26 -28 -29 -30 -31
leaf_value=-0.028004927528501235 0.012952945974289316 0.0059061684984499435 0.088233938045618188 -0.010153675334463938 -0.0011283240770023158 -0.011249342624758648 0.0089031686024538016 0.020134384196422689 -0.0021399678821463976 0.0087479082171525446 0.062282764653287914 0.019318632015449332 0.048690643004723248 -0.0080333994853218037 0.0040716833938086536 -0.011100375137134362 0.0068027080457794195 0.0010375546757014594 -0.00032741042058734678 -0.0010949708073360387 0.066086317159621738 -0.0005340044970749213 0.15739024905621274 0.026754090697216695 -0.017042641881001946 0.43200564205784836 -0.035519609548119856 -0.014989538087673081 -0.01420283072958145 0.014024373110638512
leaf_weight=4806.4999888762832 17805.39328545332 12134.092996954918 72.195852786302567 34306.727240286767 119544.94836635888 17850.585620477796 65818.902117952704 2297.1373630464077 93989.109259322286 60984.757532075047 84.88902310281992 337.92801462113857 260.26605106890202 21860.595940373838 2416.9164593443274 20539.860875353217 72233.304961845279 78546.212279811502 23411.955463543534 12348.899980977178 166.42442581057549 14426.679351709783 57.229652427136898 843.17903152108192 23031.902071982622 16.04718304425478 24.639348484575748 3570.6449250802398 18051.005062378943 32935.018720775843
leaf_count=74134 28092 20865 134 222686 382793 64378 152721 5409 334136 101086 446 1837 548 146655 25267 77012 139350 195799 125026 32513 204 84238 180 5061 257253 110 289 37563 133984 44760
internal_value=0.000579548 0.00288794 0.000210923 -0.00894465 -0.000502356 0.000165443 0.00243365 0.00619798 -0.0035939 0.00503112 -0.00663535 -0.00526257 -0.0100112 -0.00668038 -0.0166758 -0.0107524 0.00366091 0.00158018 -0.00404837 0.00564966 0.0120383 0.00194001 0.0393152 0.000972804 -0.014802 -0.0062413 0.148877 -0.00729536 -0.0138448 0.0142861
internal_weight=754774 607527 335881 147247 318076 297204 185364 271646 111840 226410 113380 95244.3 20872.3 79579.3 33866.6 20612.1 165426 80843.3 45272.6 84582.2 45235.5 15665 395.158 15269.9 29060.1 6028.25 40.6865 5987.56 18135.9 33101.4
internal_count=2694529 1579800 1039814 1114729 1011722 934028 535514 539986 398514 474157 720113 585683 77694 494367 394616 77146 373071 201208 271681 171863 65829 91316 2017 89299 320482 63229 399 62830 134430 44964
is_linear=0
shrinkage=0.05


Tree=86
num_leaves=31
num_cat=0
split_feature=28 28 28 7 7 13 9 10 9 14 19 7 11 25 6 25 16 19 15 14 19 13 0 20 27 10 21 9 11 13
split_gain=8239.83 2124.47 1514.52 517.747 455.845 422.044 676.485 555.056 419.311 410.288 399.743 387.968 361.668 328.999 264.935 258.083 252.809 280.171 428.923 230.571 254.515 229.302 210.252 206.54 197.234 162.432 160.95 159.79 278.586 263.266
threshold=0.0005109883467276688 0.0010020240432439126 0.00030299108710716904 0.0088140652491739396 0.031857159886123372 31963.750000000004 34375.000000000007 28060.500000000004 17574.100000000002 49163.140000000007 31014.000000000004 0.0039501008507197193 18536.500000000004 0.9994046823820798 0.030626896877441981 0.99955489171501311 106414.30000000002 64743.055000000008 64734.705000000009 107516.30000000002 101211.05000000002 67186.000000000015 3430.5000000000005 45548.660000000011 24.957500000000003 97560.000000000015 6603.0750000000007 18208.900000000005 29230.000000000004 41769.255000000012
decision_type=2 2 2 2 2 2 2 2 2 2 2 2 2 2 2 2 2 2 2 2 2 2 2 2 2 2 2 2 2 2
left_child=2 3 11 16 19 7 12 8 -5 -8 -9 26 -7 24 -15 -13 17 18 -2 20 22 -16 -3 -23 -4 -19 -1 28 -6 -29
right_child=1 4 13 5 27 6 9 10 -10 -11 -12 15 -14 14 21 -17 -18 25 -20 -21 -22 23 -24 -25 -26 -27 -28 29 -30 -31
leaf_value=0.18622891395537178 -0.0032608962694486866 0.0033703427376774796 -0.0099087135273452018 -0.00017300105748527855 0.0092005151602504321 0.028763966461976171 -0.0081908162100529612 0.065272637823401411 -0.0091714277016251722 0.0011831135035441775 -0.012116188266969273 -0.0062611965653774472 0.0056963454016049934 -0.010010016390508504 0.00092941678783136088 -0.017923579319034894 0.047083299088376815 -0.011108586514787149 0.012575765603828701 0.023614611130937883 -0.017900983046921847 0.20594856775524223 0.0085089752487119402 -0.013411793629062672 -0.00083875323964098221 0.012709693989304025 -0.026187826402717575 -0.0014706945492409512 0.026926451205588033 0.0075015418482410681
leaf_weight=8.9244514554738981 59816.995033487678 136907.81587174535 7752.6674626916647 48568.294031217694 61502.747502475977 1740.6106888502836 13490.382989272475 517.19263422489166 17651.300887808204 86652.918378606439 246.34406213462353 6257.4720540642738 71424.603524968028 69911.575301267207 11267.366051249206 19610.517634354532 247.43232986330986 13594.226778686047 4604.6755671799183 1502.5373049974442 1323.2799076139927 10.758727699518202 23292.802590608597 4121.207403242588 26421.369527675211 755.58387404680252 11838.333853691816 9181.7932013273239 2299.4418876469135 74624.842300623655
leaf_count=30 213056 254757 48472 161592 84536 3632 43491 975 59801 270427 986 60307 200386 449339 61825 217593 715 53459 15486 2488 2838 34 36619 27307 133751 3065 148733 17991 2596 118242
internal_value=0.000441599 0.0029971 -0.00979903 0.000133173 0.00594101 0.00128774 0.00259046 -0.00208286 -0.0025716 -7.9656e-05 0.0403043 -0.0185344 0.00624513 -0.00704173 -0.0087023 -0.0151024 -0.00337779 -0.00353629 -0.00212894 0.00411846 0.0039371 -0.00276538 0.00411749 -0.0128406 -0.00289635 -0.00985444 -0.0260278 0.00795393 0.00983936 0.00651855
internal_weight=787146 629946 157200 319311 310635 240292 173309 66983.1 66219.6 100143 763.537 37715.2 73165.2 119485 85310.9 25868 79018.9 78771.5 64421.7 163026 161524 15399.3 160201 4131.97 34174 14349.8 11847.3 147609 63802.2 83806.6
internal_count=2694529 1547138 1147391 1027071 520067 741290 517936 223354 221393 313918 1961 426663 204018 720728 538505 277900 285781 285066 228542 296702 294214 89166 291376 27341 182223 56524 148763 223365 87132 136233
is_linear=0
shrinkage=0.05


Tree=87
num_leaves=31
num_cat=0
split_feature=28 28 28 0 28 25 7 10 9 8 9 11 9 13 11 12 0 20 19 0 6 11 15 22 9 11 6 14 21 7
split_gain=19404.5 6529.06 5035.91 1422.63 1140.42 787.075 757.33 695.162 688.677 1592.7 900.252 737.114 687.55 1221.4 1570.43 764.919 533.471 498.34 727.716 459.574 452.961 378.127 355.972 305.135 303.104 302.264 287.671 286.218 379.366 267.723
threshold=0.00093237664442929189 0.0003877098281998322 0.0017851237758884741 545.50000000000011 0.00020452072738714092 0.99646385059256992 0.041303064857687137 6667.9750000000013 31911.415000000005 30789.350000000002 20105.600000000002 28734.005000000001 19035.500000000004 39956.450000000004 37423.085000000006 24123.700000000004 1116.5000000000002 58480.155000000006 9944.2900000000027 355.50000000000006 0.062439781912884712 8814.3000000000011 48531.500000000007 24803.700000000001 17574.100000000002 18581.500000000004 0.031864549986801834 31815.000000000004 24738.500000000004 0.024971701346101455
decision_type=2 2 2 2 2 2 2 2 2 2 2 2 2 2 2 2 2 2 2 2 2 2 2 2 2 2 2 2 2 2
left_child=1 4 5 7 -1 29 20 -3 9 10 -7 -11 15 -14 -15 25 22 18 -9 21 27 -6 -10 26 -8 -5 -21 28 -4 -2
right_child=2 3 6 12 19 8 24 17 16 11 -12 -13 13 14 -16 -17 -18 -19 -20 23 -22 -23 -24 -25 -26 -27 -28 -29 -30 -31
leaf_value=0.024583373194407711 -0.009075963324295484 -0.010273810780458761 -0.010755355177831077 -0.005760866220767707 0.0036292142520618445 -0.0059666058365047472 -0.032048461114270926 0.0099059244475573661 0.013376287979219172 -0.023273840193731968 0.011019567962560664 -0.011213027395642818 0.0074588042743500213 -0.0081787052307832793 0.0015171509678096164 -0.023168382147579381 -0.0058276627235982308 0.010985949488091753 0.0024490149224628329 0.0042051805089586653 -0.026301231905039253 0.015997016995495283 -0.00038940439527898228 0.010441269615831257 -0.022656695872569674 0.0021119850234957503 -0.019564991060812081 -0.018194401573629525 0.020467060884693713 -0.018914160474890074
leaf_weight=20900.433018743992 11253.557405084372 7367.3723674416542 9887.1136225759983 40648.924352526665 6913.3919415324926 77451.201621040702 18153.452634304762 43474.672843441367 5662.3721028864384 18176.58280415833 8673.90314874053 41804.611442118883 53901.584450274706 55905.207125514746 165086.02118387818 5343.548569381237 65215.414284855127 33054.447993203998 132231.72432458401 10126.914725363255 10134.010134071112 58261.140483021736 27527.37917393446 39695.701408535242 16308.761236861348 17414.760706812143 1455.8104604184628 15817.245824456215 1079.0756607055664 17936.70919059217
leaf_count=160068 19121 15295 17698 84965 28944 136197 32938 126792 11348 28939 17146 70215 131403 110198 387280 9070 113587 106610 363262 41417 18001 306159 50809 174490 29942 39358 5059 27137 2292 28789
internal_value=-0.000761086 0.00406991 -0.0104457 0.00165218 0.0138291 -0.00736115 -0.0222734 0.00482092 -0.00643473 -0.00861245 -0.00425588 -0.0148679 -0.000372229 0.000710348 -0.000935656 -0.00506558 -0.00320137 0.00535363 0.00429406 0.011899 -0.0172974 0.0146851 0.00195911 0.00835782 -0.0276039 -0.0033996 0.00121755 -0.0138906 -0.00768306 -0.0151213
internal_weight=1.03686e+06 691782 345081 554428 137353 273702 71379.7 216128 244511 146106 86125.1 59981.2 338300 274893 220991 63407.2 98405.2 208761 175706 116453 36917.4 65174.5 33189.8 51278.4 34462.2 58063.7 11582.7 26783.4 10966.2 29190.3
internal_count=2694529 2090370 604159 1374233 716137 476151 128008 611959 428241 252497 153343 99154 762274 628881 497478 133393 175744 596664 490054 556069 65128 335103 62157 220966 62880 124323 46476 47127 19990 47910
is_linear=0
shrinkage=0.05


Tree=88
num_leaves=31
num_cat=0
split_feature=28 0 4 28 9 19 19 7 13 0 20 7 11 15 28 2 7 9 10 10 4 2 14 10 9 12 11 14 7 22
split_gain=5948.25 1960.29 1111.32 975.487 767.972 887.654 682.01 625.77 425.361 418.759 368.281 335.049 285.967 729.462 283.403 257.943 277.759 245.827 232.529 343.489 227.606 221.855 218.495 445.805 246.884 218.125 321.457 495.151 205.75 196.358
threshold=0.00050125420332707438 1200.5000000000002 6725.7700000000013 0.00029258724384997376 51511.750000000007 9124.010000000002 17574.100000000002 0.0087162635244119793 69639.85000000002 3151.5000000000005 44216.760000000002 0.080234008440128443 38392.850000000006 38763.840000000004 0.00015446892978425119 96994.232392082558 0.008219058340044683 31911.415000000005 17558.100000000002 17619.590000000004 57678.335000000014 20460.082152066494 49454.895000000011 47624.080000000009 57043.850000000006 16454.800000000003 16812.500000000004 18234.880000000001 0.0097549729981668745 56717.500000000007
decision_type=2 2 2 2 2 2 2 2 2 2 2 2 2 2 2 2 2 2 2 2 2 2 2 2 2 2 2 2 2 2
left_child=3 2 -2 14 5 11 18 -7 10 15 12 -4 13 -5 -1 16 -8 -14 -3 21 29 -20 23 -12 -24 26 28 -28 -16 -6
right_child=1 6 4 8 20 7 9 -9 -10 -11 22 -13 17 -15 25 -17 -18 -19 19 -21 -22 -23 24 -25 -26 -27 27 -29 -30 -31
leaf_value=-0.027603407019243981 0.012321911673671464 0.0064058287697422948 -0.010454932968801366 -0.0070296310961691427 -0.042585368842421201 0.0052477191279390253 0.0092001883064730897 -0.00035378616558910154 -0.013375261240466414 0.0083196436613722502 0.014141232437966993 0.045986108722588043 0.1324174786104739 0.0092317048860036249 0.00042323623292190741 -0.0074671306257926926 0.0030295995715622168 -0.014616270483494558 0.044559534930034353 0.012432912903731939 -0.0090558594394823996 0.014125390111169533 -0.0020284929340203348 0.19888482226057386 0.025716475770750532 -0.016466352115249518 0.29074363719650947 -0.035422356018769877 -0.018976765495391588 0.11303809796623723
leaf_weight=4590.2810692079365 17888.70567728579 15011.462910577655 20462.098284050822 60946.842574588954 28.68569678068161 65829.098296687007 20978.151521801949 205523.04436700046 17824.736033931375 61217.076790452003 2068.4358021244407 266.36361153423786 28.50777031481266 7776.4881544709206 3714.5949046611786 5211.3236417919397 139572.00199437141 10068.393274046481 1439.9250418245792 27943.723056599498 25643.415172606707 1025.1096553653479 12663.632134102285 33.178525924682617 855.99530903995037 22412.855974346399 22.924741134047508 23.629572309553623 2162.2674914896488 69.0840223133564
leaf_count=74134 28092 24674 77146 388841 68 211406 51442 610953 134430 101086 11361 548 90 42398 39415 15371 306258 63038 2004 37466 111447 1685 74788 106 5061 257253 110 289 23415 154
internal_value=0.000582301 0.00275331 0.000196145 -0.00851052 -0.000486358 0.000243291 0.00590482 0.00100512 -0.00629101 0.00478565 -0.00495394 -0.00972966 -0.00634394 -0.00518956 -0.0160781 0.00348052 0.00383587 -0.0142011 0.0114976 0.0140112 -0.00876555 0.0319032 0.00205963 0.0170578 -0.00027182 -0.0142111 -0.00567789 0.125192 -0.00671458 0.0673781
internal_weight=753302 608109 335710 145193 317822 292081 272399 271352 112266 226979 94441.5 20728.5 78820.2 68723.3 32926.6 165761 160550 10096.9 45420.2 30408.8 25741.2 2465.03 15621.2 2101.61 13519.6 28336.3 5923.42 46.5543 5876.86 97.7697
internal_count=2694529 1579800 1039814 1114729 1011722 900053 539986 822359 720113 474157 585683 77694 494367 431239 394616 373071 357700 63128 65829 41155 111669 3689 91316 11467 79849 320482 63229 399 62830 222
is_linear=0
shrinkage=0.05


Tree=89
num_leaves=31
num_cat=0
split_feature=28 28 28 7 13 19 10 10 9 15 7 25 28 19 9 12 15 19 27 16 19 15 25 6 14 7 13 7 5 6
split_gain=7419.33 1937.47 1400.34 545.654 442.237 631.447 636.156 565.571 413.902 411.288 340.396 339.509 336.383 325.413 316.062 348.602 300.493 434.193 296.184 272.242 277.769 326.805 229.46 219.835 197.172 167.059 284.885 165.607 162.552 151.172
threshold=0.00050772266247515595 0.0010634371064154994 0.00028518642726975402 0.0083165244410687341 31963.750000000004 48525.000000000007 44216.760000000002 28060.500000000004 17574.100000000002 63822.490000000013 0.0063818057642117667 0.99987929188743507 0.001843579068020452 31014.000000000004 17574.100000000002 31958.650000000005 39054.290000000008 43890.67500000001 24.957500000000003 106414.30000000002 64743.055000000008 58472.070000000007 0.99968943277842637 0.043787515431454725 35610.500000000007 0.03048087971676924 8330.5000000000018 0.0067345031548353357 1465.5000000000002 0.047249933271931617
decision_type=2 2 2 2 2 2 2 2 2 2 2 2 2 2 2 2 2 2 2 2 2 2 2 2 2 2 2 2 2 2
left_child=2 3 10 19 7 6 -6 8 -5 -7 -1 18 14 -9 15 23 -16 -18 -4 20 21 -2 -12 -3 -17 26 -20 -13 -22 -29
right_child=1 12 11 4 5 9 -8 13 -10 -11 22 27 -14 -15 16 24 17 -19 25 -21 28 -23 -24 -25 -26 -27 -28 29 -30 -31
leaf_value=-0.024153386744563968 -0.003520702699377556 0.0037226021065711783 -0.0097602436701845936 -0.00013340163937565524 0.0035963790846560541 -0.0055789974806390169 0.014715865423647716 0.053378158368495424 -0.008600570542705235 0.0018894108928219832 -0.004328977564457299 -0.012794494587136801 0.0084154440794632739 -0.010580907414350832 -0.002272759811929649 0.039060176536637126 0.0073564619280709134 0.00090162358388298216 0.055026821853997022 0.047684214086799681 -0.019051306700171262 0.0071167705200120045 -0.017738409717667637 0.010422518617753458 0.013789423121399273 0.0054497478948939918 -0.0036696397423131607 -0.0085408769032066165 -0.0067264182098516426 0.0020002065357580708
leaf_weight=15672.378929942846 54868.363622769713 37323.345152199268 16991.295002393425 55297.359385237098 101721.59620444477 28535.171956390142 14724.72074970603 717.43035401403904 19530.899079605937 52078.518685042858 4608.4837920218706 24194.07450208813 91036.84872341156 275.13851584494114 20606.924363553524 837.05686885118484 55619.344112455845 49009.003735274076 208.01407726854086 260.35997967422009 3610.6227487623692 8314.3526439964771 10366.750932022929 18220.132034569979 9912.7423377633095 6508.2150903567672 33275.702893540263 37091.697009518743 10326.837435930967 3744.6481717973948
leaf_count=201742 194194 65724 117318 179834 284257 88679 39389 1277 65579 163572 48642 167563 117209 1096 42751 1025 94578 94639 901 712 17059 27593 121730 28029 12997 32546 188798 236180 37780 21136
internal_value=0.00044621 0.00283295 -0.00944753 0.000348049 0.00139895 0.0026475 0.00500245 -0.00184606 -0.00234341 -0.000754213 -0.0190025 -0.0070475 0.00591317 0.0356488 0.00472379 0.00751549 0.00324601 0.00433295 -0.00422992 -0.00335793 -0.00353025 -0.00212089 -0.0136118 0.0059204 0.0157572 -0.00188026 -0.00330499 -0.00951642 -0.00991929 -0.00757427
internal_weight=785488 632827 152661 350261 272881 197060 116446 75820.8 74828.3 80613.7 30647.6 122014 282565 992.569 191529 66293.3 125235 104628 56983.2 77380.5 77120.2 63182.7 14975.2 55543.5 10749.8 39991.9 33483.7 65030.4 13937.5 40836.3
internal_count=2694529 1557973 1136556 1101021 823683 575897 323646 247786 245413 252251 372114 764442 456952 2373 339743 107775 231968 189217 339563 277338 276626 221787 170372 93753 14022 222245 189699 424879 54839 257316
is_linear=0
shrinkage=0.05


Tree=90
num_leaves=31
num_cat=0
split_feature=28 28 28 28 0 7 9 15 16 25 0 9 8 9 9 0 22 6 28 0 9 9 21 14 28 15 0 11 9 19
split_gain=17613.2 6308.45 4303.43 1410.53 1214.07 744.729 701.099 903.189 1035.95 673.118 658.933 581.073 1222.85 800.206 612.839 456.637 444.702 440.499 438.712 394.685 343.542 352.162 331.347 443.452 310.736 280.22 275.681 271.345 263.461 808.747
threshold=0.00098349761705273362 0.00043154512788840356 0.0017851237758884741 0.00026724171732840917 956.50000000000011 0.041303064857687137 47909.215000000004 57775.000000000007 57608.500000000007 0.99646385059256992 175.50000000000003 31911.415000000005 30579.050000000003 20105.600000000002 24679.000000000004 1116.5000000000002 64817.250000000007 0.063963297604423347 0.00015446892978425119 375.50000000000006 17574.100000000002 16882.500000000004 28450.920000000002 30705.950000000004 0.0028400872568057163 48531.500000000007 3430.5000000000005 5041.8100000000004 26578.000000000004 33578.765000000007
decision_type=2 2 2 2 2 2 2 2 2 2 2 2 2 2 2 2 2 2 2 2 2 2 2 2 2 2 2 2 2 2
left_child=1 3 9 18 6 17 7 10 -9 -2 -3 12 13 -11 -14 25 19 26 -1 -5 21 -6 23 -20 -7 -13 27 -4 -22 -30
right_child=2 4 5 16 20 24 -8 8 -10 11 -12 15 14 -15 -16 -17 -18 -19 22 -21 28 -23 -24 -25 -26 -27 -28 -29 29 -31
leaf_value=0.029263320132654341 -0.014987872831662322 0.0094317743629834111 -0.035168763605621475 0.010714380149674746 -0.0049467701399371605 -0.023628099686955624 0.0071959966978397422 -0.0213771829184559 -0.00079830066615114981 -0.0062025838465705526 0.0014836412477539857 0.013540989881342107 -0.024122483623631955 0.011747645022507532 -0.011513894192592751 -0.0058577100074901764 0.016296298664521449 -0.025897797569856374 0.013037129211121365 0.0048613750775902739 0.0016857006583390636 -0.021878101517893461 0.022147209366918909 -0.12657711591617823 -0.033827020932552208 -0.00023442429919744916 -0.021101671063548509 -0.0086340878791983846 -0.01156673799884122 -0.0011177835217313253
leaf_weight=8724.1446617022157 27052.98430365324 29126.711103111506 1018.8424192517996 59436.71128050983 10391.925816118717 22579.175596192479 63813.297299265862 8703.776258200407 20565.42936719954 66556.190176934004 249016.20561376214 4452.2379642128944 12536.508352398872 6847.4875122904778 41672.069111019373 57588.076435983181 18158.146596610546 9581.9680603593588 20965.050660125911 55883.346991598606 37519.125632971525 4359.5226055085659 16360.097260162234 57.030428998172283 11159.4156819731 21612.472744703293 8128.6249601989985 17725.037779182196 22897.268662929535 96837.859337821603
leaf_count=74134 44552 86211 1684 265839 20185 41661 181097 16318 47806 116288 599447 8882 20556 13550 69647 99849 83399 17352 135547 204915 79669 6997 108566 255 21219 39572 13961 32131 41470 201770
internal_value=-0.000765345 0.00350352 -0.0107669 0.0116276 0.000817808 -0.0216481 0.00242679 0.00143679 -0.00691784 -0.00756207 0.00231596 -0.00661118 -0.00873426 -0.00452809 -0.0144298 -0.00337243 0.00902326 -0.0166934 0.0191673 0.00787805 -0.00265473 -0.00995052 0.0168111 0.0126584 -0.0270015 0.00211862 -0.0134114 -0.0100764 -0.00197034 -0.00311597
internal_weight=1.03133e+06 722816 308511 179585 543231 70193.1 371225 307412 29269.2 238318 278143 211265 127612 73403.7 54208.6 83652.8 133478 36454.5 46106.3 115320 172006 14751.4 37382.2 21022.1 33738.6 26064.7 26872.5 18743.9 157254 119735
internal_count=2694529 2153625 540904 872655 1280970 128008 930879 749782 64124 412896 685658 368344 220041 129838 90203 148303 554153 65128 318502 470754 350091 27182 244368 135802 62880 48454 47776 33815 322909 243240
is_linear=0
shrinkage=0.05


Tree=91
num_leaves=31
num_cat=0
split_feature=28 28 28 25 7 7 6 0 25 14 6 18 20 11 28 7 8 8 16 19 11 14 21 19 10 11 14 7 15 15
split_gain=5347.94 1801.68 918.361 692.555 587.837 532.684 460.793 395.107 375.47 340.284 320.85 312.138 322.007 339.902 272.111 249.88 245.789 244.744 236.851 404.125 254.038 197.435 191.776 362.025 209.426 185.777 327.07 185.067 217.336 175.814
threshold=0.00071938063582610893 0.0003351699759374061 0.0013920962818645107 1.0003800011658921 0.00841190240637151 0.0489305177163167 0.011322102649103749 899.50000000000011 1.0004419150089687 60830.80000000001 0.010126392171501327 56858.370000000003 44534.630000000012 34375.000000000007 0.00018295972369697172 0.06458440090244276 69139.500000000015 68618.750000000015 58867.625000000007 56036.885000000002 43869.19000000001 6358.670000000001 20025.600000000002 20594.800000000003 7976.1450000000013 67053.150000000009 76419.500000000015 0.0062094159651382716 38570.500000000007 28369.500000000004
decision_type=2 2 2 2 2 2 2 2 2 2 2 2 2 2 2 2 2 2 2 2 2 2 2 2 2 2 2 2 2 2
left_child=1 8 4 10 11 6 -6 16 14 -8 25 12 13 -2 -1 21 17 -5 20 -20 -7 -4 24 -24 -23 26 -3 -12 -29 -9
right_child=2 3 15 7 5 18 9 29 -10 -11 27 -13 -14 -15 -16 -17 -18 -19 19 -21 -22 22 23 -25 -26 -27 -28 28 -30 -31
leaf_value=-0.025298641308651105 0.0096038448700274202 -0.0075485411194109774 0.020071618997020091 -0.0011385730452354642 -0.0047468902885734647 0.0053323251376366405 0.0027047951767839914 0.01375236995562882 -0.0056429180033450328 -0.0027849136640089901 0.0016715983504341542 0.0001192693384552693 0.019267290104391193 -0.0035254098490373783 -0.014006386060827176 0.010312595327143894 -0.013719935646443011 0.045360796337121027 0.02586611745959231 0.0033046395299031598 -0.0098375378815513063 0.0076325224657316868 0.012629945231515101 0.0050262083922801935 -0.0014649264044902896 -0.019665157725021191 0.057888463744188927 -0.0073272383251358139 -0.0018482685707417717 0.0034799023649960945
leaf_weight=6489.4785953089595 27184.746097385883 54855.385105088353 2385.0296090245247 68245.203373745084 40211.239688694477 40157.945990085602 109586.08614723384 5139.7656459361315 11467.55806870386 38022.276397496462 15820.969829827547 12281.35399132967 6662.8700009286404 6021.5570595413446 29985.167460091412 41261.879812121391 3984.5757595747709 284.16010408103466 3668.8808816969395 4324.0976458340883 2963.440059825778 9957.4094515144825 19763.039322286844 75289.050033986568 17346.208723962307 3226.4825046062469 191.6235389187932 32667.978186137974 40587.19094529748 21969.283754430711
leaf_count=106307 66238 296952 2840 320907 116177 87485 263652 16123 109103 103318 82015 34792 15377 15812 317159 54025 26103 1505 7814 10920 7204 15101 25793 117932 28798 22434 976 158477 187124 76066
internal_value=0.000584997 -0.00466435 0.0039719 -0.0029425 0.00227941 0.00122968 -1.91238e-06 0.00027759 -0.0135344 0.00129071 -0.00511959 0.0070889 0.00923583 0.00722302 -0.0160155 0.00693966 -0.00164769 -0.000945761 0.00575516 0.0136607 0.0042898 0.00582396 0.00554624 0.00660716 0.00185284 -0.00800423 -0.00732075 -0.00323247 -0.0042916 0.00542752
internal_weight=752002 294915 457087 246973 291084 238934 187820 99623 47942.2 147608 147350 52150.5 39869.2 33206.3 36474.6 166003 72513.9 68529.4 51114.4 7992.98 43121.4 124741 122356 95052.1 27303.6 58273.5 55047 89076.1 73255.2 27109
internal_count=2694529 1721251 973278 1188682 728789 596570 483147 440704 532569 366970 747978 132219 97427 82050 423466 244489 348515 322412 113423 18734 94689 190464 187624 143725 43899 320362 297928 427616 345601 92189
is_linear=0
shrinkage=0.05


Tree=92
num_leaves=31
num_cat=0
split_feature=28 28 28 25 7 7 19 15 6 21 9 12 15 14 0 9 6 6 25 9 15 28 19 15 6 12 11 11 13 7
split_gain=6689.08 1597.67 1457.1 498.877 388.81 348.742 295.88 483.024 466.154 386.379 377.321 378.232 363.502 307.928 290.678 277.506 276.187 270.701 242.768 239.793 331.371 237.774 219.88 229.241 214.642 214.164 212.497 202.217 201.438 187.842
threshold=0.00053068170880908561 0.0010992819614101795 0.00031262984700720361 0.99989047721275381 0.0038676139815267585 0.0085144492123766496 43890.67500000001 51322.000000000007 0.022596075031587629 41391.500000000007 17574.100000000002 31958.650000000005 51867.000000000007 58245.600000000006 1129.5000000000002 21013.800000000003 0.029487377259374805 0.0038555806037979231 0.99848494527833653 28734.005000000001 57452.395000000011 0.00073898119353653087 64743.055000000008 63822.490000000013 0.030626896877441981 46001.005000000012 28645.150000000005 26283.100000000002 109183.40000000001 0.0092151457609904921
decision_type=2 2 2 2 2 2 2 2 2 2 2 2 2 2 2 2 2 2 2 2 2 2 2 2 2 2 2 2 2 2
left_child=2 3 4 14 -1 -4 7 10 9 -8 11 -3 26 -14 22 17 -12 -6 -7 -10 -21 -5 23 -2 -20 -26 -9 -17 -11 -24
right_child=1 6 5 21 15 18 8 12 19 28 16 -13 13 -15 -16 27 -18 -19 24 20 -22 -23 29 -25 25 -27 -28 -29 -30 -31
leaf_value=-0.024639961937837906 0.0012330528862549721 0.0061846026513915249 -0.0090406622570066483 -0.0033219817598477332 -0.020957757239391851 0.0051089502311486117 -0.024761788248899533 -0.004275754721796558 0.013637766987495357 0.0098849527265006815 -0.00053723044879604891 0.014263632912799307 0.003249736760998287 0.014255141850079815 0.0053936081097830206 -0.026564238952850833 0.0057298108767451263 -0.0033412020208821395 -0.0059822007320431778 -0.012084034054119909 0.000367391690859045 0.00036417746066660152 -0.014369300394892943 0.010335523533104104 0.0057002623990299699 -0.0074388776472445635 0.028033535137712864 -0.014280406954360626 -0.018986473433440634 -0.0014063583969301566
leaf_weight=11442.040153522044 89223.082713186741 88375.014408320189 51358.448747090995 77143.123076274991 2914.7427322864532 7075.5665164217353 871.89377054572105 572.35382148623466 2573.5601342320442 23087.819915056229 33133.708850562572 17327.484448581934 10424.881574839354 16284.066559404135 58880.886349380016 4771.6317198388278 37450.130216777325 8658.5194870196283 55866.547353938222 6743.413172185421 25737.002538204193 101057.00898595154 3668.0709390938282 7498.2128665745258 8733.0468601584435 4809.2850224077702 4590.8664137125015 11247.979558035731 620.38356304168701 11736.346152454615
leaf_count=152210 275800 131888 324535 296306 33059 29731 1720 646 2992 40940 60100 21599 16402 23230 141965 57283 60161 91490 327946 12395 45820 267201 15295 21999 43862 27545 5717 123806 1191 39695
internal_value=0.000445735 0.00284781 -0.00843548 0.000619738 -0.0168907 -0.00585379 0.00575325 0.00664282 0.00264813 0.00792729 0.00561869 0.00750897 0.0123073 0.00995958 0.00254892 -0.0136773 0.00278791 -0.00777796 -0.00371384 -0.00105365 -0.00221771 -0.00123157 0.00105508 0.00193871 -0.00461324 0.00103416 0.024452 -0.0179393 0.00912946 -0.00449307
internal_weight=783877 616999 166878 349207 39034.9 127843 267793 208159 59634.1 24580.1 176286 105702 31872.2 26708.9 171007 27592.9 70583.8 11573.3 76484.4 35054 32480.4 178200 112126 96721.3 69408.9 13542.3 5163.22 16019.6 23708.2 15404.4
internal_count=2694529 1483062 1211467 1058261 457848 753619 424801 319743 105058 43851 273748 153487 45995 39632 494754 305638 120261 124549 429084 61207 58215 563507 352789 297799 399353 71407 6363 181089 42131 54990
is_linear=0
shrinkage=0.05


Tree=93
num_leaves=31
num_cat=0
split_feature=28 28 28 28 28 25 7 9 9 13 19 11 0 0 9 9 15 22 6 9 9 19 13 11 9 20 9 9 15 19
split_gain=15968.6 5696.37 4108.03 1258.85 1172.6 705.949 675.071 607.455 1362.86 714.489 932.996 590.644 512.093 510.593 468.209 419.836 645.351 506.123 418.644 389.497 377.146 345.259 746.846 797.058 401.669 323.813 314.024 307.888 287.2 279.002
threshold=0.00098349761705273362 0.00041981608926951083 0.001843579068020452 0.00021395048755677609 0.00069166489834062946 0.99563290501723267 0.037313229788923492 17574.100000000002 16882.500000000004 39956.450000000004 32640.665000000005 5041.8100000000004 444.50000000000006 375.50000000000006 20105.600000000002 19035.500000000004 38570.500000000007 24077.300000000007 0.065597861594731049 8093.5000000000009 8093.5000000000009 58686.070000000007 55711.070000000007 37881.450000000004 33578.765000000007 10070.225000000002 17574.100000000002 47909.215000000004 22999.500000000004 11619.035000000002
decision_type=2 2 2 2 2 2 2 2 2 2 2 2 2 2 2 2 2 2 2 2 2 2 2 2 2 2 2 2 2 2
left_child=1 3 5 29 12 -2 18 8 11 14 -11 -7 19 20 -9 17 -17 -14 -4 -3 25 22 24 -24 -6 -5 -8 -15 -10 -1
right_child=2 4 6 13 21 7 26 9 28 10 -12 -13 15 27 -16 16 -18 -19 -20 -21 -22 -23 23 -25 -26 -27 -28 -29 -30 -31
leaf_value=0.0079597476335395972 -0.016724698737701067 -0.0025695575829883556 -0.012628128032824116 -0.00054553265030800216 -0.0021159390896775434 -0.024900593059107301 -0.031060525917283872 -0.0021102495314031474 0.013388925160188995 -0.0135035601008458 -0.0038455077099099838 -0.0035157682237892114 -0.0015954375349816212 0.0043914890370764835 0.01259064966124806 0.0083840502076645285 0.00092327477228768831 -0.023377376369645448 -0.026343397081977794 0.0069847536761343254 0.013151498711252031 0.0019603136519122815 -0.018125159368155393 -0.0037440450557937755 0.0047959315526476072 -0.065167592461090482 -0.021404972328657221 0.012293998498185922 -0.020641487970182639 0.024612546909271907
leaf_weight=2885.8079023584723 18661.629253327847 12108.373715102673 21747.419224858284 2710.645069822669 126709.96169748902 3506.7315350919962 17883.791476115584 15134.64375731349 636.06912046670914 33529.40031003952 98365.734116882086 40754.657513990998 34605.667193502188 47587.654497623444 8434.616090297699 37242.574594408274 130718.14449064434 2889.561326622963 7476.6987730413675 89614.981386810541 74795.686615929008 51646.092262029648 14175.386988550425 30079.606719106436 25199.420210838318 208.784464225173 15913.843349903822 16633.639481246471 24536.308304339647 19585.405385918915
leaf_count=21681 30634 30331 39070 9427 252201 5788 33967 26918 1264 55775 173677 72231 83369 186631 16694 97535 332941 5787 13752 277538 380031 108471 23471 59265 52048 528 30420 73553 40714 158817
internal_value=-0.000768659 0.00330348 -0.010324 0.0114781 0.000881876 -0.00737986 -0.0217021 -0.00660444 -0.0104928 -0.00486782 -0.00630071 -0.00521004 0.00294615 0.00973721 0.00315069 0.00150967 0.00257758 -0.00327406 -0.016137 0.00584748 0.0124633 -0.00167694 -0.00263456 -0.00835048 -0.000969367 -0.00516701 -0.0265141 0.00643828 -0.0197816 0.022474
internal_weight=1.02598e+06 719397 306582 164408 554990 243560 63021.8 224898 69433.8 155464 131895 44261.4 307179 141936 23569.3 205456 167961 37495.2 29224.1 101723 77715.1 247810 196164 44255 151909 2919.43 33797.6 64221.3 25172.4 22471.2
internal_count=2694529 2153625 540904 830668 1322957 423695 117209 393061 119997 273064 229452 78019 827501 650170 43612 519632 430476 89156 52822 307869 389986 495456 386985 82736 304249 9955 64387 260184 41978 180498
is_linear=0
shrinkage=0.05


Tree=94
num_leaves=31
num_cat=0
split_feature=28 0 4 28 19 11 14 19 22 13 0 20 7 11 15 28 15 26 21 22 12 11 14 15 7 14 10 9 15 6
split_gain=4826.07 1655.53 964.379 823.685 690.696 836.096 1510.31 601.048 476.73 388.899 365.245 345.093 304.081 278.346 667.094 277.947 258.377 249.356 234.537 227.579 226.107 253.606 371.464 211.53 204.567 199.571 352.88 232.624 183.178 181.091
threshold=0.00050125420332707438 1200.5000000000002 6725.7700000000013 0.00029258724384997376 9124.010000000002 37423.085000000006 33408.000000000007 17574.100000000002 44780.130000000012 69639.85000000002 3151.5000000000005 44216.760000000002 0.080234008440128443 38392.850000000006 38763.840000000004 0.00012657251351342084 7546.1900000000014 6288630.9602500005 41794.000000000007 19130.000000000004 16454.800000000003 16812.500000000004 18234.880000000001 18935.000000000004 1.0000000180025095e-35 49454.895000000011 47624.080000000009 57043.850000000006 58480.155000000006 0.079700090245198016
decision_type=2 2 2 2 2 2 2 2 2 2 2 2 2 2 2 2 2 2 2 2 2 2 2 2 2 2 2 2 2 2
left_child=3 2 -2 15 12 6 -6 23 -7 11 17 13 16 14 -5 -1 -4 -9 -15 -19 21 24 -23 -3 -17 26 -13 -27 -11 -22
right_child=1 7 4 9 5 8 -8 10 -10 28 -12 25 -14 18 -16 20 -18 19 -20 -21 29 22 -24 -25 -26 27 -28 -29 -30 -31
leaf_value=-0.031167774841802189 0.01142372007737074 0.0050103928442686695 0.082864079746090794 -0.006427692586290789 -0.0011679538809973506 -0.010825223850254759 0.0082403066948450402 0.005728984796516786 -0.0018687166031756857 0.05983813015778644 0.0076453052333269617 0.013901123693356401 0.043080211989056066 -0.021980004725345115 0.0091283063094428421 0.14433353441318272 -0.010396444561504627 0.017658606597412193 -0.0065275774603106296 0.0013583740423992157 -0.016196966181796116 0.22803507774961351 -0.035222635338163853 0.01269311905033608 -0.0064447525359253334 -0.001594080170804341 0.16764062654890965 0.02526580960167283 -0.012947683888315274 0.035063360083258679
leaf_weight=2422.4689574725926 17996.17781715095 12233.331061065197 74.541917696595192 59900.926451802254 119519.65917977691 17667.521738767624 66329.886855065823 59592.417769998312 93399.63622123003 86.877149142324924 61567.991789117455 2076.1286312267184 272.904282361269 4537.9085881486535 7787.7799352779984 22.581461474299431 20171.738107442856 2186.0757792145014 5351.4307141527534 104624.39080400765 22611.556430038065 28.265285938978195 25.478037539869547 33478.018101707101 5919.633456453681 12526.505111441016 38.008024081587791 861.53527913242579 17227.716252945364 173.61828880384564
leaf_count=43140 28092 20865 134 388841 382793 64378 152721 130665 334136 446 101086 11361 548 29464 42398 97 77012 4458 33664 237948 281522 112 346 44964 67609 74788 106 5061 133984 1790
internal_value=0.00058561 0.00251851 0.000163954 -0.00772916 -0.000474388 0.000138735 0.00218986 0.00540432 -0.00329343 -0.00570171 0.00435508 -0.00442177 -0.00934641 -0.0057827 -0.00463793 -0.014902 -0.0100531 0.00313772 -0.0136182 0.00169199 -0.013533 -0.00489384 0.103233 0.0106371 -0.00587177 0.00238878 0.0166651 0.000134384 -0.0125825 -0.0158064
internal_weight=750713 609114 335432 141598 317436 296917 185850 273682 111067 110395 227971 93080.2 20519.2 77578 67688.7 31203.6 20246.3 166403 9889.34 106810 28781.1 5995.96 53.7433 45711.3 5942.21 15502.2 2114.14 13388 17314.6 22785.2
internal_count=2694529 1579800 1039814 1114729 1011722 934028 535514 539986 398514 720113 474157 585683 77694 494367 431239 394616 77146 373071 63128 242406 351476 68164 458 65829 67706 91316 11467 79849 134430 283312
is_linear=0
shrinkage=0.05


Tree=95
num_leaves=31
num_cat=0
split_feature=28 28 28 25 7 20 7 25 9 12 7 6 19 27 10 25 9 15 19 21 11 16 15 15 21 22 12 19 21 6
split_gain=6019.7 1577.28 1208.27 518.351 393.387 386.58 333.422 319.359 313.366 292.451 281.679 262.462 275.297 259.515 258.986 230.221 210.027 424.473 341.279 290.458 212.494 187.246 175.954 225.276 210.992 375.304 191.535 170.884 158.258 155.387
threshold=0.00050444509212370489 0.0010992819614101795 0.00028159227829546078 0.9979193538560599 0.030902097987837069 19633.000000000004 0.0063818057642117667 0.99987929188743507 17755.500000000004 22751.050000000003 0.017778961911389279 0.060964552725426321 45076.205000000009 24.957500000000003 6667.9750000000013 0.99968943277842637 17574.100000000002 39054.290000000008 32640.665000000005 23738.500000000004 33375.000000000007 38673.600000000006 9988.7850000000017 10049.450000000003 8048.1550000000016 7947.0200000000013 8676.9950000000008 43890.67500000001 6370.0000000000009 0.030626896877441981
decision_type=2 2 2 2 2 2 2 2 2 2 2 2 2 2 2 2 2 2 2 2 2 2 2 2 2 2 2 2 2 2
left_child=2 3 6 -2 11 9 28 13 -7 -6 22 14 -13 -4 -5 -8 20 19 -19 -18 21 -12 24 26 25 -3 -24 -25 -1 -9
right_child=1 10 7 4 5 8 15 29 -10 -11 16 12 -14 -15 -16 -17 17 18 -20 -21 -22 -23 23 27 -26 -27 -28 -29 -30 -31
leaf_value=0.17643617787114629 0.0053803849110769554 -0.0068662442914938409 -0.0089776232443232826 0.01030468798016286 -0.0058894210756636478 0.013956621447017845 -0.0027580238502521053 -0.010096343767347207 0.0030437101901623306 0.053470367723572304 0.0070674616736860763 0.0085545634991645823 -0.0037158443482523599 -0.0015053395158092944 -0.0020609362467316483 -0.016841730822786168 0.0052233324366670088 0.010444751215864696 0.004208915043485661 -0.008231130306221239 0.034291449836221573 0.013553963723732368 0.05134924467556299 0.0048899646383212432 -0.01835350600612377 0.029014637028208404 -0.0057278232200360874 -0.00073809379642479753 -0.023598086879574917 -0.0036282625304824034
leaf_weight=9.8946718573570234 46111.997032850981 3232.4081358909607 16559.179830543697 4319.5430261939764 13518.736111938953 7364.477267563343 4196.1341232359409 51716.502439603209 61617.254209831357 210.7299077808857 67164.404565185308 12814.702823206782 7105.8717162460089 38954.490218155086 214649.36612571776 9406.3119223117828 7085.9615181684494 33111.840990751982 65037.762464255095 9244.872179210186 784.46311870217323 13334.677350401878 445.47363781929016 46704.374544352293 2053.529597401619 940.92214637994766 219.35881850123405 18963.518042743206 14149.927951782942 11317.478099010885
leaf_count=25 110053 5552 118276 12054 41781 18555 46596 356246 176418 542 94129 35481 23690 220863 725612 117698 13484 45888 108221 17302 880 15745 735 80158 4453 1628 355 36271 196919 68919
internal_value=0.000446098 0.00254965 -0.00869845 0.000422699 -0.000288148 0.00268378 -0.0180878 -0.0064996 0.00420877 -0.00497832 0.00546445 -0.00131712 0.00417758 -0.00373425 -0.001817 -0.0124971 0.00645073 0.00507073 0.00631264 -0.00239323 0.00839432 0.00814195 0.0028035 0.00355788 -0.00523273 0.00122349 0.0325169 0.0032647 -0.0234583 -0.00893503
internal_weight=782346 636036 146310 367713 321601 82711.2 27762.3 118548 68981.7 13729.5 268324 238889 19920.6 55513.7 218969 13602.4 195764 114480 98149.6 16330.8 81283.5 80499.1 72559.6 66332.7 6226.86 4173.33 664.832 65667.9 14159.8 63034
internal_count=2694529 1568987 1125542 1144186 1034133 237296 361238 764304 194973 42323 424801 796837 59171 339139 737666 164294 295649 184895 154109 30786 110754 109874 129152 117519 11633 7180 1090 116429 196944 425165
is_linear=0
shrinkage=0.05


Tree=96
num_leaves=31
num_cat=0
split_feature=28 28 28 28 0 9 15 16 9 7 25 28 9 23 9 10 22 6 10 6 0 9 19 15 14 21 9 21 11 10
split_gain=14492.3 5581.89 3400.71 1464.77 1043.36 749.761 897.727 1141.55 687.264 659.211 580.469 502.464 501.615 864.391 577.005 524.107 453.783 481.886 413.772 405.011 399.309 308.441 291.228 271.799 262.406 338.864 260.089 252.361 365.921 270.628
threshold=0.0010529630938437486 0.00046149101587027321 0.001843579068020452 0.00028518642726975402 1186.5000000000002 47909.215000000004 57775.000000000007 57608.500000000007 34375.000000000007 0.037313229788923492 0.99646385059256992 0.00016278958007897028 31911.415000000005 30403.200000000004 20105.600000000002 28689.600000000002 64817.250000000007 0.0215658582242414 6667.9750000000013 0.065597861594731049 1102.5000000000002 17574.100000000002 28305.000000000004 39770.850000000006 31815.000000000004 24738.500000000004 33578.765000000007 59785.000000000007 59596.750000000007 59006.000000000007
decision_type=2 2 2 2 2 2 2 2 2 2 2 2 2 2 2 2 2 2 2 2 2 2 2 2 2 2 2 2 2 2
left_child=1 3 10 11 5 6 8 -8 -3 19 -2 -1 13 14 -12 -15 17 18 -5 24 -14 -11 -13 -23 25 -4 -26 28 -7 -29
right_child=2 4 9 16 -6 27 7 -9 -10 21 12 22 20 15 -16 -17 -18 -19 -20 -21 -22 23 -24 -25 26 -27 -28 29 -30 -31
leaf_value=0.027415116042796339 -0.014822123247360337 0.00013198890203967691 -0.0088848064579696209 -0.045724052524194342 -0.0037600307650392075 0.0014137294233072507 -0.01983224424865726 -0.00093102032088872928 0.0062442425445256456 -0.030509505026187808 -0.0063705622760051777 0.010854018588445168 0.0030315393735444035 -0.030091587119571085 0.010843087946855956 -0.012159080104199966 0.01417800923804987 0.00089376971676592893 0.0080992638576368597 -0.025752111213047997 -0.0056488331229549611 -0.0034221169616826469 0.019037043863448237 -0.023332533355994115 -0.024039214175034213 0.023338926756197642 -0.0096320486978424703 0.014539023524965883 -0.043794199666475783 0.005782255960780882
leaf_weight=9366.8467139080167 25194.015606299043 253386.49731628597 8122.2102788984776 358.34990440309048 132284.53456224501 13410.255350157619 11813.317115396261 24671.30756944418 56187.86994753778 17433.981525987387 55438.843220710754 23413.486172042787 18080.152468532324 4498.1755287349224 5336.9122558236122 43262.819325551391 20600.233724147081 32347.066964954138 100418.39569397271 7328.8966876715422 49578.396420300007 1959.2565982192755 20299.90684209764 13696.775074228644 6259.2291225045919 906.95884047448635 6271.1981834769249 10832.901232466102 463.06409481167793 47559.039175271988
leaf_count=85574 42046 588598 14956 871 257801 33067 21383 55166 133820 33967 96775 150924 33545 7077 10481 73969 91879 116303 397424 13752 85874 4115 135616 26305 10649 1969 11496 29252 822 129053
internal_value=-0.000772018 0.00274105 -0.0108752 0.00974489 0.000110467 0.00133441 0.000367107 -0.00705103 0.00124137 -0.0211168 -0.00772325 0.016906 -0.00670819 -0.00881454 -0.00485898 -0.013848 0.00727219 0.00620355 0.00790787 -0.015598 -0.00332921 -0.0259349 0.0146541 -0.0208409 -0.0121463 -0.00564801 -0.0168288 0.00596659 -9.52223e-05 0.00740682
internal_weight=1.02078e+06 757413 263368 206804 550609 418324 346059 36484.6 309574 61978.5 201389 53080.2 176195 108537 60775.8 47761 153724 133124 100777 28888.5 67658.5 33090 43713.4 15656 21559.6 9029.17 12530.4 72265.3 13873.3 58391.9
internal_count=2694529 2227553 466976 978591 1248962 991161 798967 76549 722418 117209 349767 372114 307721 188302 107256 81046 606477 514598 398295 52822 119419 64387 286540 30420 39070 16925 22145 192194 33889 158305
is_linear=0
shrinkage=0.05


Tree=97
num_leaves=31
num_cat=0
split_feature=28 0 4 28 9 19 7 19 13 6 25 7 28 12 14 11 12 0 25 15 18 4 10 10 2 6 9 19 7 12
split_gain=4313.83 1521.19 879.226 760.644 662.02 757.206 573.745 551.29 367.725 352.825 335.534 280.672 275.131 266.268 424.581 228.111 269.053 226.749 224.115 214.09 211.605 205.328 197.33 316.345 200.527 189.799 187.145 179.5 216.141 176.645
threshold=0.00050125420332707438 1200.5000000000002 6725.7700000000013 0.00029258724384997376 51511.750000000007 9124.010000000002 0.0087162635244119793 17574.100000000002 69639.85000000002 0.025419750522283385 0.99989047721275381 0.080234008440128443 0.00012657251351342084 19075.800000000003 31640.000000000004 54576.775000000009 68882.950000000012 291.50000000000006 1.0001592449904158 68567.430000000008 6721.545000000001 57678.335000000014 17558.100000000002 17619.590000000004 20460.082152066494 0.0099018881731444061 57043.850000000006 10835.000000000002 0.060963360282768796 57156.55000000001
decision_type=2 2 2 2 2 2 2 2 2 2 2 2 2 2 2 2 2 2 2 2 2 2 2 2 2 2 2 2 2 2
left_child=3 2 -2 12 5 11 -7 22 10 13 26 -4 -1 -9 -15 19 -17 -12 -14 -11 -19 -6 27 24 -24 -23 -5 -3 -29 -10
right_child=1 7 4 8 21 6 -8 9 29 15 17 -13 18 14 -16 16 -18 20 -20 -21 -22 25 23 -25 -26 -27 -28 28 -30 -31
leaf_value=-0.030924688282986952 0.010873261992293369 0.0082322617656819981 -0.0097773322848443527 -0.0079977349496864227 0.062676985329175303 0.0049574482276868136 -0.00039957652393227426 0.017051500946284173 0.0075964175073786906 0.0064379182391301054 -0.0066275562826597139 0.040782705667825665 -0.016600683057165607 -0.0047472105958047623 0.003242736654134438 -0.0053016654998349812 0.0067410354629489069 0.093333160980053981 -0.0074825660443052474 0.018426620354444187 0.00040426130404117651 -0.015141982288671293 0.041375425680355571 0.010955413943754469 0.012668113386661567 -0.0056729164533605644 0.025756172104836397 -0.016085214619245915 0.011105103656394893 -0.013451975267786277
leaf_weight=2307.7279394902289 18063.574160829186 12071.518298745155 20109.827846094966 38957.182096458972 101.73323175311089 66054.011672258377 205416.49547369778 2870.541390568018 1063.1086489632726 100817.97125653923 15536.867863453925 278.28706347942352 16905.046091873199 20893.367388293147 81425.576365217566 9054.915634945035 9508.1434963047504 61.358733490109444 11206.465905468911 3866.6750941425562 37421.668130472302 7543.7103576213121 1468.9879465252161 28232.707554519176 1038.2657528072596 17729.396028965712 415.02305081486702 1847.9542544782162 1209.0925302505493 15978.051139310002
leaf_count=43140 28092 19227 77146 259993 222 211406 610953 6319 7037 179541 112678 548 218334 55123 183522 21681 21530 202 133142 6441 210329 37023 2004 37466 1685 74424 2481 3847 1600 127393
internal_value=0.000585614 0.00240255 0.000143427 -0.00733423 -0.00046754 0.000205951 0.000903891 0.00516399 -0.00539011 0.00415957 -0.00414534 -0.00908721 -0.0143282 0.00203256 0.0016112 0.00597493 0.0008667 -0.00154879 -0.0129658 0.00688074 0.000556383 -0.00821395 0.0101663 0.012467 0.0294876 -0.00849932 -0.00764193 0.00549148 -0.00533117 -0.0121389
internal_weight=749455 609603 335297 139852 317233 291859 271471 274306 109433 228437 92392.1 20388.1 30419.2 105189 102319 123248 18563.1 53019.9 28111.5 104685 37483 25374.8 45868.5 30740 2507.25 25273.1 39372.2 15128.6 3057.05 17041.2
internal_count=2694529 1579800 1039814 1114729 1011722 900053 822359 539986 720113 474157 585683 77694 394616 244964 238645 229193 43211 323209 351476 185982 210531 111669 65829 41155 3689 111447 262474 24674 5447 134430
is_linear=0
shrinkage=0.05


Tree=98
num_leaves=31
num_cat=0
split_feature=28 28 28 7 25 7 25 0 7 16 6 27 19 25 6 19 10 15 19 9 6 20 10 19 25 28 9 2 7 7
split_gain=5405.49 1428.98 1132.2 542.349 399.086 330.329 303.654 264.46 243.163 327.126 242.385 239.534 235.732 232.859 237.407 305.63 258.82 234.178 311.234 290.507 226.865 222.183 240.408 239.192 213.474 206.777 153.026 515.017 152.116 151.44
threshold=0.00050444509212370489 0.0011806735382611615 0.00028159227829546078 0.0087162635244119793 1.0003800011658921 0.0063818057642117667 0.99987929188743507 371.50000000000006 0.0010669918187147791 107114.35000000002 0.034912888506068371 24.957500000000003 94930.000000000015 0.99785169511768923 0.047249933271931617 32640.665000000005 47726.710000000006 31587.600000000002 19732.000000000004 21013.800000000003 0.10657347247740136 106557.90000000001 101034.40000000001 64743.055000000008 0.99947421956052895 0.00073898119353653087 10631.105000000001 16817.89608237641 0.0067345031548353357 0.033323305107093248
decision_type=2 2 2 2 2 2 2 2 2 2 2 2 2 2 2 2 2 2 2 2 2 2 2 2 2 2 2 2 2 2
left_child=2 3 5 8 7 26 11 -5 9 10 -2 -4 -9 -3 17 16 -16 18 -15 -19 24 23 -23 -10 -7 -6 27 -1 -8 -13
right_child=1 13 6 4 25 20 28 12 21 -11 -12 29 -14 14 15 -17 -18 19 -20 -21 -22 22 -24 -25 -26 -27 -28 -29 -30 -31
leaf_value=-0.012997892648350041 -0.00037906349732046005 0.0078944529272411638 -0.0085405847146853217 -0.0019075488349240553 -0.0035515476278058841 0.0010373577423039148 -0.011768779772944857 0.0038945960586926191 -0.0023731764177265225 0.12496789044630317 0.022087404807066325 -0.0026015347568041358 -0.011442844416513179 0.0014227280277608807 0.0091411268764513328 0.0020564817868254366 0.062415090754109462 0.010829534505816562 -0.012894122574809272 0.0029768041179622784 0.13219594465064952 0.015594217288280846 0.16176685104785421 -0.009340266746843991 -0.015246704458617567 0.00086505088797743802 -0.025436889247337793 0.36450111120438661 -0.0066565596809964088 0.006311409025081878
leaf_weight=2414.2496937289834 4485.6917269229889 71111.859348297119 16336.887802898884 24317.63378252089 41805.190157473087 2474.127658650279 23159.651548057795 168044.88808357716 68617.759622603655 57.971868395805359 1639.2681027203798 33219.290710583329 2543.1763182282448 27417.620018988848 40799.009414225817 21297.749990403652 229.26680353283882 14820.115593314171 4406.0916577875614 57368.208739042282 27.254311047494411 89.100532904267311 41.106522902846336 15014.955900877714 10789.169498670846 72392.562521189451 11251.203281801194 9.0689842924475652 39146.863530084491 5564.0750987827778
leaf_count=32101 13813 100177 118276 87850 157906 26325 168662 457553 237109 87 4534 192796 8007 46229 55422 33886 268 20116 8962 97315 141 342 71 58723 137828 180617 164766 77 256503 28067
internal_value=0.000447142 0.00242851 -0.008287 0.000601013 0.00159535 -0.0175264 -0.00616533 0.00297056 -0.00281609 0.00675269 0.0056338 -0.00346208 0.00366594 0.00549973 0.00447595 0.00691616 0.00943882 0.00301373 -0.000559484 0.00458895 -0.011913 -0.0035224 0.0617411 -0.00362401 -0.0122091 -0.000751765 -0.0229822 -0.0115851 -0.0085568 -0.00132283
internal_weight=780891 636499 144392 399049 309103 26965.1 117427 194906 89945.9 6182.93 6124.96 55120.3 170588 237450 166338 62326 41028.3 104012 31823.7 72188.3 13290.6 83762.9 130.207 83632.7 13263.3 114198 13674.5 2423.32 62306.5 38783.4
internal_count=2694529 1568987 1125542 1206612 891933 361238 764304 553410 314679 18434 18347 339139 465560 362375 262198 89576 55690 172622 55191 117431 164294 296245 413 295832 164153 338523 196944 32178 425165 220863
is_linear=0
shrinkage=0.05


Tree=99
num_leaves=31
num_cat=0
split_feature=28 28 28 28 28 0 9 8 13 19 7 0 11 9 15 22 0 9 11 7 6 13 19 11 9 14 15 22 6 6
split_gain=13189.6 5005.66 3263.56 1425.01 972.625 656.053 733.456 1112.49 686.804 828.075 571.707 536.71 526.934 438.413 701.403 559.647 415.427 394.71 388.74 362.02 345.947 299.208 447.471 297.592 291.329 1309.45 318.253 285.089 274.9 274.251
threshold=0.0010529630938437486 0.0003877098281998322 0.0019770521136848723 0.00069166489834062946 0.00019411249007772078 2410.5000000000005 17574.100000000002 30579.050000000003 37561.450000000004 30609.500000000004 0.036112470926143218 391.50000000000006 5041.8100000000004 19035.500000000004 38570.500000000007 24077.300000000007 355.50000000000006 8093.5000000000009 8814.3000000000011 0.035528413147281952 0.060964552725426321 55711.070000000007 59220.500000000007 18581.500000000004 33578.765000000007 33408.000000000007 51867.000000000007 24803.700000000001 0.031864549986801834 0.0049557261498279579
decision_type=2 2 2 2 2 2 2 2 2 2 2 2 2 2 2 2 2 2 2 2 2 2 2 2 2 2 2 2 2 2
left_child=1 4 5 11 -1 6 7 12 23 -10 20 17 -2 15 -15 -13 18 -3 -6 24 -4 -21 -23 -8 25 -5 -26 28 -18 -20
right_child=2 3 10 19 16 -7 8 -9 9 -11 -12 13 -14 14 -16 -17 27 -19 29 21 -22 22 -24 -25 26 -27 -28 -29 -30 -31
leaf_value=0.023364600294903785 -0.024545502242976747 -0.0023246148656966255 -0.01164750736060075 0.00057408722838734867 0.0012859370085495747 -0.012674368133858511 -0.0017330731813860166 -0.023019593574230088 -0.013378596032188664 -0.0022667866031816307 -0.02668303536736253 -0.0011588233917699149 -0.0052786260967714292 0.0082500232536238116 0.0011137337146088766 -0.022622898511959578 0.0025663335561354134 0.0073689897063578874 0.019187472184826956 -0.0022684646408482226 -0.025669259730999372 -0.014026350631239829 -0.00089633986983595957 0.013227221358251683 0.0063684803559576888 -0.011151361085260365 -0.00038772310331163586 0.0086104141584374926 -0.020726630028525497 0.01166829055708259
leaf_weight=15420.518636539578 3865.7662142664194 12027.452743172646 14842.983338981867 91611.291252881289 6712.1775459945202 51348.759122014046 5767.9362949728966 13756.766881257296 22762.932421088219 63645.667021855712 28235.527288511395 43070.5127954036 43271.981337547302 44557.457377433777 151519.69033025205 3267.2727248221636 9854.7317099869251 82765.761500269175 17623.18526250124 39666.604307860136 6251.6770508885384 17120.948800325394 10449.299854189157 7845.8339799940586 22677.371970117092 32172.47961550951 75334.158596396446 38196.775000102818 1453.4986528605223 38882.738680705428
leaf_count=139151 6674 30921 27341 186641 29413 87163 10235 23822 38306 113387 56471 107946 76057 121988 401583 6672 42043 272922 105980 75651 11988 29671 20602 15532 47131 56430 153258 177252 5129 217169
internal_value=-0.000771427 0.00258334 -0.0104458 0.000740949 0.0115872 -0.00775357 -0.00618334 -0.0105096 -0.00354945 -0.00519401 -0.0220305 0.00294912 -0.0068587 0.00170174 0.00273542 -0.00267225 0.009976 0.00613906 0.0126621 -0.00183528 -0.015803 -0.00504921 -0.00904999 0.00688878 -0.000860985 -0.00247346 0.00117549 0.00654589 -0.000427618 0.0140134
internal_weight=1.01598e+06 754384 261596 626240 128144 212266 160917 60894.5 100022 86408.6 49330.2 337208 47137.7 242415 196077 46337.8 112723 94793.2 63218.1 289032 21094.7 67236.9 27570.2 13613.8 221795 123784 98011.5 49505 11308.2 56505.9
internal_count=2694529 2227553 466976 1511416 716137 371176 284013 106553 177460 151693 95800 942032 82731 638189 523571 114618 576986 303843 352562 569384 39329 125924 50273 25767 443460 243071 200389 224424 47172 323149
is_linear=0
shrinkage=0.05


Tree=100
num_leaves=31
num_cat=0
split_feature=28 28 6 25 7 0 6 10 25 0 14 16 7 6 16 28 7 7 11 0 14 12 9 19 4 7 14 19 13 15
split_gain=3899.6 1445.37 716.853 690.745 476.064 359.304 382.533 358.877 353.909 341.167 301.605 321.669 285.613 283.971 282.142 247.735 245.431 260.503 220.135 228.058 228.177 217.93 209.629 204.754 203.3 202.858 199.099 188.565 304.65 185.941
threshold=0.00076496756399790412 0.0003351699759374061 0.016023871799988387 1.0004051335316542 0.080234008440128443 2723.5000000000005 0.094233548263830291 4576.420000000001 1.0004419150089687 936.50000000000011 61975.000000000007 30251.450000000004 0.00841190240637151 0.010126392171501327 6169.5000000000009 0.00018295972369697172 0.11428792154453407 0.16213998497994911 90627.900000000009 1412.5000000000002 6358.670000000001 65658.450000000012 17755.500000000004 19035.500000000004 6725.7700000000013 0.0062094159651382716 99108.60000000002 9124.010000000002 9204.6500000000015 38570.500000000007
decision_type=2 2 2 2 2 2 2 2 2 2 2 2 2 2 2 2 2 2 2 2 2 2 2 2 2 2 2 2 2 2
left_child=1 8 4 13 18 6 7 24 15 14 11 -8 -9 27 -5 -1 -6 -18 19 20 -2 -16 -11 -21 -4 -15 -20 -3 -29 -27
right_child=2 3 5 9 16 -7 10 12 -10 22 -12 -13 -14 25 21 -17 17 -19 26 23 -22 -23 -24 -25 -26 29 -28 28 -30 -31
leaf_value=-0.023900867598376063 0.038096132434288714 -0.017262319105224747 0.014248208905920693 0.10956158130399794 0.017925703670018361 0.0079614225737268587 0.0027447248955617736 0.007213992854834224 -0.0041065363335758094 0.016367936571141977 -0.01567229952266477 0.014669323048548647 0.0020882626019792629 0.0022892235237141202 -0.00025500987271282616 -0.012513996039733905 -0.0056387472244053124 0.027710179352356652 0.026986643337436656 0.010634494025381519 -0.0026530836243513021 -0.010472493007304204 0.0037688619822367694 0.00089055102088136961 -0.037905774243968772 -0.0063333924458675549 -0.026733196232553932 0.033271481243201097 -0.0065381121887336351 -0.0015945256888654346
leaf_weight=5749.5123566500843 345.52410949766636 4130.3099005073309 8697.1189346909523 57.762194290757179 5435.5426712185144 73429.922618106008 8436.0491932928562 32071.111639246345 10955.857677634805 3766.8053337335587 1128.6200271695852 17157.355276852846 178104.85135251284 17204.783478990197 73160.410542286932 28227.361797548831 2887.4916455149651 734.5518561154604 198.52948331832886 6420.1435192078352 59718.129301965237 5619.6396542862058 26727.975768111646 33647.613472342491 190.95665384829044 36824.753438696265 1314.5553670972586 484.58001510798931 58228.673640303314 47272.5885861516
leaf_count=106307 587 25783 11597 103 10424 109240 13645 70903 109103 10505 2721 26904 375395 87555 333431 317159 5559 1138 573 11832 160678 36121 88884 72619 355 174972 3617 1919 314179 210721
internal_value=0.000583813 -0.00361023 0.00369005 -0.00224475 0.00022303 0.00489239 0.00397551 0.00328658 -0.0119211 0.000834236 0.00962327 0.0107388 0.00287041 -0.00429557 -0.000902863 -0.0144409 0.011207 0.00112443 -0.000755759 -0.000469724 -0.00241867 -0.000983856 0.00532514 0.00245184 0.0131277 -0.00265757 -0.0196847 -0.00693598 -0.00620955 -0.00366959
internal_weight=748329 318411 429918 273478 110702 319216 245786 219064 44932.7 109333 26722 25593.4 210176 164146 78837.8 33976.9 9057.59 3622.04 101644 100131 60063.7 78780.1 30494.8 40067.8 8888.08 101302 1513.08 62843.6 58713.3 84097.3
internal_count=2694529 1816742 877787 1284173 267027 610760 501520 458250 532569 469044 43270 40549 446298 815129 369655 423466 17121 6697 249906 245716 161265 369552 99389 84451 11952 473248 4190 341881 316098 385693
is_linear=0
shrinkage=0.05


Tree=101
num_leaves=31
num_cat=0
split_feature=28 28 28 7 7 25 6 14 25 9 6 27 20 12 19 20 9 13 16 11 22 19 0 20 22 10 27 13 15 6
split_gain=4858.91 1217.69 1155.19 511.375 425.444 308.81 308.582 305.987 286.178 279.646 291.724 252.353 226.878 404.637 223.536 221.261 221.215 241.613 223.291 209.754 207.713 200.473 196.568 242.641 218.236 189.564 172.951 159.129 265.774 207.517
threshold=0.00053743418994790326 0.0003223324648619915 0.0012309883816877083 0.030902097987837069 0.0039501008507197193 0.99993317765750189 0.010126392171501327 67236.000000000015 0.99994404493848166 21013.800000000003 0.0038555806037979231 48.157500000000006 9892.5800000000017 9266.7050000000017 101211.05000000002 65628.140000000014 7202.6650000000009 10518.625000000002 8899.6000000000022 26283.100000000002 11553.000000000002 65080.755000000012 2410.5000000000005 6603.0750000000007 7141.5200000000013 6230.0000000000009 23.421500000000005 65080.755000000012 51322.000000000007 0.024814263829277056
decision_type=2 2 2 2 2 2 2 2 2 2 2 2 2 2 2 2 2 2 2 2 2 2 2 2 2 2 2 2 2 2
left_child=1 4 3 8 -1 11 7 15 26 10 -6 -3 20 -14 -9 -5 18 -18 -10 -11 -8 -21 23 24 -4 -7 -2 28 -25 -29
right_child=2 5 22 6 9 25 12 14 16 19 -12 -13 13 -15 -16 -17 17 -19 -20 21 -22 -23 -24 27 -26 -27 -28 29 -30 -31
leaf_value=-0.022955972637025434 -0.0046204609306379251 -0.0051807393359345304 0.010213526440859799 0.0074599367184402833 -0.019508887148425143 0.030573349807947143 -0.0071364123410408813 0.031067643745317026 0.0011412923576757934 -0.02472342646446575 -0.0012954463025349511 0.0012112846931967962 0.052565484995900427 0.00283859327480682 -0.031353548165759436 -0.043200053393966355 -0.01105418404857942 -0.0017626148618813107 0.020868640106986702 -0.0073719294835701693 0.094886356564558474 -0.021015975679087837 0.0073001539320082555 0.0030213110447384946 0.049204449239193947 -0.0073826801498116205 0.0018889369931358671 0.0051744326135966532 0.0091281239532829735 -0.0078187611170591059
leaf_weight=11359.113262359053 11097.093426942825 33493.195263005793 9844.9873516857624 21907.199163332582 2900.0091545693576 330.66751183569431 6797.1184726804495 2017.2286971956491 4935.6823989897966 4659.3340385593474 9088.7141704335809 28647.971703663468 411.18876437842846 80303.649365752935 154.40265649557114 217.67542023956776 7396.2836237996817 129442.8378315866 2022.0619955211878 7621.2995215766132 50.258468106389046 4162.6862495318055 83906.757023304701 91616.860489904881 372.44759246706963 63477.299066409469 126833.60183680058 5752.1939879953861 22117.683413475752 6597.6960484981537
leaf_count=162686 41796 207549 12434 57824 34476 1202 18560 4985 14121 59382 98182 141133 882 202015 611 730 27658 401877 5594 86117 107 48621 116688 142724 472 393664 355698 10496 34005 12240
internal_value=0.000444971 -0.00715162 0.00249625 0.000873754 -0.0147764 -0.00474272 0.00373398 0.00871945 -0.000261884 -0.0115085 -0.00570118 -0.00223392 0.00235062 0.00309192 0.0266295 0.00696152 -0.00182262 -0.00226483 0.00687446 -0.0157426 -0.00638758 -0.0121917 0.00539618 0.0042241 0.0116348 -0.00718598 0.00136523 0.00362356 0.00420889 -0.00176694
internal_weight=779535 165740 613795 393586 39791.2 125949 111859 24296.5 281728 28432 11988.7 62141.2 87562.2 80714.8 2171.63 22124.9 143797 136839 6957.74 16443.3 6847.38 11784 220209 136302 10217.4 63808 137931 126084 113735 12349.9
internal_count=2694529 1233012 1461517 1132458 489464 743548 285714 64150 846744 326778 132658 348682 221564 202897 5596 58554 449250 429535 19715 194120 18667 134738 329059 212371 12906 394866 397494 199465 176729 22736
is_linear=0
shrinkage=0.05


Tree=102
num_leaves=31
num_cat=0
split_feature=28 28 28 28 0 11 0 9 9 9 13 19 7 0 11 1 11 9 10 2 0 0 6 6 9 19 11 5 14 10
split_gain=12009.4 4610.76 2992.66 1280.75 952.822 651.153 622.862 819.116 585.216 1182.1 670.606 690.181 561.6 540.079 520.605 429.392 384.531 378.669 354.684 349.186 344.76 339.324 335.604 335.368 328.647 779.422 612.532 327.235 319.052 266.823
threshold=0.0010751805384475791 0.00046149101587027321 0.0019770521136848723 0.00024839727732282348 956.50000000000011 5905.0000000000009 251.50000000000003 17574.100000000002 17574.100000000002 16882.500000000004 37561.450000000004 32640.665000000005 0.036112470926143218 2410.5000000000005 5041.8100000000004 41.996500000000005 15581.300000000001 17574.100000000002 6667.9750000000013 30767.555141492969 628.50000000000011 271.50000000000006 0.023663193914818432 0.060964552725426321 26578.000000000004 33578.765000000007 18873.000000000004 2916.5000000000005 58245.600000000006 8852.4150000000027
decision_type=2 2 2 2 2 2 2 2 2 2 2 2 2 2 2 2 2 2 2 2 2 2 2 2 2 2 2 2 2 2
left_child=1 3 8 16 5 -3 29 -8 9 14 27 28 23 -13 -2 -5 -1 19 -17 -6 -16 -18 -20 -4 26 -26 -19 -10 -12 -7
right_child=2 4 12 15 17 6 7 -9 10 -11 11 13 -14 -15 20 18 21 24 22 -21 -22 -23 -24 -25 25 -27 -28 -29 -30 -31
leaf_value=0.005910720301180377 -0.023941828151093171 -0.015741673865806573 -0.011179411459076319 0.012103100971729647 -0.0078258961871664392 0.0022371110964387593 -0.0035606910335394728 0.0024418629499492052 0.019523333689898996 -0.019900021801471802 -0.012254688710891106 -0.0021209929119890033 -0.026143060217490258 -0.010775991034933608 0.0013233047435531392 -0.032658636004997375 0.024663834359880083 -0.007968401652561248 0.007283084077361961 -0.036073286313415796 -0.0085816239985399053 0.013223814231908019 0.0012213134973472607 -0.025101166029870815 -0.010653497725565746 -0.0013573112260957954 0.0056476245007827395 0.00032727462702751412 -0.033649841891169617 0.010131016281492228
leaf_weight=5618.8406907245517 3698.7984562516212 5371.1746182739735 14714.050537735224 33744.062718495727 17033.802937537432 16937.90972904861 74912.69040350616 235514.69162012637 2556.5391312539577 25528.754801526666 29499.383019939065 57716.180960685015 27634.480385631323 26209.698753088713 15655.202370196581 596.94033470749855 16874.835112027824 11447.455070078373 105251.64987355471 1169.151708394289 20019.709882587194 10524.503911018372 29158.977346688509 6127.2593949139118 28225.890885770321 112084.26854449511 29662.098117619753 16870.92608755827 1851.882753059268 29089.376606017351
leaf_count=40779 6517 9478 27341 165770 31113 44108 164395 571744 5233 44427 50676 102760 56471 44376 28508 1506 145696 21446 436836 1593 34446 79168 108836 11988 50089 226957 64031 30510 2830 84901
internal_value=-0.000768909 0.00233753 -0.0103258 0.00882027 7.80867e-06 0.00153775 0.00179813 0.00099332 -0.00761948 -0.0115198 -0.00574025 -0.00718852 -0.0214694 -0.00482391 -0.00608632 0.00705819 0.017826 -0.00276529 0.00579726 -0.00964019 -0.00423505 0.0202695 0.00596805 -0.0152724 -0.00207549 -0.0032274 0.00185608 0.00285336 -0.0135185 0.00722608
internal_weight=1.0113e+06 763218 248083 201770 561449 361826 356455 310427 199607 64902.5 134705 115277 48475.8 83925.9 39373.7 168752 33018.2 199623 135008 18203 35674.9 27399.3 134411 20841.3 181420 140310 41109.6 19427.5 31351.3 46027.3
internal_count=2694529 2248446 446083 978591 1269855 874626 865148 736139 350283 113898 236385 200642 95800 147136 69471 712948 265643 395229 547178 32706 62954 224864 545672 39329 362523 277046 85477 35743 53506 129009
is_linear=0
shrinkage=0.05


Tree=103
num_leaves=31
num_cat=0
split_feature=28 0 14 14 9 21 15 8 28 7 21 11 9 25 19 15 19 28 12 11 12 7 20 7 6 0 0 26 15 6
split_gain=3476.37 1225.31 777.339 856.821 1251.71 893.239 806.031 727.926 704.843 449.662 421.835 384.729 365.365 361.8 342.888 308.861 281.989 269.847 266.061 259 221.049 233.139 267.169 209.477 302.6 215.041 204.341 211.575 201.35 176.766
threshold=0.00052402322918579435 1519.5000000000002 58890.000000000007 31815.000000000004 19035.500000000004 32431.715000000004 41751.000000000007 6732.0950000000003 0.00029258724384997376 0.049973593135832738 52031.980000000003 67053.150000000009 34375.000000000007 0.99989047721275381 17574.100000000002 28369.500000000004 56036.885000000002 0.00012657251351342084 41775.695000000007 50482.390000000007 16454.800000000003 0.0093185697320351101 17079.100000000002 -1.0000000180025095e-35 0.038945282546173535 331.50000000000006 3151.5000000000005 7755607.4659400014 43928.05000000001 0.079700090245198016
decision_type=2 2 2 2 2 2 2 2 2 2 2 2 2 2 2 2 2 2 2 2 2 2 2 2 2 2 2 2 2 2
left_child=8 2 3 4 7 6 -5 -2 17 12 -7 13 28 -10 -3 -6 19 -1 -14 -11 21 22 -19 24 -15 -25 27 -16 -4 -22
right_child=1 14 9 5 15 10 -8 -9 11 16 -12 -13 18 23 26 -17 -18 20 -20 -21 29 -23 -24 25 -26 -27 -28 -29 -30 -31
leaf_value=-0.030439831331153508 0.010325029997817448 0.00980659460925783 0.021828047416233003 0.0087960403163031484 -0.0016424370405985129 0.0016019069721683573 0.031205591018006171 -0.00020750067812185595 -0.0070811714660645982 0.0068726596599395316 0.010487267423118314 -0.016266994906161989 0.0163079142591676 0.022541457463440537 0.0059251706757314426 -0.014539546338486989 -0.0025037786311335806 0.0027300227316451511 -0.0046033822940730043 0.031047817610657166 -0.014592602051383026 -0.016285555885261656 0.099722716222646002 -0.0057006239370545131 0.18264798922706083 0.00034925594706373183 0.0067590200226042346 0.001482538374544041 -0.025181657081404758 0.03659291438814545
leaf_weight=2100.9474075213075 18950.757441684604 36010.631109669805 247.07144755125046 19294.309872701764 6296.076663389802 93699.388333588839 5066.2029808014631 122089.75872834027 49708.169188007712 3391.8390518426895 15578.587392345071 6590.5880650505424 1554.4521859437227 259.01112634688616 43489.606352493167 17671.243879824877 4450.5712872594595 3503.6306101866066 70909.16644410789 1645.3222340792418 21009.136316806078 2102.4687615446746 72.466907758265734 21858.094822868705 33.306403733789921 44778.36436766386 61939.937163427472 69830.261312380433 2917.4266203790903 170.03805515915155
leaf_count=43140 28894 49147 948 39748 23227 242702 8111 370224 332628 8915 41414 55910 4289 1491 86683 62862 13896 42027 257311 3643 281522 25533 604 159392 110 245844 100744 151887 9893 1790
internal_value=0.000580087 0.00230484 0.000621346 0.0018227 -0.000587483 0.00479863 0.0134565 0.00120769 -0.00616351 -0.00359385 0.0028686 -0.00451397 -0.00488105 -0.00384986 0.00536282 -0.0111516 0.00666665 -0.0131828 -0.0041548 0.0147692 -0.0118329 -0.00307266 0.00469551 -0.00144996 0.0407839 -0.00163523 0.00444975 0.00318752 -0.0215113 -0.0141817
internal_weight=747219 595033 383762 298646 165008 133638 24360.5 141041 152186 85115.8 109278 123228 75628.1 116637 211270 23967.3 9487.73 28958.7 72463.6 5037.16 26857.7 5678.57 3576.1 66928.8 292.318 66636.5 175260 113320 3164.5 21179.2
internal_count=2694529 1504538 1116077 817182 485207 331975 47859 399118 1189991 298895 284116 795375 272441 739465 388461 86089 26454 394616 261600 12558 351476 68164 42631 406837 1601 405236 339314 238570 10841 283312
is_linear=0
shrinkage=0.05


Tree=104
num_leaves=31
num_cat=0
split_feature=28 28 28 7 6 6 7 6 21 10 19 0 25 25 14 7 7 16 6 25 25 6 19 10 15 19 9 20 19 10
split_gain=4360 1164.7 983.23 468.507 369.633 367.868 327.746 287.951 309.033 483.564 287.036 278.2 274.614 253.803 247.09 246.268 226.169 286.225 223.277 222.896 205.806 223.336 278.863 237.109 208.68 287.143 264.53 200.66 227.184 195.529
threshold=0.00050444509212370489 0.0011806735382611615 0.00028159227829546078 0.0087162635244119793 0.0094649376295929937 0.060964552725426321 0.0063818057642117667 0.030626896877441981 66842.450000000012 66612.250000000015 94930.000000000015 215.50000000000003 0.9979193538560599 0.99882047854131939 106117.00000000001 0.0054380819459241862 0.0010669918187147791 107114.35000000002 0.034912888506068371 0.99968943277842637 0.99785169511768923 0.047249933271931617 32640.665000000005 47726.710000000006 31587.600000000002 19732.000000000004 21013.800000000003 106557.90000000001 64743.055000000008 101034.40000000001
decision_type=2 2 2 2 2 2 2 2 2 2 2 2 2 2 2 2 2 2 2 2 2 2 2 2 2 2 2 2 2 2
left_child=2 3 6 16 10 12 -1 13 9 -9 11 -5 -6 -4 -10 -16 17 18 -2 -8 -3 24 23 -23 25 -22 -26 28 -18 -29
right_child=1 20 7 4 5 -7 19 8 14 -11 -12 -13 -14 -15 15 -17 27 -19 -20 -21 21 22 -24 -25 26 -27 -28 29 -30 -31
leaf_value=-0.022049109606902362 -0.00029437772718231308 0.0072147229510217022 0.0003329623494983657 -0.0079012987156505208 0.0041968229204129423 0.0054788405419461915 -0.00091780039275608316 0.0021980494082882128 -0.019079614982944554 0.27245225962255737 -0.018689585002411729 0.0058795169644937509 -0.00098846068009966238 -0.0076633223756024452 -0.036600799669874999 0.058081793229688906 -0.0021981105193461989 0.11407020100741892 0.021189976237448442 -0.015195036423133385 0.0011159421308521462 0.0084876034344408338 0.0017308885824047163 0.059211545293753859 0.010016486660602076 -0.01265452518260927 0.0025378265981352631 0.015024377539227425 -0.0090127268406687902 0.14272457632174843
leaf_weight=12801.938917532563 4477.1470424234867 71396.076015889645 11258.876902900636 3881.049072638154 29837.90751080215 32537.417552247643 3985.9695401489735 17287.532470494509 2876.1000036150217 16.567799918353558 1291.4621245115995 64957.037047579885 177017.91003361344 83661.055116645992 101.29227229952812 213.28354284912348 68363.419255778193 61.322008743882179 1656.8454656749964 8701.6104611344635 27483.690741211176 40961.120946317911 21342.149089425802 231.6918603181839 14880.520177841187 4390.3917138874531 57566.632815480232 89.84739938378334 14894.949135184288 44.983359664678574
leaf_count=196944 13813 100177 56545 16244 67848 82503 46596 99807 20694 69 4651 190575 530112 585029 872 1288 237109 87 4534 117698 46229 55422 33886 268 20116 8962 97315 342 58723 71
internal_value=0.000442196 0.00220181 -0.0075172 0.000550402 0.00147204 0.000536843 -0.0164048 -0.00555436 -0.000179635 0.0024568 0.00466442 0.00510256 -0.00024051 -0.00671485 -0.0144779 0.0275943 -0.00263381 0.00658329 0.00550874 -0.0107097 0.00496818 0.00400691 0.00636958 0.0087729 0.00259062 -0.000780826 0.00407393 -0.00331855 -0.00341725 0.0576288
internal_weight=778268 637364 140904 399111 309523 239393 25489.5 115415 20494.8 17304.1 70129.5 68838.1 206856 94919.9 3190.68 314.576 89588.5 6195.31 6133.99 12687.6 238252 166856 62535 41192.8 104321 31874.1 72447.2 83393.2 83258.4 134.831
internal_count=2694529 1568987 1125542 1206612 891933 680463 361238 764304 122730 99876 211470 206819 597960 641574 22854 2160 314679 18434 18347 164294 362375 262198 89576 55690 172622 55191 117431 296245 295832 413
is_linear=0
shrinkage=0.05


Tree=105
num_leaves=31
num_cat=0
split_feature=28 28 28 28 0 20 15 16 9 6 7 7 1 25 11 19 0 6 10 6 0 9 9 19 11 9 10 19 9 11
split_gain=10944.5 4389.3 2543.76 1298.21 934.024 679.31 807.76 774.918 687.783 553.036 516.315 505.505 476.559 417.64 371.583 362.155 335.418 330.957 324.814 322.108 292.952 275.901 277.01 576.57 360.969 266.779 244.919 458.1 243.209 218.103
threshold=0.0011373120844159121 0.00048290543810403699 0.0020530322042392585 0.00024839727732282348 1156.5000000000002 59332.060000000005 57775.000000000007 56611.505000000012 34375.000000000007 0.076888717181986935 0.036112470926143218 0.022561378746492371 41.996500000000005 0.99743633249899133 15581.300000000001 54432.785000000011 271.50000000000006 0.065597861594731049 6667.9750000000013 0.022854437267959483 2347.5000000000005 17574.100000000002 27291.550000000003 28734.005000000001 18873.000000000004 16882.500000000004 9034.0500000000011 9944.2900000000027 17574.100000000002 37423.085000000006
decision_type=2 2 2 2 2 2 2 2 2 2 2 2 2 2 2 2 2 2 2 2 2 2 2 2 2 2 2 2 2 2
left_child=1 3 9 14 5 6 8 -8 -3 11 17 20 -5 -13 26 -7 -16 -4 -14 -20 29 25 24 -24 -23 -6 27 -1 -15 -2
right_child=2 4 10 12 21 15 7 -9 -10 -11 -12 13 18 28 16 -17 -18 -19 19 -21 -22 22 23 -25 -26 -27 -28 -29 -30 -31
leaf_value=0.018903503457661262 -0.0040076501919081515 -0.00023492885117898902 -0.01100538506901901 0.011504317077159364 -0.0052772439488382875 -0.0040017419870610462 -0.01870095974779051 -0.0026277902017428282 0.0060105624112892853 -0.015644533025180429 -0.026379337165798968 -0.015389100644346995 -0.026698510130753958 -0.012097930584592268 0.024117506621671905 0.0069895415908441672 0.012585967240323027 -0.026375622485062908 0.0065616500398723871 0.0011763463325741245 -0.0094452029524933253 -0.0075339056200424241 -0.017263169018777755 -0.0031914293773814707 0.0041888589623717675 -0.019670759604302923 -0.0040537473162313492 -0.23574626272808308 -0.0053719976199625213 0.003167824543505636
leaf_weight=2467.136856302619 35716.451019212604 249945.59000438452 12871.660305172205 36159.809305876493 9233.6194261014462 8628.5806581228971 10084.728423133492 29244.392362594604 53520.871512964368 21081.644477069378 24698.622628375888 22641.776814937592 797.43566127121449 19517.914740771055 16290.899400904775 57016.13104480505 10288.47279535234 4811.4357263594866 118031.44712205231 36307.823328763247 17109.458230987191 9003.4203468859196 7833.3888704180717 102934.67025877535 24263.887174814939 4942.444139868021 3057.5879066064954 17.788279712200165 43164.739194244146 15053.584367513657
leaf_count=19164 63662 566142 24362 176137 16970 19399 17997 64923 125614 37209 51783 38845 1973 34874 145696 151067 79168 9628 477518 131231 29284 16489 12781 198610 50432 7821 21562 53 76389 27746
internal_value=-0.000768263 0.00196181 -0.0107234 0.00789698 -0.0003783 0.000885114 -7.20873e-06 -0.00674925 0.000866557 -0.00805179 -0.0217097 -0.00700699 0.00633517 -0.0095687 0.0171981 0.00554481 0.0196538 -0.0151875 0.00513032 0.00529477 -0.00378692 -0.00363994 -0.0029849 -0.00418657 0.00101623 -0.0102955 0.00542161 0.0170806 -0.0074663 -0.00188008
internal_weight=1.00674e+06 790070 216667 223418 566652 408440 342796 39329.1 303466 174286 42381.7 153204 191297 85324.4 32121.9 65644.7 26579.4 17683.1 155137 154339 67879.5 158211 144035 110768 33267.3 14176.1 5542.51 2484.93 62682.7 50770
internal_count=2694529 2300747 393782 1052502 1248245 945142 774676 82920 691756 308009 85773 270800 786859 150108 265643 170466 224864 33990 610722 608749 120692 303103 278312 211391 66921 24791 40779 19217 111263 91408
is_linear=0
shrinkage=0.05


Tree=106
num_leaves=31
num_cat=0
split_feature=0 10 0 9 9 10 25 5 9 21 0 15 13 9 13 15 20 6 7 19 21 14 9 28 11 10 7 21 20 9
split_gain=3175.63 1344.5 1387.66 1113.48 903.047 995.302 592.563 508.935 551.78 512.254 419.268 381.824 578.412 389.023 362.579 348.536 387.242 387.238 362.374 352.271 338.009 407.692 327.577 316.195 298.612 291.076 316.573 389.017 530.374 301.154
threshold=693.50000000000011 8715.8650000000016 307.50000000000006 17755.500000000004 28619.000000000004 37251.000000000007 1.0000836083770452 1303.5000000000002 51511.750000000007 12955.000000000002 2347.5000000000005 38193.000000000007 41769.255000000012 29190.000000000004 22714.950000000004 18935.000000000004 19402.450000000004 0.042462552274504323 0.11428792154453407 10835.000000000002 20480.000000000004 20892.800000000003 20105.600000000002 0.00012657251351342084 54576.775000000009 4576.420000000001 0.0086170856958657453 8904.8150000000023 8975.0000000000018 7202.6650000000009
decision_type=2 2 2 2 2 2 2 2 2 2 2 2 2 2 2 2 2 2 2 2 2 2 2 2 2 2 2 2 2 2
left_child=1 25 23 15 6 11 22 8 9 -4 24 13 -13 -6 -8 19 17 18 -17 -2 -18 -22 -5 -3 -7 -1 27 28 -27 -29
right_child=3 2 7 4 5 10 14 -9 -10 -11 -12 12 -14 -15 -16 16 20 -19 -20 -21 21 -23 -24 -25 -26 26 -28 29 -30 -31
leaf_value=0.012519835961948051 0.0049383415109172744 -0.031073973940197293 -0.0089087622899290727 -0.0027272925665590576 0.024748197467462377 0.0012116885232078068 0.03200442711429656 -0.0063414683233184131 -0.010523084767621389 0.001816842937082162 0.0049786888270362791 -0.0031587466252354863 0.0086181277350580229 -0.009962668947245519 0.00010729462565192005 0.02489293177778883 0.0010851791117066439 0.0048296629243189879 -0.01054803501406565 -0.01072789947112167 0.06208019964821232 0.0089934393811723096 -0.013380439910465858 -0.010394395623869686 -0.0036157449496212303 0.0095524893104007511 -0.00057709311874595327 0.051012779347882876 -0.029974415255603334 0.013079599419685759
leaf_weight=9047.2409180477262 25838.600188069046 1900.7933070845902 12672.16309370473 12504.529563874006 5314.6262382492423 102253.89393352345 918.77761346846819 60249.098960276693 12704.820358835161 91607.47427013889 50315.102332029492 12553.072405830026 61529.188139311969 951.76486556977034 29385.672284968197 9095.1743180453777 15958.85316644609 4848.7408632189035 783.37101458013058 4166.9748224727809 364.04609279334545 55172.834633044899 17062.031725998968 67145.022840686142 46648.204482827336 7093.9640105701983 24911.828848071396 890.37809080630541 963.98907406255603 1268.8751256391406
leaf_count=13927 48143 40992 47832 36501 9558 275421 2168 316126 96552 405526 92374 32222 110733 3471 87725 17236 36809 7694 1296 13067 568 86471 60325 553250 174658 29555 81460 2562 5190 5117
internal_value=0.000575893 -0.00350978 -0.00495054 0.00318023 0.00173391 0.00292738 -0.00383897 -0.00260796 -0.000685141 0.000513457 0.00103272 0.00762502 0.00662256 0.0194762 0.00107436 0.00740411 0.00901931 0.0164022 0.0220825 0.00276272 0.00749851 0.00934142 -0.00887492 -0.0109637 -0.000300655 0.00452235 0.00246265 0.00987423 0.00482381 0.0287215
internal_weight=746121 290456 246279 455665 339437 279566 59871 177234 116984 104280 199217 80348.7 74082.3 6266.39 30304.4 116229 86223 14727.3 9878.55 30005.6 71495.7 55536.9 29566.6 69045.8 148902 44176.3 35129 10217.2 8057.95 2159.25
internal_count=2694529 1598089 1460278 1096440 885156 698437 186719 866036 549910 453358 542453 155984 142955 13029 89893 211284 150074 26226 18532 61210 123848 87039 96826 594242 450079 137811 123884 42424 34745 7679
is_linear=0
shrinkage=0.05


Tree=107
num_leaves=31
num_cat=0
split_feature=28 28 7 7 7 25 20 0 19 14 9 9 20 13 22 0 9 20 11 6 9 12 19 12 21 15 22 6 19 10
split_gain=3960.81 1530.47 624.557 468.608 413.855 383.698 320.85 311.106 310.023 892.544 432.606 360.805 294.709 472.299 262.34 249.239 247.401 456.912 264.038 240.791 225.577 256.435 201.402 363.205 247.003 335.589 309.954 238.549 231.876 220.034
threshold=0.00068713016479790719 0.00032564532120708616 0.031857159886123372 0.0086170856958657453 0.0062908959483089291 1.0004805180466774 106557.90000000001 2723.5000000000005 43890.67500000001 57400.460000000006 33578.765000000007 34375.000000000007 55093.785000000011 63468.055000000008 104976.85000000002 560.50000000000011 34375.000000000007 46752.130000000005 40631.265000000007 0.10657347247740136 21013.800000000003 17594.115000000002 9124.010000000002 5718.9450000000006 16195.500000000002 30771.000000000004 21777.500000000004 0.022854437267959483 20228.000000000004 4576.420000000001
decision_type=2 2 2 2 2 2 2 2 2 2 2 2 2 2 2 2 2 2 2 2 2 2 2 2 2 2 2 2 2 2
left_child=1 4 7 6 -1 15 16 8 9 11 -11 -2 -10 -14 -8 -5 17 -3 -18 20 21 -6 23 -4 26 28 29 -27 -26 -24
right_child=2 3 22 5 19 -7 14 -9 12 10 -12 -13 13 -15 -16 -17 18 -19 -20 -21 -22 -23 24 -25 25 27 -28 -29 -30 -31
leaf_value=-0.019166230467912687 0.001778703081864204 -0.0044081113747485674 0.031410284442093164 -0.0020137493740026865 -0.0096534035123473361 -0.0050950123362853818 0.015486906447698743 0.005529181743033385 -0.0061773541889199842 0.041292296065564255 0.011660479970483646 -0.0071039667924717 0.012202995466815442 -0.0014809994626987849 0.13785007870887986 0.0028238324950508879 -0.022122216275698017 0.043204201080710693 -0.0079301456097742636 0.093730057773713737 -0.0134574315318347 0.0079089934773644739 -0.0016957018768207575 -0.006463182117756045 0.002288630770855352 0.0081142357790562458 0.029644516725122663 0.0039700304704710226 -0.0098954658931078177 0.010386308292033625
leaf_weight=17902.371957555413 158518.45599003136 47466.50448641181 699.07358081638813 53778.39029429853 5510.638518832624 45712.305296249688 124.47965744137764 43681.810958370566 24821.095111966133 1382.7406786382198 11278.595592930913 12320.641607344151 7334.9199571311474 44937.138723537326 67.585480391979218 52734.169199325144 3720.2296662032604 509.29452364891768 27525.782336555421 57.03609810769558 12529.228135298938 3337.243709910661 4502.5703256428242 6700.1469836980104 11757.466857522726 56038.887197569013 1833.6995602697134 91295.700984269381 5846.7071135491133 23109.192048102617
leaf_count=252289 358555 262381 954 289671 62491 215679 593 75457 62739 1735 24099 31626 17725 119472 164 198882 20141 1871 157837 302 149888 35328 5579 13608 23201 106580 2796 151713 14401 36772
internal_value=0.000442392 -0.00443601 0.00305459 -0.00288752 -0.0135545 -0.00126319 -0.00600113 0.00162417 0.000969593 0.00208742 0.0148966 0.0011381 -0.0016911 0.000439166 0.0585451 0.000381328 -0.00615761 -0.00390268 -0.00961989 -0.00886751 -0.00914125 -0.00302922 0.00521157 -0.00288492 0.00551977 0.00476669 0.00973812 0.00554628 -0.00175796 0.00841613
internal_weight=777034 270975 506059 231639 39336.5 152225 79413.9 304275 260594 183500 12661.3 170839 77093.2 52272.1 192.065 106513 79221.8 47975.8 31246 21434.1 21377.1 8847.88 201783 7399.22 194384 164939 29445.5 147335 17604.2 27611.8
internal_count=2694529 1647517 1047012 1147219 500298 704232 442987 691408 615951 416015 25834 390181 199936 137197 757 488553 442230 264252 177978 248009 247707 97819 355604 14562 341042 295895 45147 258293 37602 42351
is_linear=0
shrinkage=0.05


Tree=108
num_leaves=31
num_cat=0
split_feature=28 28 28 28 0 20 15 9 16 9 15 13 19 28 0 19 11 0 12 0 7 15 11 6 10 14 9 19 9 13
split_gain=10022.1 4341.01 1985.02 1321.05 916.927 706.004 920.249 793.095 746.7 517.326 1020.75 522.842 554.394 502.443 486.272 469.956 451.277 431.494 415.562 401.42 366.346 321.964 316.002 308.678 289.381 268.165 266.117 260.265 235.597 252.497
threshold=0.0012476919881554123 0.00050444509212370489 0.0022576900954063791 0.00029258724384997376 1392.5000000000002 59117.05000000001 57775.000000000007 34375.000000000007 56611.505000000012 17574.100000000002 31587.600000000002 37561.450000000004 43890.67500000001 0.00016278958007897028 2410.5000000000005 54432.785000000011 5041.8100000000004 785.50000000000011 62578.100000000006 335.50000000000006 0.03438769020294926 51322.000000000007 8814.3000000000011 0.059590159780262782 47726.710000000006 67570.400000000009 8093.5000000000009 24890.500000000004 17574.100000000002 37561.450000000004
decision_type=2 2 2 2 2 2 2 2 2 2 2 2 2 2 2 2 2 2 2 2 2 2 2 2 2 2 2 2 2 2
left_child=1 3 9 13 5 6 7 -3 -8 10 16 -11 21 -1 -14 -7 -2 -18 19 -5 23 -13 -15 -4 -17 -21 -24 -12 -6 -30
right_child=2 4 20 18 28 15 8 -9 -10 11 27 12 14 22 -16 24 17 -19 -20 25 -22 -23 26 -25 -26 -27 -28 -29 29 -31
leaf_value=0.025596218934032383 -0.024948730793904788 -0.00087885496471513101 -0.0098969225001679859 0.0075177507458088731 -0.011148188031541681 -0.0049169939664118409 -0.017736553335893333 0.0055421624072959867 -0.0033044101664104946 0.0027526371832790092 -0.028522411801918026 -0.0088810145371708057 0.0016397472326944711 -0.0074392095984239853 -0.010396535591942218 -0.02115742729278923 0.00081741601720852525 -0.011365390205128915 0.010912447281097314 0.0025348944865382305 -0.027311650874982163 -0.017682504831693188 -0.16361498140553479 -0.027600658778400979 0.0066586950683782207 -0.043218518372174212 0.01305134009128143 -0.016261348863406824 0.00042540842592472036 -0.0050888902914798737
leaf_weight=8092.2345655933022 3560.7445048540831 276566.02372083068 7235.8433304131031 59862.25595228374 12161.561729937792 11016.410049855709 12625.184326052666 58212.531641706824 30892.36623108387 11981.320478066802 9697.1824332326651 28201.963723942637 19078.43288269639 1987.4101392030716 14980.282647967339 948.88131079077721 12782.89931063354 16846.842720732093 27196.457514718175 105704.11719542742 19805.582611382008 16451.833189740777 21.326723322272301 3732.0777546167374 63964.796807780862 321.22774288058281 42205.260170079768 7817.0983429700136 26833.263568431139 91712.936293631792
leaf_count=85574 6677 600667 14131 254036 20802 23691 21981 132246 65469 22099 17501 50808 34841 10241 26013 1709 23477 29771 118336 357672 42876 27919 38 7623 161916 882 298763 14896 52692 169182
internal_value=-0.000765128 0.00151136 -0.0117438 0.00709306 -0.000830263 0.000231673 -0.000651464 0.000237655 -0.00749142 -0.00923922 -0.013284 -0.00697788 -0.00845902 0.0141416 -0.00365426 0.00463161 -0.00813058 -0.00610947 0.00518362 0.00424441 -0.0232519 -0.0121238 0.0120451 -0.015921 0.00625209 0.00239627 0.0129621 -0.02305 -0.00452063 -0.00384071
internal_weight=1.0025e+06 830324 172172 245390 584934 454226 378296 334779 43517.6 141399 50704.8 90693.8 78712.5 52306.2 34058.7 75930.1 33190.5 29629.7 193084 165888 30773.5 44653.8 44214 10967.9 64913.7 106025 42226.6 17514.3 130708 118546
internal_count=2694529 2375897 318632 1125542 1250355 1007679 820363 732913 87450 254002 92322 161680 139581 394616 60854 187316 59925 53248 730926 612590 64630 78727 309042 21754 163625 358554 298801 32397 242676 221874
is_linear=0
shrinkage=0.05


Tree=109
num_leaves=31
num_cat=0
split_feature=0 10 0 9 9 10 25 5 9 21 15 11 14 13 15 13 9 15 8 19 6 0 10 7 21 20 9 9 7 28
split_gain=2864.55 1230.62 1283.85 1016.09 836.556 912.469 559.124 476.035 508.698 486.082 398.452 755.209 474.059 386.512 350.476 536.783 356.415 323.459 363.112 327.712 307.771 284.13 265.171 295.518 352.804 501.426 266.31 264.721 260.299 276.908
threshold=693.50000000000011 8715.8650000000016 307.50000000000006 17755.500000000004 28619.000000000004 37251.000000000007 0.99967774262531039 1303.5000000000002 51511.750000000007 12955.000000000002 51867.000000000007 41129.445000000007 46375.000000000007 22714.950000000004 38193.000000000007 41769.255000000012 29190.000000000004 18935.000000000004 16754.050000000007 10835.000000000002 0.0143313318809309 2723.5000000000005 4576.420000000001 0.0086170856958657453 8904.8150000000023 8975.0000000000018 7202.6650000000009 20105.600000000002 0.026610844532507869 0.0010529630938437486
decision_type=2 2 2 2 2 2 2 2 2 2 2 2 2 2 2 2 2 2 2 2 2 2 2 2 2 2 2 2 2 2
left_child=1 22 20 17 6 14 27 8 9 -4 12 -12 -7 -8 16 -16 -6 19 -19 -2 -3 -15 -1 24 25 -24 -26 -5 -25 -30
right_child=3 2 7 4 5 10 13 -9 -10 -11 11 -13 -14 21 15 -17 -18 18 -20 -21 -22 -23 23 28 26 -27 -28 -29 29 -31
leaf_value=0.011967206258099798 0.0046836847052848544 -0.013302782944893624 -0.0086683545248793983 -0.0033961745256567951 0.023588802421102437 0.0034984378669380787 0.030565777213553275 -0.0060901883977572324 -0.01012038177794296 0.0018053685165411967 0.0093172549609937868 0.00048165027172830172 -0.0065889421593871541 -0.0024806629076253692 -0.0031031257736521232 0.0082434037055624607 -0.0096960555563762145 0.039180140636189437 0.0082730718366798833 -0.010458776870499295 -0.0064450568609786185 0.010211014927237402 0.0092138264926624781 -0.00501156328584524 0.047846575392628057 -0.02959073489133936 0.012545267319013155 -0.013691451805082775 0.013858810653449689 -0.002233641793765988
leaf_weight=9075.6458007618785 25900.734178997576 40721.725015677512 12601.593539893627 10863.002056721598 5366.2190276309848 18434.156477425247 1034.1942272521555 59865.05296330899 12540.332317233086 91600.668286211789 30364.088882386684 118829.7488627471 31633.901342134923 27896.771049804986 12540.116497784853 61754.602733373642 946.06559467688203 960.98167726397514 85570.432129330933 4144.8476538322866 27348.959107346833 5237.7634653151035 7130.9725060015917 14168.400968693197 917.15531937777996 942.52743788436055 1279.6794633492827 14683.835131183267 5032.5551442839205 5701.9764962643385
leaf_count=13927 48143 407394 47832 31533 9558 50484 2427 316126 96552 405526 63662 341465 86842 90682 32222 110733 3471 1179 148895 13067 186848 10021 29555 54926 2562 5190 5117 52056 17387 9147
internal_value=0.000569442 -0.00332602 -0.00471371 0.00303678 0.00165414 0.00280047 -0.00371837 -0.00246515 -0.000606249 0.00053874 0.00098464 0.00227988 -0.00287495 0.000465084 0.00728924 0.00632824 0.0186002 0.00706437 0.00861631 0.00259475 -0.0105475 -0.000474418 0.0043473 0.00238116 0.00951772 0.00468365 0.0272832 -0.0093137 -0.000562054 0.00531081
internal_weight=745089 288927 244678 456161 339584 279869 59715.6 176608 116743 104202 199262 149194 50068.1 34168.7 80607 74294.7 6312.28 116577 86531.4 30045.6 68070.7 33134.5 44248.9 35173.3 10270.3 8073.5 2196.83 25546.8 24902.9 10734.5
internal_count=2694529 1598089 1460278 1096440 885156 698437 186719 866036 549910 453358 542453 405127 137326 103130 155984 142955 13029 211284 150074 61210 594242 100703 137811 123884 42424 34745 7679 83589 81460 26534
is_linear=0
shrinkage=0.05


Tree=110
num_leaves=31
num_cat=0
split_feature=28 28 7 7 7 25 20 0 19 14 9 9 15 16 20 9 6 0 9 20 11 12 11 19 20 19 11 9 12 13
split_gain=3564.58 1392.42 583.147 436.708 409.137 358.973 297.005 292.767 286.65 819.307 402.186 327.801 273.623 369.163 341.087 264.259 282.939 237.919 236.303 418.801 258.618 227.767 212.936 203.021 193.495 190.949 346.701 240.508 249.185 240.532
threshold=0.00068263696510311822 0.0003223324648619915 0.031857159886123372 0.0086170856958657453 0.0039501008507197193 1.0004805180466774 106557.90000000001 2723.5000000000005 43890.67500000001 57400.460000000006 33578.765000000007 34375.000000000007 64465.750000000007 64548.400000000009 61786.950000000004 21013.800000000003 0.0038555806037979231 565.50000000000011 34375.000000000007 46752.130000000005 40264.150000000009 104032.35000000002 26283.100000000002 65080.755000000012 47301.000000000007 9124.010000000002 5041.8100000000004 17574.100000000002 32442.165000000005 51367.000000000007
decision_type=2 2 2 2 2 2 2 2 2 2 2 2 2 2 2 2 2 2 2 2 2 2 2 2 2 2 2 2 2 2
left_child=1 4 7 6 -1 17 18 8 9 11 -11 -2 13 -10 -14 16 -6 -5 19 -3 -20 -8 -17 -24 -19 26 -4 28 -27 -29
right_child=2 3 25 5 15 -7 21 -9 12 10 -12 -13 14 -15 -16 22 -18 24 20 -21 -22 -23 23 -25 -26 27 -28 29 -30 -31
leaf_value=-0.0216535518014449 0.0016557658360868311 -0.0042432729769599116 0.014515740630035832 -0.0019247768185467109 -0.01830148737128123 -0.0049554127758826144 0.023840304447108319 0.0052973624042213785 -0.0052445020766114523 0.039487588666018043 0.011056208532987829 -0.0067792245741169757 0.0081676281837969635 0.048878416907810016 -0.0018122109754124855 -0.023685436377784114 0.00017146697972737583 0.0052029841562724003 -0.024690952664553008 0.041276617416492418 -0.0080032334026859126 0.14705497056828404 -0.0056104996054212423 -0.019801030857273302 -0.0011577281062522631 0.0063574401996429608 -0.0096001746238739746 0.0012593814799417785 0.014626705718911665 0.0056991846585074781
leaf_weight=10373.721904102713 159967.47458454967 47212.0057008937 2063.7595381885767 54079.901603348553 2717.5732286125422 44837.656066380441 144.77615692466497 43846.875346466899 36639.642708733678 1395.9692045450211 11415.444847345352 12411.79561984539 12181.906426310539 317.79491703212261 28809.417219206691 4300.9301434792578 8736.577304828912 32079.135408140719 2529.2060487121344 510.76183280348778 28296.595000378788 50.620336070656776 7201.1945672035217 3877.7183219604194 19060.440999634564 54895.719886720181 5363.8777845948935 49084.243465602398 10922.902729973197 80597.837328538299
leaf_count=162686 362955 264311 2557 294056 34476 214238 646 75639 94648 1735 24326 32076 29149 545 78757 59382 98182 117431 13704 1833 165042 101 86117 48621 75972 83168 12132 96996 12972 150076
internal_value=0.000441736 -0.00425034 0.00288947 -0.00279155 -0.0132209 -0.00120914 -0.00580703 0.00151472 0.000884423 0.00195507 0.0141542 0.00104842 -0.00165923 -0.0047791 0.00115362 -0.00996095 -0.00421136 0.000387273 -0.00596018 -0.00375609 -0.00937243 0.0557609 -0.014243 -0.0105773 0.00283226 0.00496916 -0.0028996 0.00526811 0.00772976 0.00401873
internal_weight=775923 266009 509915 228801 37207.7 150057 78744 306986 263139 185191 12811.4 172379 77948.8 36957.4 40991.3 26834 11454.2 105219 78548.6 47722.8 30825.8 195.396 15379.8 11078.9 51139.6 202928 7427.64 195501 65818.6 129682
internal_count=2694529 1636798 1057731 1147334 489464 701697 445637 699830 624191 421092 26061 395031 203099 95193 107906 326778 132658 487459 444890 266144 178746 747 194120 134738 193403 357901 14689 343212 96140 247072
is_linear=0
shrinkage=0.05


Tree=111
num_leaves=31
num_cat=0
split_feature=28 28 28 28 0 11 0 0 9 7 9 9 13 19 15 7 19 9 13 9 12 13 10 11 0 6 9 14 9 19
split_gain=9210.91 4122.48 1639.15 1234.47 942.736 688.94 631.221 598.959 1001.56 411.033 388.656 368.465 432.844 373.715 371.604 361.095 355.518 337.011 527.567 330.276 325.222 319.44 548.329 396.728 303.835 290.023 277.062 536.81 274.837 249.346
threshold=0.0013269076416109271 0.00050444509212370489 0.0022576900954063791 0.00020938322237649569 1156.5000000000002 5905.0000000000009 387.50000000000006 335.50000000000006 17574.100000000002 0.024971701346101455 17574.100000000002 17574.100000000002 41769.255000000012 43890.67500000001 31587.600000000002 0.037968947738528568 22714.950000000004 19035.500000000004 25273.800000000003 16882.500000000004 24123.700000000004 37561.450000000004 37251.000000000007 18873.000000000004 2034.5000000000002 0.059590159780262782 29190.000000000004 32685.260000000006 8435.1900000000005 8966.2250000000022
decision_type=2 2 2 2 2 2 2 2 2 2 2 2 2 2 2 2 2 2 2 2 2 2 2 2 2 2 2 2 2 2
left_child=1 3 9 28 5 -3 16 29 -9 24 19 14 -13 -14 -11 25 20 18 -8 -6 -5 23 -23 -12 26 -4 27 -2 -1 -7
right_child=2 4 15 6 10 7 17 8 -10 11 21 12 13 -15 -16 -17 -18 -19 -20 -21 -22 22 -24 -25 -26 -27 -28 -29 -30 -31
leaf_value=-0.037746598586816206 0.00025672988672365921 -0.014841832052748499 -0.010638383703920081 0.0057972469087674023 -0.0052146372340572287 0.011154722520680393 0.0010108747129564902 -0.005360304072129893 0.0012313227077698254 -0.011873890265967593 -0.0070817274476643382 0.0029982592641672355 -0.015679900609522925 -0.0051718620484919589 -0.024589195451623289 -0.027242951524695937 0.011347303435409958 0.0044923225738370542 -0.020201536548063607 -0.01834127340904021 -0.065873237106494495 -0.0098248934975426645 -0.0024269719208542262 0.0040974237504970762 -0.011250755579640233 -0.026981305413578488 0.0045141923079620901 -0.015154958150311069 0.020228516546644332 0.003473873778697708
leaf_weight=206.87638039886951 13723.581716179848 7301.4394487887621 8123.8931911438704 52130.530166715384 12045.078292578459 13191.817653685808 18270.837581895292 73510.186211839318 266720.99101737142 13466.522749245167 11097.810817569494 5967.275109604001 21561.26110778749 13926.456220149994 10022.514958173037 17987.081399902701 54633.163212642074 97054.821778550744 3491.2364342212677 7957.8116502165794 158.76688395440578 33067.70072671771 103269.25495320559 27857.982942819595 19257.056911274791 4076.9887331873178 8373.116638019681 9604.380081564188 17246.950538173318 53090.358127892017
leaf_count=1387 25321 12673 16023 237053 21689 35906 62256 146727 597553 24973 19975 11320 38463 25162 19314 40067 286698 358762 9923 12898 466 57149 196939 57150 33611 8540 15547 17090 168997 134897
internal_value=-0.000761546 0.00122676 -0.0123615 0.00673007 -0.000970489 0.000380838 0.00573953 0.000654254 -0.000192861 -0.00965856 -0.00383383 -0.0122961 -0.00946117 -0.0115562 -0.0172994 -0.0227392 0.00852669 0.00323138 -0.00239218 -0.0104368 0.00557963 -0.00308036 -0.00422129 0.000912683 -0.00629712 -0.0160995 -0.00328799 -0.00608843 0.0195414 0.00500256
internal_weight=998394 852304 146090 243193 609110 413815 225739 406513 340231 115902 195296 64944 41455 35487.7 23489 30188 106922 118817 21762.1 20002.9 52289.3 175293 136337 38955.8 50958.1 12200.9 31701.1 23328 17453.8 66282.2
internal_count=2694529 2419098 275431 1125542 1293556 927756 955158 915083 744280 210801 365800 119232 74945 63625 44287 64630 524217 430941 72179 34587 237519 331213 254088 77125 91569 24563 57958 42411 170384 170803
is_linear=0
shrinkage=0.05


Tree=112
num_leaves=31
num_cat=0
split_feature=0 10 0 9 9 10 9 0 5 9 21 13 15 8 25 13 15 20 6 19 8 7 21 7 20 23 28 20 6 10
split_gain=2588.71 1137.8 1075.25 1023.91 866.01 900.793 539.419 391.426 390.713 447.977 453.956 373.176 539.162 357.295 348.101 342.968 342.655 383.387 360.934 340.018 336.757 335.772 328.385 348.491 341.087 297.801 276.537 266.959 258.68 227.769
threshold=639.50000000000011 8715.8650000000016 279.50000000000006 17755.500000000004 28619.000000000004 37251.000000000007 20105.600000000002 2347.5000000000005 1269.5000000000002 51511.750000000007 12955.000000000002 39956.450000000004 38570.500000000007 21220.050000000003 1.0000947758177319 22714.950000000004 18935.000000000004 19402.450000000004 0.043787515431454725 10835.000000000002 29634.150000000005 0.11428792154453407 22999.500000000004 0.056139489097160732 30539.000000000004 96387.500000000015 0.00012657251351342084 9308.7100000000009 0.014032200155809573 4576.420000000001
decision_type=2 2 2 2 2 2 2 2 2 2 2 2 2 2 2 2 2 2 2 2 2 2 2 2 2 2 2 2 2 2
left_child=1 29 26 16 6 11 15 25 9 10 -4 20 -13 28 -15 -5 19 18 21 -2 -6 -18 23 -19 -24 -7 -3 -28 -8 -1
right_child=3 2 8 4 5 7 13 -9 -10 -11 -12 12 -14 14 -16 -17 17 22 -20 -21 -22 -23 24 -25 -26 -27 27 -29 -30 -31
leaf_value=0.011342347259497655 0.004351480306604644 -0.030720027550510148 -0.008637194768605581 0.023503055138760342 0.075552412842085998 0.00010599841064851226 0.062780393999155665 0.004626450012751299 -0.0066440575249449773 -0.010037132560346586 0.0011451686888063579 0.024951418237714608 0.0069607177768148875 -0.013434060386429339 -0.0036116705145777233 1.6939307642085192e-05 0.023116778915485834 0.00068724247449506457 0.0040394799640125212 -0.010262030864384472 -0.0046458368631383173 -0.010442958638383184 0.01506112626011501 0.014150737001412082 0.0059069704438339671 -0.009219393797155714 -0.019454258667683712 -0.0088949333687097457 -0.0082726081269074523 0.0022152795840085543
leaf_weight=8556.5593617334962 28938.177735246718 1694.7393408976495 13678.958672486246 1656.3400617912412 133.1007329672575 151405.3544142656 306.00745701044798 50488.296705007553 47486.374651141465 12910.489929292351 89161.311375804245 4424.2036969214678 70945.893206864595 17804.920522172004 18281.782963830978 25264.076295856386 9826.2156349830329 27271.210210137069 4788.5660579428077 4615.2876384742558 7903.3063322007656 806.50263659656048 17454.406391769648 5834.6810901090503 24402.027203246951 9074.2466066665947 6839.1704538241029 47962.812341760844 220.32692068815231 33984.50410296768
leaf_count=13246 54899 39758 55074 4285 282 458178 818 92374 269922 104624 427414 6708 130112 66206 60803 72870 18743 63057 7726 15089 26637 1346 26400 8786 33685 39365 53495 420745 700 121182
internal_value=0.000563743 -0.00343354 -0.00488258 0.00273952 0.0013832 0.00252581 -0.00391092 0.000786713 -0.00282491 -0.00125811 -0.000156 0.00692468 0.00801677 -0.00786145 -0.00845797 0.00146198 0.00665632 0.00825817 0.0154379 0.00234139 -0.00331758 0.0205712 0.00678117 0.00306009 0.00972431 -0.000421302 -0.0108279 -0.0102127 0.0330372 0.00405107
internal_weight=744120 262275 219734 481845 357908 294374 63533.5 210968 163237 115751 102840 83406.5 75370.1 36613 36086.7 26920.4 123937 90383.6 15421.3 33553.5 8036.41 10632.7 74962.3 33105.9 41856.4 160480 56496.7 54802 526.334 42541.1
internal_count=2694529 1505460 1371032 1189069 959338 753656 205682 589917 857034 587112 482488 163739 136820 128527 127009 77155 229731 159743 27815 69988 26919 20089 131928 71843 60085 497543 513998 474240 1518 134428
is_linear=0
shrinkage=0.05


Tree=113
num_leaves=31
num_cat=0
split_feature=28 28 7 7 7 25 20 0 19 14 9 9 20 13 9 6 19 10 6 0 11 22 19 22 19 12 9 11 7 13
split_gain=3208.7 1278.97 525.927 407.98 398.243 340.76 267.327 261.158 265.461 750.863 368.453 312.241 268.595 435.216 260.44 284.432 216.682 359.559 298.217 208.872 205.265 200.344 199.526 196.339 175.036 330.063 223.861 242.616 262.752 219.511
threshold=0.00068713016479790719 0.00032564532120708616 0.031857159886123372 0.0086170856958657453 0.0037850574920839986 1.0004805180466774 106557.90000000001 2723.5000000000005 43890.67500000001 57400.460000000006 33578.765000000007 34375.000000000007 55093.785000000011 63468.055000000008 21013.800000000003 0.0038555806037979231 37895.450000000004 44216.760000000002 0.11404975308263321 570.50000000000011 26283.100000000002 104976.85000000002 65080.755000000012 64191.600000000006 9124.010000000002 5718.9450000000006 17574.100000000002 29230.000000000004 0.072420584252906692 51367.000000000007
decision_type=2 2 2 2 2 2 2 2 2 2 2 2 2 2 2 2 2 2 2 2 2 2 2 2 2 2 2 2 2 2
left_child=1 4 7 6 -1 19 16 8 9 11 -11 -2 23 -14 15 -6 17 -3 -18 -5 -16 -8 -22 -10 25 -4 27 -26 -29 -28
right_child=2 3 24 5 14 -7 21 -9 12 10 -12 -13 13 -15 20 -17 18 -19 -20 -21 22 -23 -24 -25 26 -27 29 28 -30 -31
leaf_value=-0.021207678281986653 0.0016146183733052504 -0.0038751704876916989 0.029705045609267663 -0.0016820891444381037 -0.017931052075456901 -0.0047072805532688694 0.013509801646687131 0.0050334931846311758 -0.0061239208400873744 0.037698221825135846 0.010590914529088899 -0.0066762680285676794 0.011682329447862634 -0.0014201718114764316 -0.022918772364780387 0.00032194487969257535 -0.0091145415259524937 0.042702361299345327 0.062005050638403919 0.0027535057892101368 -0.0053849760455730632 0.11591915556651958 -0.019162684104794291 0.081339642386117503 0.0068229609275988817 -0.006241748368754324 0.0011868775357307829 0.033324790441536391 -0.0037121874529219426 0.0054359674515435828
leaf_weight=9783.0039352290332 158828.13414943218 45294.204630568624 706.10517551004887 54637.301364116371 2779.1345822252333 45282.76435546577 128.48456221818924 43880.857865661383 24647.187370628119 1408.3500042557716 11406.501719906926 12230.520137548447 7379.8932249099016 44881.518440827727 4359.463977817446 9197.9956670403481 32331.564173094928 418.16610857844353 148.07379522919655 51612.392474777997 7537.0593589730561 76.009017258882523 4034.2872318774462 64.331700891256332 63421.187092348933 6677.7849191278219 48865.141576290131 1726.6740819811821 662.64139679074287 80414.797487601638
leaf_count=157266 358555 252110 954 295237 35954 215679 593 75457 62634 1735 24099 31626 17725 119472 61636 103411 188081 1491 548 193316 90482 164 51549 105 93122 13608 96203 1950 728 149039
internal_value=0.000439882 -0.00398972 0.00277712 -0.00259025 -0.012527 -0.00107534 -0.00551843 0.0014647 0.000864341 0.00189636 0.01357 0.00102183 -0.00160095 0.000430047 -0.00948403 -0.00391342 -0.00566774 -0.00344909 -0.00879031 0.000472568 -0.0136721 0.0515747 -0.0101885 -0.00589623 0.00475233 -0.00280424 0.00503833 0.00741221 0.0230531 0.0038299
internal_weight=774822 267620 507202 229929 37690.9 151532 78396.5 304727 260846 183874 12814.9 171059 76972.9 52261.4 27907.9 11977.1 78192 45712.4 32479.6 106250 15930.8 204.494 11571.3 24711.5 202474 7383.89 195090 65810.5 2389.32 129280
internal_count=2694529 1647517 1047012 1147219 500298 704232 442987 691408 615951 416015 25834 390181 199936 137197 343032 139365 442230 253601 188629 488553 203667 757 142031 62739 355604 14562 341042 95800 2678 245242
is_linear=0
shrinkage=0.05


Tree=114
num_leaves=31
num_cat=0
split_feature=28 28 28 28 0 20 13 11 9 0 19 0 9 14 11 19 9 2 19 7 19 10 19 15 19 24 0 19 16 6
split_gain=8479.98 3913.79 1312.66 1162.76 986.882 702.626 888.811 1061.93 784.027 603.491 432.127 396.944 528.445 772.115 540.819 392.345 376.323 393.072 326.36 293.661 282.689 267.453 264.89 263.238 315.63 260.704 345.623 258.748 253.688 215.217
threshold=0.0014178755247707573 0.00050444509212370489 0.0023996687828505086 0.00020452072738714092 1453.5000000000002 59117.05000000001 55711.070000000007 40631.265000000007 34375.000000000007 347.50000000000006 54432.785000000011 2233.5000000000005 31911.415000000005 31815.000000000004 5041.8100000000004 22714.950000000004 47909.215000000004 53087.109318555194 26502.500000000004 0.040669053847602214 17574.100000000002 47726.710000000006 11619.035000000002 48531.500000000007 59220.500000000007 14491932.901660001 2233.5000000000005 10518.625000000002 26031.500000000004 0.059590159780262782
decision_type=2 2 2 2 2 2 2 2 2 2 2 2 2 2 2 2 2 2 2 2 2 2 2 2 2 2 2 2 2 2
left_child=1 3 11 22 5 6 8 -8 -3 15 -7 12 13 14 -2 28 17 -11 -15 29 -13 -12 27 -14 -25 -6 -27 -1 -5 -4
right_child=2 4 19 9 25 10 7 -9 -10 16 21 20 23 18 -16 -17 -18 -19 -20 -21 -22 -23 -24 24 -26 26 -28 -29 -30 -31
leaf_value=0.0082783879756907278 -0.024167644247519271 -0.00047502032217624428 -0.011767075113037385 0.0056981250734262738 -0.0087284374785517403 -0.0045639464971027133 -0.013870085968951562 -0.001822863016577231 0.007679950613390463 0.0024493989023235737 -0.019390588204861621 -0.024601347150333096 0.016238847400157807 -0.028513506988940163 -0.0014688449696799101 0.012094226542781493 0.0078592976352308535 -0.012869102201631892 -0.014062477172810157 -0.028160276394090463 -0.012683813822032017 0.00618333151199639 0.022080055802431602 -0.0079423149136337023 0.0093710704069189365 -0.00061371017342503687 -0.0061730221817348644 -0.055108513231343498 -0.072337772320162946 -0.027166629587459797
leaf_weight=1901.3532542660832 3014.3372786194086 285635.29151409864 6658.2513403296471 48671.223999455571 31882.147248998284 11822.779898837209 25632.357646003366 63874.755224898458 32864.223440632224 95436.15022175014 1038.1838921606541 5890.516006976366 2203.1365900933743 5183.0022651106119 20271.490446671844 42712.407505303621 34128.95881254971 4379.9253156036139 15869.234235644341 14244.905610188842 32048.824630245566 66958.727755889297 13612.536867238581 8426.5456773042679 3828.3847145289183 51937.333317548037 60553.036406487226 175.89037282764912 104.37146779894829 3441.5247872173786
leaf_count=17493 5980 619015 13476 226091 56305 25158 44305 135390 76387 345314 1862 11109 4496 9745 38020 236965 143673 13156 29551 32828 58472 168484 141267 14930 7404 100011 108606 1308 275 7453
internal_value=-0.00075815 0.000961088 -0.0131586 0.00638096 -0.00110607 -3.13768e-05 -0.000870684 -0.00527285 0.000366447 0.00546496 0.00425883 -0.0105469 -0.00797408 -0.0106809 -0.00440719 0.00859521 0.00332693 0.00177722 -0.0176203 -0.0235363 -0.0145341 0.00579287 0.0195422 0.000326889 -0.00253369 -0.0047374 -0.00360626 0.00291111 0.00553114 -0.0170145
internal_weight=994402 873322 121080 241123 632199 487826 408007 89507.1 318500 225433 79819.7 96735.5 58796.1 44338.1 23285.8 91488 133945 99816.1 21052.2 24344.7 37939.3 67996.9 15689.8 14458.1 12254.9 144373 112490 2077.24 48775.6 10099.8
internal_count=2694529 2461065 233464 1125542 1335523 1070601 875097 179695 695402 965474 195504 179707 110126 83296 44000 463331 502143 358470 39296 53757 69581 170346 160068 26830 22334 264922 208617 18801 226366 20929
is_linear=0
shrinkage=0.05


Tree=115
num_leaves=31
num_cat=0
split_feature=0 10 0 9 9 10 25 5 9 21 15 11 14 13 15 13 19 28 20 15 20 6 6 7 21 19 0 7 9 10
split_gain=2330.27 1039.08 1084.65 844.724 709.956 765.234 509.699 438.681 439.282 453.899 376.931 686.483 443.45 330.582 303.882 473.6 306.826 298.413 288.59 282.138 327.114 322.273 310.208 303.044 287.153 285.046 262.676 239.733 233.204 221.002
threshold=693.50000000000011 8715.8650000000016 311.50000000000006 17755.500000000004 28619.000000000004 37251.000000000007 0.99967774262531039 1303.5000000000002 51511.750000000007 12955.000000000002 51867.000000000007 41129.445000000007 46375.000000000007 22714.950000000004 38193.000000000007 41769.255000000012 29342.400000000005 0.00012657251351342084 9308.7100000000009 18935.000000000004 19402.450000000004 0.042462552274504323 0.027309557775494046 0.11428792154453407 19125.000000000004 10835.000000000002 2723.5000000000005 0.077408955430099236 20105.600000000002 4576.420000000001
decision_type=2 2 2 2 2 2 2 2 2 2 2 2 2 2 2 2 2 2 2 2 2 2 2 2 2 2 2 2 2 2
left_child=1 29 17 19 6 14 28 8 9 -4 12 -12 -7 -8 16 -16 -6 -3 27 25 21 23 -22 -21 -24 -2 -15 -19 -5 -1
right_child=3 2 7 4 5 10 13 -9 -10 -11 11 -13 -14 26 15 -17 -18 18 -20 20 22 -23 24 -25 -26 -27 -28 -29 -30 -31
leaf_value=0.010984401289170758 0.0041938652498172578 -0.030481265651913871 -0.0083636991565360277 -0.0032935483686385917 0.02227958921148885 0.0032905580760524342 0.028006601631337093 -0.0056769315501223813 -0.0094142238345912704 0.001903248032034394 0.008843436729522286 0.00043646907025188031 -0.0064629873088912467 -0.0022873871021675944 -0.0031057777288477171 0.007549756534246669 -0.0062039545766263155 -0.019736897638506948 -0.0079621690861305244 0.022213015764706821 0.0023703562749055884 0.0040530052259233852 -0.0028519353174867976 -0.010224802730893255 0.010460203996245164 -0.0099803339197471006 0.009907014258209574 0.056521956206553564 -0.012996151980000396 0.0022555418930538611
leaf_weight=9130.6238668859005 26026.696321882308 1674.8459167443216 12219.134652115405 10841.753825794905 5228.4513207376003 18479.673682946712 1060.8060713149607 59217.057940963656 12038.009982384741 90463.209630999714 30518.315769098699 118836.38557090983 31548.800285063684 27794.834651704878 12529.762844193727 62167.58276835829 1154.1732942946255 7018.0129371993244 58979.316190078855 9308.4652108103037 28062.039097070694 4880.1792592704296 4513.3471830300987 780.37945282459259 39541.215939942747 4106.627573594451 5250.2750461101532 104.59537690877914 14443.049317691475 35232.482839088887
leaf_count=13927 48143 41100 46602 31533 8985 50484 2427 315986 94639 397597 63662 341465 86842 90682 32222 110733 4044 55360 508678 17236 59193 7694 8398 1296 56257 13067 10021 316 52056 123884
internal_value=0.00055727 -0.00298177 -0.00427273 0.00277232 0.00150995 0.00256157 -0.00345619 -0.00218195 -0.000377891 0.000681488 0.000896084 0.0021543 -0.00286019 0.000532065 0.00665717 0.00576239 0.0171289 -0.00963836 -0.00911025 0.00643233 0.00787528 0.0146014 0.00647915 0.0197039 0.00909639 0.00226218 -0.000349916 -0.018617 -0.00883582 0.00405208
internal_weight=743150 286077 241714 457073 339854 280463 59390.7 173937 114720 102682 199383 149355 50028.5 34105.9 81080 74697.3 6382.62 67776.8 66101.9 117219 87085.6 14969 72116.6 10088.8 44054.6 30133.3 33045.1 7122.61 25284.8 44363.1
internal_count=2694529 1598089 1460278 1096440 885156 698437 186719 854824 538838 444199 542453 405127 137326 103130 155984 142955 13029 605454 564354 211284 150074 26226 123848 18532 64655 61210 100703 55676 83589 137811
is_linear=0
shrinkage=0.05


Tree=116
num_leaves=31
num_cat=0
split_feature=28 28 7 7 7 25 25 20 0 9 20 10 19 14 9 9 20 20 22 13 9 11 10 25 6 12 11 7 18 14
split_gain=2891.49 1212.99 459.272 401.698 390.251 335.598 254.401 254.351 231.306 216.306 357.539 271.964 208.766 763.141 339.058 309.889 292.045 366.114 195.97 193.379 518.154 316.905 180.462 168.752 160.031 200.551 151.801 237.075 195.171 150.117
threshold=0.00070971286911971677 0.0003223324648619915 0.031857159886123372 0.0086170856958657453 0.0039501008507197193 1.0004805180466774 0.99967774262531039 106557.90000000001 3284.5000000000005 34375.000000000007 46752.130000000005 41257.500000000007 43890.67500000001 57400.460000000006 33578.765000000007 34375.000000000007 55093.785000000011 59332.060000000005 64191.600000000006 31963.750000000004 34375.000000000007 28204.500000000004 101034.40000000001 0.99967774262531039 0.052350465065262357 97216.500000000015 8093.5000000000009 0.0098693677756714598 9036.5500000000011 28318.850000000002
decision_type=2 2 2 2 2 2 2 2 2 2 2 2 2 2 2 2 2 2 2 2 2 2 2 2 2 2 2 2 2 2
left_child=1 4 8 7 -1 19 29 9 12 10 -3 -11 13 15 -15 -2 18 -18 -14 21 -21 -5 -9 -4 -7 -26 27 -8 -28 -6
right_child=2 3 23 5 6 24 26 22 -10 11 -12 -13 16 14 -16 -17 17 -19 -20 20 -22 -23 -24 -25 25 -27 28 -29 -30 -31
leaf_value=-0.020730862122432407 0.0016158957473116969 -0.0037598024459785107 0.0060350165504946037 -0.0025426388244917377 0.0045519167945223243 -0.0053299513011143716 0.045743447722424307 0.021169893153823307 0.0055680399284394827 -0.021714980777872765 0.034530691679146124 -0.0069378740766663409 -0.0059409868995733998 0.035775122289774079 0.010631612190138494 -0.00673451810130126 0.0077909233036220762 -0.0015930143676123943 0.076755623088293215 0.0070852014907262827 -0.0013002828320478322 0.12863855838714111 0.12282778478016212 0.0031220748063822364 0.00359875395438671 0.20706616239272924 0.062635380023720502 -0.016028707931163445 -0.013845286916859996 -0.0085405723563962161
leaf_weight=9764.7432353831828 159024.25299304724 49411.664991728961 101461.99389624596 37456.776435211301 4329.5342121608555 44235.066912584007 280.85049997642636 166.71492433547974 31138.509020030499 3493.7389869764447 617.26803857088089 28622.331292696297 24314.701468959451 1515.1631474196911 11650.737352699041 11944.941936686635 14179.457825779915 38934.511224299669 71.851532354950905 30346.978681311011 46882.338914290071 46.095685571432114 59.143170826137066 97494.762686476111 5007.1744479462504 12.140228867530821 83.841559186577797 347.52193460613489 16452.852106332779 4429.1989782489836
leaf_count=162686 348470 273813 167486 183551 47598 209611 2297 704 51777 19457 2081 166267 60217 1846 23883 30139 32821 101295 113 120846 213199 149 95 176701 20520 24 797 3061 221948 51077
internal_value=0.000439106 -0.00359666 0.00275394 -0.00234865 -0.0122117 -0.000917713 -0.00900279 -0.0051974 0.00149427 -0.00534309 -0.00328737 -0.0085454 0.00100943 0.00192573 0.0135252 0.00103249 -0.00116761 0.000912149 -0.00569733 0.000564312 0.00199476 -0.0023814 0.04779 0.00460759 -0.00436991 0.00409088 -0.012541 0.0115803 -0.0134575 -0.00206882
internal_weight=773777 282046 491731 246357 35688.5 163987 25923.8 82370.9 292774 82145 50028.9 32116.1 261636 184135 13165.9 170969 77500.5 53114 24386.6 114732 77229.3 37502.9 225.858 198957 49254.4 5019.31 17165.1 628.372 16536.7 8758.73
internal_count=2694529 1699781 994748 1210317 489464 747900 326778 462417 650561 461618 275894 185724 598784 404338 25729 378609 194446 134116 60330 517745 334045 183700 799 344187 230155 20544 228103 5358 222745 98675
is_linear=0
shrinkage=0.05


Tree=117
num_leaves=31
num_cat=0
split_feature=28 0 9 9 28 28 13 10 9 11 11 10 11 21 23 16 9 9 13 19 11 0 28 9 19 12 15 0 9 2
split_gain=7807.39 3542.64 1482.91 1791.55 1311.21 1279.09 1187.93 2021.43 1914.66 1466.56 821.376 631.04 539.338 517.129 1169.62 532.78 446.143 985.742 524.451 492.172 463.018 409.886 386.065 372.369 376.875 356.42 336.655 260.766 259.097 256.78
threshold=0.0014178755247707573 407.50000000000006 17574.100000000002 16882.500000000004 0.0003223324648619915 0.002583952402907532 39956.450000000004 37251.000000000007 28619.000000000004 18581.500000000004 5905.0000000000009 42402.850000000006 8814.3000000000011 16195.500000000002 17452.950000000001 19928.300000000003 17574.100000000002 16882.500000000004 39956.450000000004 43890.67500000001 5041.8100000000004 3284.5000000000005 0.00013672471028407021 51511.750000000007 9944.2900000000027 22751.050000000003 51322.000000000007 1215.5000000000002 8435.1900000000005 30767.555141492969
decision_type=2 2 2 2 2 2 2 2 2 2 2 2 2 2 2 2 2 2 2 2 2 2 2 2 2 2 2 2 2 2
left_child=1 4 3 13 12 16 9 8 -8 25 -6 -9 -1 15 -15 -3 17 20 -18 26 -2 -21 -14 24 -12 -4 -20 -11 -24 -5
right_child=5 2 6 29 10 -7 7 11 -10 27 23 -13 22 14 -16 -17 18 -19 19 21 -22 -23 28 -25 -26 -27 -28 -29 -30 -31
leaf_value=-0.0068688097433324304 -0.024423058137266113 -0.0046910770059243254 -0.0045027746903607523 -0.014183123750331657 -0.015049157835141748 -0.024545184203160215 0.0072394228879664839 0.0040872139362018896 -0.012267390079880862 0.0085438843402875237 0.0075013020910125036 -0.00089717335071186279 0.028792495098923173 0.022171999393017061 -0.0026814075372565255 -0.031634623818625716 0.0042999822078539822 -0.022951687242477384 -0.00934602492204188 0.001353697466802892 -0.0039833227294438674 -0.013144923334634266 -0.051348974025284724 0.012966140928857048 0.0023447086073449201 -0.038796740340341154 -0.019889096969309638 0.0030646052985540935 0.013329923563913187 -0.024552108456329158
leaf_weight=3149.0610711500049 3282.2734606862068 44861.028350055218 30964.431188553572 17196.858469560742 5383.104955509305 19192.027838200331 15639.269941173494 86316.850174278021 64294.420460343361 73715.601112768054 54016.833491683006 240222.26557420939 4297.4069249108434 6094.3955917879939 21203.978133246303 1912.9954852759838 7837.7613718807697 18660.180362299085 19142.22613888979 13963.759706526995 17776.302063375711 7489.1683147698641 155.37487462162971 12867.374195754528 102994.22438165545 776.64940178394318 12526.471278488636 30781.443046882749 44822.666854374111 9146.347148001194
leaf_count=15824 6705 91180 66428 29966 9629 43199 38408 200825 117385 225205 165131 573814 52073 19301 48948 2814 14884 36732 36470 26119 33391 13473 774 56587 329273 1120 22491 65460 335891 15029
internal_value=-0.000751891 0.000894939 -0.0010026 -0.00658426 0.00625477 -0.0127155 3.0149e-05 -0.00132415 -0.00845082 0.00407076 0.00417957 0.000420392 0.0131924 -0.00260144 0.00286715 -0.00579303 -0.0104604 -0.0145839 -0.00777376 -0.00955516 -0.00716914 -0.00370774 0.0144745 0.00478888 0.00411874 -0.00534189 -0.0135163 0.00692987 0.0131065 -0.0177832
internal_weight=990683 870813 643127 100416 227686 119870 542711 406473 79933.7 136238 175262 326539 52424.5 74072.4 27298.4 46774 100678 39718.8 60959.4 53121.6 21058.6 21452.9 49275.4 169878 157011 31741.1 31668.7 104497 44978 26343.2
internal_count=2694529 2461065 1495883 207238 965182 233464 1288645 930432 155793 358213 560620 774639 404562 162243 68249 93994 190265 76828 113437 98553 40096 39592 388738 550991 494404 67548 58961 290665 336665 44995
is_linear=0
shrinkage=0.05


Tree=118
num_leaves=31
num_cat=0
split_feature=6 0 20 15 0 7 10 19 9 7 19 19 13 21 13 0 7 12 0 21 14 7 11 19 28 20 11 16 15 20
split_gain=2150.73 884.149 890.467 1060.99 711.072 432.297 418.13 408.304 404.795 400.259 376.59 336.55 466.33 338.092 336.363 311.03 280.532 267.822 266.239 253.007 252.873 250.667 249.145 321.067 232.77 269.181 232.58 232.334 226.691 224.111
threshold=0.013420881368396297 465.50000000000006 8814.1000000000022 8644.2100000000009 712.50000000000011 0.02595710619557787 4576.420000000001 7698.5000000000009 17755.500000000004 0.008219058340044683 69639.85000000002 28305.000000000004 22714.950000000004 29321.120000000006 45313.400000000009 259.50000000000006 0.015700282966028711 102114.60000000002 1372.5000000000002 18592.000000000004 61360.350000000006 0.0070816497415279473 7249.3250000000007 9944.2900000000027 0.00044640379045369219 7147.9500000000007 7805.0000000000009 59152.30000000001 7546.1900000000014 106557.90000000001
decision_type=2 2 2 2 2 2 2 2 2 2 2 2 2 2 2 2 2 2 2 2 2 2 2 2 2 2 2 2 2 2
left_child=1 2 5 -4 6 7 -2 -1 -6 22 18 12 -10 14 -13 -5 28 -15 21 -14 -18 -3 -8 -24 25 -7 -9 -12 -11 -29
right_child=4 10 3 15 8 24 9 26 11 16 27 13 19 17 -16 -17 20 -19 -20 -21 -22 -23 23 -25 -26 -27 -28 29 -30 -31
leaf_value=-0.020528472545160197 0.010519963515339925 0.0029404862441721902 0.20864538754496792 -0.013533250693308097 0.0064605215196214989 0.18695135714465072 0.017566376400025143 0.0035911764179253486 0.027540845206015518 0.031874009787550825 0.04992473119989857 0.0047363710212902426 0.0080309765277998147 0.0026613673118307591 0.017421587198285304 -0.0068622816955620034 0.00072137460346263793 -0.034383529666584117 0.0029583532013279894 -0.0065049479763278576 -0.0070581017258313774 -0.0031160253238692003 -0.0086124426143845325 0.0038432187736222121 0.025939684922080965 0.029569710004306839 0.02951614258999893 -0.0097075136878220052 -0.006311009639272034 0.054013240154200205
leaf_weight=1545.6779162175953 8486.2309071570635 21925.08256188035 55.727639243006706 29680.254055388272 95956.828868344426 50.059241287410259 2775.3667264953256 4605.2058160379529 1201.8348740562797 392.64279132336378 168.29501058161259 15954.603097189218 3507.0978655070066 193346.21866934747 7771.164838090539 42482.540000095963 59147.631246205419 489.13247071951628 42293.779827654362 20443.596527185291 12686.286597497761 77375.330245569348 6008.7689610533416 37227.826082378626 1458.5169482827187 59.417170345783234 1065.2317726053298 15464.984696172178 38484.659999750555 139.2304601483047
leaf_count=7570 12545 99048 135 318763 159175 188 8296 22276 2666 1038 483 35031 7951 452718 11107 317055 211502 1898 100632 56816 62745 293505 31816 212683 3820 327 4971 76163 180985 621
internal_value=0.000548252 -0.0033649 -0.00760928 -0.00943761 0.00239944 0.0074223 -0.000289832 0.0022518 0.00371131 -0.00087516 -0.00118016 0.00262441 -0.00285139 0.00325748 0.0088913 -0.00960602 -0.00250413 0.00256789 -0.000363808 -0.00437645 -0.000652526 -0.00177877 0.00304437 0.0021122 0.0312176 0.101534 0.00846136 -0.00850874 -0.00592536 -0.00913896
internal_weight=742249 238369 81002.6 72218.5 503880 8784.11 165209 7216.12 338670 156723 157367 242714 25152.5 217561 23725.8 72162.8 110711 193835 141594 23950.7 71833.9 99300.4 46012 43236.6 1567.99 109.476 5670.44 15772.5 38877.3 15604.2
internal_count=2694529 1245557 675105 635953 1448972 39152 721610 34817 727362 709065 570452 568187 67433 500754 46138 635818 456270 454616 493185 64767 274247 392553 252795 244499 4335 515 27247 77267 182023 76784
is_linear=0
shrinkage=0.05


Tree=119
num_leaves=31
num_cat=0
split_feature=28 28 28 25 25 25 9 12 15 19 21 18 14 7 6 13 9 6 9 27 14 6 28 19 10 21 7 7 15 2
split_gain=2617.5 887.539 602.326 395.623 377.049 319.641 307.639 683.674 517.54 448.98 305.965 301.906 365.699 294.391 290.287 282.317 397.496 273.922 271.886 257.575 257.089 231.635 187.512 178.486 197.498 170.306 159.201 152.285 143.507 129.359
threshold=0.00045537552771496493 0.0008527313244674642 0.00019411249007772078 1.0009850448224391 0.99987929188743507 0.99563290501723267 17574.100000000002 31958.650000000005 31587.600000000002 31279.500000000004 27706.400000000005 9036.5500000000011 8983.3300000000017 0.007825476373842127 0.044457210121581887 29717.400000000005 34375.000000000007 0.0051412716894053299 17574.100000000002 19.642500000000002 35610.500000000007 0.099934872867681337 0.00027809650144074957 64743.055000000008 97560.000000000015 22798.500000000004 0.0086170856958657453 0.0045079545499031133 6943.3000000000011 8710.6017807557091
decision_type=2 2 2 2 2 2 2 2 2 2 2 2 2 2 2 2 2 2 2 2 2 2 2 2 2 2 2 2 2 2
left_child=2 3 11 13 19 -3 7 14 10 -10 -8 12 -1 23 -7 18 -17 29 -15 -4 -9 25 -6 28 -25 -21 -23 -19 -2 -14
right_child=1 5 4 -5 22 6 8 20 9 -11 -12 -13 17 15 -16 16 -18 27 -20 21 -22 26 -24 24 -26 -27 -28 -29 -30 -31
leaf_value=-0.011834847704678964 0.10814444331623502 0.0071039177899866182 -0.0090132074283200275 -0.0040743379409774808 -0.015765579082975687 0.0010801032710153742 -0.0034205444374081659 0.034923539178465211 0.0057438221436325572 0.00069662742330473589 -0.019986517860711109 -0.022405707501498975 0.7906294891707587 9.1897439346490359e-05 0.0064972254254629519 0.0059782597825747737 0.00016028450044215341 -0.03454392544490343 -0.0093079214726766429 0.0041718070811426894 0.011781142848364626 0.0031775647840420218 -0.0075916563459880017 -0.012256679119999926 0.016990652334261662 -0.00339759935847651 0.08971726292614772 0.31049355823739888 -0.001798239037812444 0.35438215121136413
leaf_weight=32.21395206451416 29.705656215548515 43756.079381138086 11640.226917635649 63881.153197862208 8405.2888059876859 69004.543563351035 16867.419930621982 1288.7735776305199 63146.181982666254 145796.50901429355 3339.0156696885824 6705.306407302618 2.2724500782787818 34273.157244712114 38543.980860859156 51436.920053243637 68395.993445895612 7.8003011755645257 9919.3148204386234 11565.483605436981 17435.534625053406 95.492270201444626 42457.954861976206 7371.7248470410705 626.24080120772123 20786.845386326313 119.83616574853659 5.4199243299663067 35881.796935819089 6.7374843694269657
leaf_count=455 59 60369 114974 240231 123370 130446 38595 1583 105886 295825 8580 138413 25 132678 57238 165695 247818 157 37102 86457 22004 651 339357 36682 2854 152676 501 43 153747 58
internal_value=0.000437287 0.00157087 -0.00703223 -0.000632818 -0.00600685 0.00307145 0.00257501 0.00455664 0.00148303 0.00222198 -0.00615799 -0.0214536 0.0958131 0.000424476 0.00302153 0.00139788 0.00265758 0.251807 -0.00201796 -0.00262934 0.013374 -0.000347633 -0.00894242 -0.0032117 -0.00996661 -0.000691647 0.0513393 0.106912 -0.0017073 0.464411
internal_weight=772825 670994 101831 271816 95071.1 399178 355422 126273 229149 208943 20206.4 6759.75 54.4441 207935 107549 164025 119833 22.2302 44192.5 44207.9 18724.3 32567.7 50863.2 43909.5 7997.97 32352.3 215.328 13.2202 35911.5 9.00993
internal_count=2694529 1737392 957137 1016866 817986 720526 660157 211271 448886 401711 47175 139151 738 776635 187684 583293 413513 283 169780 355259 23587 240285 462727 193342 39536 239133 1152 200 153806 83
is_linear=0
shrinkage=0.05


Tree=120
num_leaves=31
num_cat=0
split_feature=28 0 28 9 9 28 13 10 9 11 11 10 11 6 0 28 21 15 16 20 19 11 12 14 11 13 15 6 2 22
split_gain=7190.14 3198 1322.18 1264.1 1474.15 1237.76 1033.7 1726.88 1616.52 1307.63 788.084 610.351 529.745 427.29 438.747 414.236 411.769 1094.34 460.127 377.295 441.409 342.791 318.352 298.71 290.444 264.976 296.796 249.237 234.772 249.842
threshold=0.0014178755247707573 456.50000000000006 0.00033202772577490945 17574.100000000002 16882.500000000004 0.002583952402907532 39956.450000000004 37251.000000000007 28619.000000000004 18581.500000000004 5905.0000000000009 42402.850000000006 8814.3000000000011 0.059590159780262782 2233.5000000000005 0.00013672471028407021 16195.500000000002 17797.700000000004 19928.300000000003 58480.155000000006 9944.2900000000027 5041.8100000000004 22751.050000000003 31815.000000000004 50723.750000000007 9937.5000000000018 9839.5000000000018 0.0031974225009462789 30767.555141492969 20750.050000000003
decision_type=2 2 2 2 2 2 2 2 2 2 2 2 2 2 2 2 2 2 2 2 2 2 2 2 2 2 2 2 2 2
left_child=1 2 12 4 16 13 9 8 -8 22 -4 -9 25 14 21 -14 18 -18 -3 20 -12 -2 -5 -23 -15 -1 -27 -17 29 -6
right_child=5 3 10 6 28 -7 7 11 -10 -11 19 -13 15 24 -16 27 17 -19 -20 -21 -22 23 -24 -25 -26 26 -28 -29 -30 -31
leaf_value=0.0055702399729319688 -0.024352768159362267 -0.004674140856686132 -0.014277620225795585 -0.0045685526223600732 -0.025423334062567183 -0.024056295131746147 0.0067512409736362328 0.003868106243259983 -0.011711794426389317 0.0064967845341299957 0.0068839228184854042 -0.0011785254249763628 0.028329071859652416 -0.017376134029425883 -0.012913814483477171 0.018782039426142969 0.027481351989099647 -0.0020361311994829263 -0.030709226287442982 0.0097154895937180113 0.001489023544699283 0.00087823913638601864 -0.037150261600589519 -0.0075608898685228867 0.0067119374447345507 -0.062090824590873929 -0.010301553250494901 0.01017941559145601 -0.023735304980675342 -0.010282528732357637
leaf_weight=2006.3934160619974 2220.344454407692 37685.029443651438 6050.6305180490017 29553.248659536242 3461.3420961052179 18802.166477382183 14629.07989667356 81362.656096234918 62528.092983536422 97276.056112825871 55646.494901165366 227252.14827786386 4156.9229247197509 21959.368635684252 30560.763539329171 10565.761888086796 3694.4800490811467 20922.570917114615 1777.0974688529968 25530.440612539649 118991.1511335969 17373.240743488073 769.23484441637993 26448.781440719962 1327.0300152301788 353.95257720351219 1266.5664584115148 41450.120368041098 8560.0344512909651 12801.268633306026
leaf_count=10084 4516 75042 10817 62043 5466 43199 34920 185502 113384 261901 167383 530082 52410 43477 56872 85177 11064 48144 2620 99146 364313 33039 1110 49679 2682 1493 6307 295620 14263 22774
internal_value=-0.000744777 0.000833058 0.00539886 -0.00118362 -0.0066882 -0.0122875 -0.000230372 -0.00152073 -0.00821118 0.0036708 0.00350065 0.00015196 0.0119448 -0.0100722 -0.00826919 0.0131406 -0.00268091 0.0023938 -0.00584658 0.00403804 0.00320805 -0.00518631 -0.0053951 -0.0042152 -0.0160034 -0.00657549 -0.0216133 0.0119268 -0.017033 -0.0135051
internal_weight=986982 868291 266018 602272 88901.8 118692 513371 385772 77157.2 127599 206219 308615 59799.7 99889.5 76603.1 56172.8 64079.2 24617.1 39462.1 200168 174638 46042.4 30322.5 43822 23286.4 3626.91 1620.52 52015.9 24822.6 16262.6
internal_count=2694529 2461065 1092750 1368315 179373 233464 1188942 863888 148304 325054 641659 715584 451091 190265 144106 433207 136870 59208 77662 630842 531696 87234 63153 82718 46159 17884 7800 380797 42503 28240
is_linear=0
shrinkage=0.05


Tree=121
num_leaves=31
num_cat=0
split_feature=6 0 20 15 0 7 19 10 7 9 19 19 13 21 13 0 7 12 7 7 7 7 25 11 19 14 16 21 0 15
split_gain=1957.09 796.084 830.113 879.1 639.152 391.54 387.369 376.365 381.01 368.915 358.055 305.185 428.121 316.865 306.463 292.085 277.013 254.476 245.777 362.357 254.122 253.052 239.001 230.171 316.618 226.085 213.244 212.288 211.355 211.164
threshold=0.013420881368396297 465.50000000000006 8814.1000000000022 8644.2100000000009 712.50000000000011 0.02595710619557787 7698.5000000000009 4576.420000000001 0.00841190240637151 17755.500000000004 69639.85000000002 28305.000000000004 22714.950000000004 29321.120000000006 45313.400000000009 259.50000000000006 0.014862408350395449 102114.60000000002 0.080234008440128443 0.11428792154453407 0.16213998497994911 0.0070816497415279473 1.0014183560622789 7249.3250000000007 9944.2900000000027 58480.155000000006 59152.30000000001 9846.2900000000027 1372.5000000000002 7546.1900000000014
decision_type=2 2 2 2 2 2 2 2 2 2 2 2 2 2 2 2 2 2 2 2 2 2 2 2 2 2 2 2 2 2
left_child=1 2 5 -4 7 6 -1 -2 23 -6 18 12 -11 14 -13 -5 29 -15 21 -20 -21 -3 -14 -9 -25 -18 -12 -8 -23 -10
right_child=4 10 3 15 9 -7 27 8 16 11 26 13 22 17 -16 -17 25 -19 19 20 -22 28 -24 24 -26 -27 -28 -29 -30 -31
leaf_value=-0.020130119129740331 0.0099907043102537875 0.00352377483016089 0.17706931498422274 -0.01306143226027201 0.0061667028700700434 0.029638903853050149 0.0067993886979327125 0.01659727373948176 0.032780090757434245 0.026207682500416947 0.046897925096111674 0.0045871358375777563 -0.0076678231517524915 0.0025322834150744052 0.016670315976095813 -0.0065496942083031577 0.00062376515192621648 -0.033953512733826845 0.015657359423157557 -0.0095024047543642853 0.025719462118080402 -0.0035162494309758461 0.0030056203384987812 -0.0085333908364752502 0.0037345876210721288 -0.0062915629876765453 -0.0089163855980529307 0.072135493626708083 0.0012688144172619759 -0.006563485810809214
leaf_weight=1523.1953170411289 8511.5536245554686 25969.61384088546 63.389901980757713 29140.580712366849 96199.738828912377 1595.1426362767816 5563.1946521736681 2896.8557044714689 344.52548614144325 1217.4923469871283 173.03772923350334 15975.873380873352 16090.29698215425 193637.19070989266 7814.2712925970554 42100.776158802211 60305.162001449615 479.08461655676365 5556.6076467968524 3358.6879575401545 604.23015344887972 72038.951058395207 7781.1727155521512 6095.8486546836793 38325.100884947926 14700.238747503608 15517.373769525439 127.16677914559841 33953.541697334498 33768.067065533251
leaf_count=7570 12545 110543 135 318763 159175 4335 26979 8632 880 2666 483 35031 46217 452718 11107 317055 216127 1898 13649 9277 1235 277453 18550 32547 217867 72668 76784 268 81028 160344
internal_value=0.00054211 -0.00320229 -0.00725877 -0.00904765 0.00230449 0.00722192 0.00226483 -0.000248488 -0.000805594 0.00354598 -0.00113463 0.00250846 -0.00271365 0.00310972 0.00855606 -0.00921326 -0.00243052 0.00244224 -0.000339892 0.00741914 -0.00413209 -0.000899615 -0.00418869 0.0029416 0.00205106 -0.000731564 -0.00830085 0.0082595 -0.00198341 -0.00616613
internal_weight=741428 237285 80113.4 71304.7 504142 8808.7 7213.56 164947 156436 339195 157172 242995 25089 217906 23790.1 71241.4 109118 194116 141482 9519.53 3962.92 131962 23871.5 47317.8 44420.9 75005.4 15690.4 5690.36 105992 34112.6
internal_count=2694529 1245557 675105 635953 1448972 39152 34817 721610 709065 727362 570452 568187 67433 500754 46138 635818 450019 454616 493185 24161 10512 469024 64767 259046 250414 288795 77267 27247 358481 161224
is_linear=0
shrinkage=0.05


Tree=122
num_leaves=31
num_cat=0
split_feature=28 28 7 7 25 7 9 12 19 12 0 15 6 13 11 14 14 21 21 6 20 19 14 13 22 20 9 11 6 19
split_gain=2352.77 1010.03 404.093 401.454 311.884 272.222 248.081 282.928 578.807 269.721 202.23 205.252 327.78 320.454 770.323 196.64 254.359 190.836 279.312 471.382 228.934 187.078 276.137 211.991 178.857 172.043 166.522 256.609 210.038 158.252
threshold=0.00070971286911971677 0.00035088992325155952 0.031857159886123372 0.0062094159651382716 1.0004180048332219 0.0088140652491739396 21013.800000000003 17594.115000000002 18531.500000000004 16454.800000000003 3284.5000000000005 6943.3000000000011 0.076888717181986935 10518.625000000002 9301.3950000000023 27328.300000000007 28074.300000000003 23420.000000000004 22999.500000000004 0.031446495746678634 28180.950000000004 94930.000000000015 106117.00000000001 31963.750000000004 6758.0000000000009 6603.0750000000007 34375.000000000007 40631.265000000007 0.028746203868583831 9124.010000000002
decision_type=2 2 2 2 2 2 2 2 2 2 2 2 2 2 2 2 2 2 2 2 2 2 2 2 2 2 2 2 2 2
left_child=1 3 10 17 5 26 7 9 -9 -5 11 12 24 25 -15 -8 -17 18 20 -20 -1 23 -23 -7 -2 -13 28 -28 -3 -4
right_child=2 4 29 6 -6 21 15 8 -10 -11 -12 13 -14 14 -16 16 -18 -19 19 -21 -22 22 -24 -25 -26 -27 27 -29 -30 -31
leaf_value=-0.01047853127905167 0.012473057312464821 -0.0035019771384242602 -0.0030276312273415434 -0.002082649927200155 -0.0043984351262662744 -0.0021517014260236541 -0.034699239213028588 0.045723417031872687 0.00043717595614830922 -0.028068113598090375 0.0051309344994395108 0.0058455955139389316 -0.039199819707038584 0.012555053654040658 0.00052116163116631216 0.015842669246827177 -0.010593072432120012 -0.019626216978761782 -0.018192436462808895 0.35549119196701556 0.20337816783362689 -0.025936189568156489 0.023924133075171244 0.0026677460253101849 0.043960226019941116 -0.0072918860119260661 -0.024422111672219561 -0.0054162927537485606 0.0073660908837369435 0.004519086613274736
leaf_weight=7798.9286799319088 2151.0911051630974 22692.200600430369 7207.073107779026 5511.578278709203 81424.821907997131 33784.549206756055 773.78418734669685 882.30492456257343 3522.4242027141154 1219.5723259523511 31246.664206534624 2919.8761929273605 264.77919349074364 14134.396282896399 224850.90523251891 974.62980542331934 13705.355378046632 11443.231649428606 21.128574386239052 14.051987268030642 12.534346908330916 1345.0583304390311 349.92855457961559 70287.506901070476 570.64290800690651 17006.795632079244 1998.6788971945643 15939.265247114003 5528.7706958279014 192229.06210751832
leaf_count=109665 3100 124476 13926 58613 400062 159975 12406 8218 36256 16935 51777 5616 333 31847 512625 11625 160874 171964 215 82 100 7135 1611 292250 844 44419 10864 90295 26160 330261
internal_value=0.000431641 -0.00323494 0.00251012 -0.0100168 -0.00190154 -0.000563332 -0.00603312 -0.000343742 0.0095084 -0.00679078 0.0013289 0.000875284 0.0139082 0.000724951 0.00123289 -0.0101329 -0.00883796 -0.0155081 -0.0095023 0.131066 -0.0101354 0.000834863 -0.0156426 0.00110323 0.0190747 -0.00536684 -0.00376711 -0.00753396 -0.00137281 0.00424637
internal_weight=771812 279230 492581 45879.5 233351 151926 26589.6 11135.9 4404.73 6731.15 293145 261898 2986.51 258912 238985 15453.8 14680 19289.9 7846.64 35.1806 7811.46 105767 1694.99 104072 2721.73 19926.7 46158.9 17937.9 28221 199436
internal_count=2694529 1699781 994748 586953 1112828 712766 304927 120022 44474 75548 650561 598784 4277 594507 544472 184905 172499 282026 110062 297 109765 460971 8746 452225 3944 50035 251795 101159 150636 344187
is_linear=0
shrinkage=0.05


Tree=123
num_leaves=31
num_cat=0
split_feature=28 0 9 9 28 11 13 11 11 9 28 9 21 12 16 13 9 9 13 21 11 25 28 11 13 10 9 9 20 9
split_gain=6630.6 2895.62 1264.81 1564.71 1198.41 1115.1 1028.76 1754.34 1271.63 1258.34 916.653 867.49 452.498 1051.93 470.128 445.942 426.687 941.171 483.045 471.993 424.992 390.583 376.672 356.174 368.856 580.578 342.11 331.258 322.172 281.922
threshold=0.0014178755247707573 407.50000000000006 17574.100000000002 16882.500000000004 0.002583952402907532 8093.5000000000009 39956.450000000004 37423.085000000006 18581.500000000004 28619.000000000004 0.00032564532120708616 31911.415000000005 16195.500000000002 17199.850000000002 19928.300000000003 9937.5000000000018 17574.100000000002 16882.500000000004 39956.450000000004 31233.900000000005 5041.8100000000004 0.99595950066022587 0.00013672471028407021 5041.8100000000004 10518.625000000002 9474.3900000000012 51511.750000000007 8093.5000000000009 23253.430000000004 8435.1900000000005
decision_type=2 2 2 2 2 2 2 2 2 2 2 2 2 2 2 2 2 2 2 2 2 2 2 2 2 2 2 2 2 2
left_child=1 5 3 12 16 23 8 9 28 -8 22 -9 14 -14 -3 29 17 20 -18 -20 -2 -21 -7 -1 25 -25 -17 -24 -4 -12
right_child=4 2 6 -5 -6 10 7 11 -10 -11 15 -13 13 -15 -16 26 18 -19 19 21 -22 -23 27 24 -26 -27 -28 -29 -30 -31
leaf_value=-0.023954941095035199 -0.023397053322135455 -0.0043392337482085321 -0.0039549566751485681 -0.016630807492878746 -0.023580952286012726 0.027798142046186077 0.0067789918569987132 -0.014005716870521122 0.0064684856013186957 -0.0084912222402711221 0.010650135015932448 0.0013451158318884911 0.019689492364839328 -0.0029611858049433341 -0.029804029397517303 0.0033632780912191264 0.0045350643086012488 -0.022096445798247332 -0.020761867962168126 -0.017633473542972598 -0.0034917589469314787 -0.0048992821019624754 -0.07849788429056842 0.0017761536952347605 -0.011647348173394009 -0.11540243740566383 0.012118657110028457 0.011974785802725266 -0.03010039314628107 0.030320135642731727
leaf_weight=1798.7715345919132 3162.0800894796848 44843.422881394625 30532.198177024722 26066.842595219612 18431.206679925323 3987.6728646233678 15587.844575457275 9515.5690505802631 103905.00301299244 100295.50887129456 10466.846454948187 280392.55200515687 6850.9167193844914 20356.312752611935 1888.8350354135036 112680.26902118325 7816.4796115458012 18149.156680390239 7114.4255275428295 7149.9829993098974 17645.127734452486 38155.264143243432 101.39984047412872 28443.919434532523 6761.0690005421638 106.10134910792112 12383.393031328917 45539.075941160321 1225.5387218594551 2205.4695960134268
leaf_count=2964 6705 91180 65472 44995 43199 52145 38408 16819 290665 188460 33838 686745 20923 47326 2814 366394 14884 36732 13251 13163 33391 72139 313 79324 17155 206 55324 348049 2076 9470
internal_value=-0.000733945 0.000779099 -0.000931296 -0.00609743 -0.0118728 0.00566675 2.28862e-05 -0.00123727 0.00379224 -0.00643718 0.00723511 0.00084126 -0.00238396 0.00274237 -0.00536848 0.00513583 -0.00969731 -0.0137751 -0.0070601 -0.00878909 -0.00651677 -0.00690897 0.0130614 -0.00225173 -0.00114616 0.00134068 0.00423021 0.0117738 -0.00496392 0.0140735
internal_weight=983558 865935 641461 100006 117624 224474 541454 405791 135663 115883 187364 289908 73939.5 27207.2 46732.3 137736 99192.5 38956.4 60236.2 52419.7 20807.2 45305.2 49628.1 37109.9 35311.1 28550 125064 45640.5 31757.7 12672.3
internal_count=2694529 2461065 1495883 207238 233464 965182 1288645 930432 358213 226868 865533 703564 162243 68249 93994 465026 190265 76828 113437 98553 40096 85302 400507 99649 96685 79530 421718 348362 67548 43308
is_linear=0
shrinkage=0.05


Tree=124
num_leaves=31
num_cat=0
split_feature=6 0 20 15 0 7 19 19 9 9 28 14 13 9 9 11 10 12 28 21 19 13 8 16 0 5 6 6 9 11
split_gain=1778.72 712.545 775.745 748.757 574.897 355.987 367.525 340.136 325.917 720.46 550.49 492.164 476.968 598.898 411.686 383.163 362.042 282.461 280.577 321.507 263.247 301.957 277.305 242.527 230.682 227.523 225.567 282.091 223.658 211.567
threshold=0.013420881368396297 465.50000000000006 8814.1000000000022 8644.2100000000009 936.50000000000011 0.02595710619557787 7698.5000000000009 69639.85000000002 17755.500000000004 16882.500000000004 0.00014613447748689642 19771.050000000003 39956.450000000004 31911.415000000005 27291.550000000003 23693.500000000004 8715.8650000000016 21811.300000000003 0.00017000573769962796 9202.0000000000018 17574.100000000002 22714.950000000004 16754.050000000007 31011.600000000002 1432.5000000000002 1362.5000000000002 0.048807725917218429 0.019722897883602212 78505.000000000015 7805.0000000000009
decision_type=2 2 2 2 2 2 2 2 2 2 2 2 2 2 2 2 2 2 2 2 2 2 2 2 2 2 2 2 2 2
left_child=1 2 5 -4 8 6 -1 24 9 15 11 -11 17 14 -14 16 -2 -10 -5 -20 -6 26 -23 -24 25 -3 27 -22 -15 -8
right_child=4 7 3 18 20 -7 29 -9 12 10 -12 -13 13 28 -16 -17 -18 -19 19 -21 21 22 23 -25 -26 -27 -28 -29 -30 -31
leaf_value=-0.01971783204999307 0.0037883470417577284 0.0027792481250908819 0.15469703223818287 -0.023373706939901387 0.0069376583156298636 0.028254614490149724 0.00342031544236749 -0.0081017401832869217 0.00070108547700687774 0.66347033364706764 0.010281658651767091 -0.034282561435076554 -0.0078169053697900934 -0.00161017059695933 0.010563755795503048 0.12525019665407683 -0.0029241276051104239 -0.011551669106257122 -0.019059710495534073 -0.0070464056274365241 -0.0053115513228708224 0.047923835641416224 -0.0010053825395173375 0.003416250895158303 0.002911143407566021 -0.0028660305625847378 -0.0031082312086508535 0.033033524891763366 -0.020772508741888962 0.02793210216790569
leaf_weight=1500.3045446872711 36798.176634773612 23086.068686623126 70.072480827569962 3165.8904370106757 51737.01798215881 1618.1446570232511 4617.4897609986365 15611.556865081191 6648.5515425801277 6.0908954665064794 21800.530847400427 4.3194855451583862 3671.7078637443483 75217.828272789717 17887.113833546638 61.228787869215012 44235.998897034675 16078.62449940294 6128.3073094785213 61062.935167640448 618.24680300429463 339.25196072459221 37161.601962994784 187417.60456231236 39637.802992716432 78665.974994897842 1017.521994560957 2139.2764231897891 1554.213161714375 1087.6789244040847
leaf_count=7570 92704 86660 135 79196 74587 4335 22276 77267 29208 99 53119 106 18165 340845 41309 143 199322 105727 47040 509582 1601 435 89581 383863 92936 313589 2167 4470 11521 4971
internal_value=0.000531356 -0.00304891 -0.00691381 -0.00866478 0.00220831 0.00706193 0.00230265 -0.00109799 0.000319433 0.00238819 0.0104552 0.373958 -0.00143913 6.97163e-05 0.00743332 0.000218526 0.000124053 -0.00796728 -0.00882749 -0.0081421 0.00371685 0.00298821 0.00275283 0.00268459 -0.000324676 -0.0015852 0.0170121 0.0244364 -0.0019981 0.00809344
internal_weight=740647 236252 79250.8 70427.2 504395 8823.62 7205.47 157001 223964 102906 21810.9 10.4104 121058 98330.9 21558.8 81095.4 81034.2 22727.2 70357.1 67191.2 280431 228694 224918 224579 141390 101752 3775.05 2757.52 76772 5705.17
internal_count=2694529 1245557 675105 635953 1448972 39152 34817 570452 892268 345493 53324 205 546775 411840 59474 292169 292026 134935 635818 556622 556704 482117 473879 473444 493185 400249 8238 6071 352366 27247
is_linear=0
shrinkage=0.05


Tree=125
num_leaves=31
num_cat=0
split_feature=28 7 28 25 6 25 6 0 28 18 14 27 10 13 10 21 6 6 19 12 20 22 28 21 7 19 12 20 6 21
split_gain=2130.67 739.517 539.918 363.36 358.947 354.726 337.661 281.919 264.299 262.249 245.024 232.956 222.362 286.529 490.853 352.223 230.516 205.847 201.689 182.44 291.097 257.104 166.57 159.592 133.604 129.428 156.045 152.461 125.993 120.58
threshold=0.00045537552771496493 0.019004730060933738 0.00019411249007772078 0.9979193538560599 0.076888717181986935 0.99987929188743507 0.010126392171501327 1372.5000000000002 0.0014437409107654535 9036.5500000000011 8983.3300000000017 19.642500000000002 4576.420000000001 9937.5000000000018 7836.5000000000009 8201.6550000000025 0.062439781912884712 0.099934872867681337 94930.000000000015 42053.80000000001 68827.35000000002 42511.250000000007 0.00027809650144074957 22798.500000000004 0.0086170856958657453 65080.755000000012 98334.700000000012 64987.455000000009 0.005326262027599663 69187.050000000003
decision_type=2 2 2 2 2 2 2 2 2 2 2 2 2 2 2 2 2 2 2 2 2 2 2 2 2 2 2 2 2 2
left_child=2 7 9 25 6 11 18 12 -8 10 -1 -4 16 15 -15 -14 -2 23 -5 21 -21 -6 -7 -13 -19 27 -27 29 -12 -3
right_child=1 3 5 4 19 22 8 -9 -10 -11 28 17 13 14 -16 -17 -18 24 -20 20 -22 -23 -24 -25 -26 26 -28 -29 -30 -31
leaf_value=-0.011497869852923261 0.018079927088708706 0.0060662931776200475 -0.008298042218798202 0.0056905823594842067 0.007075940060091046 -0.014893984554026587 -0.00069086460982497005 0.0020769337946735062 0.0033486485527490836 -0.021508159158085023 0.27870942789291198 0.0044090743256534675 -0.0013714992312639349 0.028736682631276145 -0.0011824501611895108 -0.015720027646953027 -0.030813851372403722 0.0031485070370750831 -0.02179646297616783 0.019612926998501517 -0.013899229893511438 -0.0075634727094620732 -0.0070456908759381452 -0.0029475104526691743 0.081331505555140793 -0.0020119426127551848 0.027781519068821554 0.023361144764589697 0.063226823246970792 -0.026581042104991459
leaf_weight=31.789773367345333 2366.7738325893879 83587.114530399442 11362.955312594771 44230.719780102372 23916.039756596088 8067.0032991990447 140600.4034794122 83581.530532717705 56871.886691480875 6277.5901597812772 16.68879130855203 11501.430740188807 9740.5872272849083 1380.4445074945688 197474.87188528478 7625.2283708453178 268.40208631753922 95.514541648328304 677.59435077011585 4857.3303273618221 747.7512109130621 3429.2090825885534 41747.279236253351 20534.343833941966 127.69762416183949 7805.477686882019 465.70936699211597 1277.3158944249153 11.429482802748678 283.78747752308846
leaf_count=455 4741 133088 114974 130312 37755 123370 384604 182131 79161 138413 110 86457 30556 3319 680589 31817 446 651 2802 8561 2131 6918 339357 152676 501 15185 824 1963 173 489
internal_value=0.000425871 0.00143931 -0.00639164 0.00294236 0.00202811 -0.00543372 0.00136247 -0.0003933 0.000472512 -0.0205146 0.0836024 -0.00214154 -0.00133669 -0.00151263 -0.000974753 -0.00767185 0.0130999 2.70324e-05 0.00527585 0.00692451 0.0151422 0.0052401 -0.00831666 -0.000306362 0.0478763 0.00563688 -0.000334421 0.00621693 0.19112 0.00595583
internal_weight=770962 671188 99773.7 368750 275331 93436.2 242381 302438 197472 6337.5 59.908 43621.9 218856 216221 198855 17365.8 2635.18 32259 44908.3 32950.3 5605.08 27345.2 49814.3 32035.8 223.212 93419.4 8271.19 85148.2 28.1183 83870.9
internal_count=2694529 1737392 957137 803793 652244 817986 596879 933599 463765 139151 738 355259 751468 746281 683908 62373 5187 240285 133114 55365 10692 44673 462727 239133 1152 151549 16009 135540 283 133577
is_linear=0
shrinkage=0.05


end of trees

feature_importances:
volatility_20=691
liquidity_below_1d=409
agg_trade_count=365
dist_liq_up_5m=332
sma_ratio=256
dist_liq_below_5m=250
liquidity_below_4h=221
nearest_liq_1d=189
liquidity_up_4h=168
liquidity_up_1d=154
liquidity_up_1h=136
liquidity_below_1h=123
nearest_liq_4h=92
nearest_liq_1h=85
liquidity_below_5m=84
nearest_liq_5m=54
liquidity_up_5m=44
high=30
low=25
agg_vwap=24
count=13
close=12
taker_buy_volume=11
open=6
agg_volume=3
taker_buy_quote_volume=2
quote_volume=1

parameters:
[boosting: gbdt]
[objective: multiclass]
[metric: multi_logloss]
[tree_learner: serial]
[device_type: cpu]
[data_sample_strategy: bagging]
[data: ]
[valid: ]
[num_iterations: 200]
[learning_rate: 0.05]
[num_leaves: 31]
[num_threads: -1]
[seed: 42]
[deterministic: 0]
[force_col_wise: 0]
[force_row_wise: 0]
[histogram_pool_size: -1]
[max_depth: 6]
[min_data_in_leaf: 20]
[min_sum_hessian_in_leaf: 0.001]
[bagging_fraction: 1]
[pos_bagging_fraction: 1]
[neg_bagging_fraction: 1]
[bagging_freq: 0]
[bagging_seed: 400]
[bagging_by_query: 0]
[feature_fraction: 1]
[feature_fraction_bynode: 1]
[feature_fraction_seed: 30056]
[extra_trees: 0]
[extra_seed: 12879]
[early_stopping_round: 0]
[early_stopping_min_delta: 0]
[first_metric_only: 0]
[max_delta_step: 0]
[lambda_l1: 0]
[lambda_l2: 0]
[linear_lambda: 0]
[min_gain_to_split: 0]
[drop_rate: 0.1]
[max_drop: 50]
[skip_drop: 0.5]
[xgboost_dart_mode: 0]
[uniform_drop: 0]
[drop_seed: 17869]
[top_rate: 0.2]
[other_rate: 0.1]
[min_data_per_group: 100]
[max_cat_threshold: 32]
[cat_l2: 10]
[cat_smooth: 10]
[max_cat_to_onehot: 4]
[top_k: 20]
[monotone_constraints: ]
[monotone_constraints_method: basic]
[monotone_penalty: 0]
[feature_contri: ]
[forcedsplits_filename: ]
[refit_decay_rate: 0.9]
[cegb_tradeoff: 1]
[cegb_penalty_split: 0]
[cegb_penalty_feature_lazy: ]
[cegb_penalty_feature_coupled: ]
[path_smooth: 0]
[interaction_constraints: ]
[verbosity: -1]
[saved_feature_importance_type: 0]
[use_quantized_grad: 0]
[num_grad_quant_bins: 4]
[quant_train_renew_leaf: 0]
[stochastic_rounding: 1]
[linear_tree: 0]
[max_bin: 255]
[max_bin_by_feature: ]
[min_data_in_bin: 3]
[bin_construct_sample_cnt: 200000]
[data_random_seed: 175]
[is_enable_sparse: 1]
[enable_bundle: 1]
[use_missing: 1]
[zero_as_missing: 0]
[feature_pre_filter: 1]
[pre_partition: 0]
[two_round: 0]
[header: 0]
[label_column: ]
[weight_column: ]
[group_column: ]
[ignore_column: ]
[categorical_feature: ]
[forcedbins_filename: ]
[precise_float_parser: 0]
[parser_config_file: ]
[objective_seed: 16083]
[num_class: 3]
[is_unbalance: 0]
[scale_pos_weight: 1]
[sigmoid: 1]
[boost_from_average: 1]
[reg_sqrt: 0]
[alpha: 0.9]
[fair_c: 1]
[poisson_max_delta_step: 0.7]
[tweedie_variance_power: 1.5]
[lambdarank_truncation_level: 30]
[lambdarank_norm: 1]
[label_gain: ]
[lambdarank_position_bias_regularization: 0]
[eval_at: ]
[multi_error_top_k: 1]
[auc_mu_weights: ]
[num_machines: 1]
[local_listen_port: 12400]
[time_out: 120]
[machine_list_filename: ]
[machines: ]
[gpu_platform_id: -1]
[gpu_device_id: -1]
[gpu_use_dp: 0]
[num_gpu: 1]

end of parameters

pandas_categorical:[]
